employee_id,age,gender,marital_status,salary,employment_type,region,has_dependents,tenure_years,enrolled
18895,41,Male,Married,48878.18,Full-time,West,Yes,5.3,1
18675,52,Female,Married,53258.61,Full-time,South,Yes,4.9,1
12387,36,Female,Divorced,70308.46,Full-time,South,Yes,0.8,1
16078,23,Female,Single,71843.69,Full-time,Northeast,No,2.8,0
16944,47,Other,Divorced,55029.67,Part-time,South,No,2.0,0
14719,38,Female,Single,57968.44,Contract,Midwest,Yes,5.1,0
18526,33,Male,Single,81786.87,Full-time,Midwest,No,2.4,1
13226,63,Male,Divorced,49995.79,Full-time,Midwest,No,2.3,0
14127,53,Female,Divorced,85141.12,Full-time,Midwest,No,3.1,1
13829,28,Male,Married,75342.35,Part-time,West,Yes,3.2,0
11586,27,Female,Married,50778.29,Part-time,Midwest,No,0.4,0
18547,36,Female,Married,73234.77,Contract,Northeast,No,6.5,0
14099,23,Male,Single,59656.3,Full-time,Midwest,Yes,6.6,0
17167,56,Female,Single,62438.55,Contract,Midwest,No,1.2,0
14951,63,Female,Single,72990.6,Part-time,Midwest,No,2.8,0
18562,59,Male,Single,84543.29,Part-time,Northeast,Yes,3.2,1
13449,33,Male,Single,57706.92,Full-time,Midwest,No,3.3,0
16751,44,Female,Single,85772.58,Full-time,Northeast,Yes,2.5,1
10519,34,Male,Married,52665.53,Part-time,South,Yes,1.3,0
19286,40,Male,Married,51842.38,Full-time,Midwest,Yes,3.8,1
12116,59,Female,Married,42514.03,Full-time,South,Yes,3.1,1
13542,59,Female,Married,75529.35,Full-time,South,Yes,10.0,1
14102,22,Female,Married,69015.71,Full-time,Midwest,Yes,4.7,1
13979,61,Male,Married,85998.83,Full-time,South,No,0.5,1
14425,37,Male,Single,57590.29,Full-time,West,Yes,7.6,1
12924,27,Female,Married,78966.3,Full-time,South,Yes,1.6,1
15424,30,Female,Single,55301.01,Full-time,West,Yes,0.9,0
12059,30,Female,Divorced,71514.17,Part-time,Northeast,No,4.4,0
15614,47,Female,Married,54419.46,Full-time,Midwest,No,1.3,0
18590,32,Male,Divorced,72513.79,Part-time,Midwest,No,1.0,0
15469,54,Female,Married,48099.37,Full-time,Midwest,Yes,1.2,1
16834,62,Male,Married,42908.21,Part-time,Midwest,No,5.9,0
10873,23,Male,Married,72259.84,Full-time,South,No,3.2,0
13624,29,Female,Married,66855.68,Full-time,Midwest,No,23.7,0
16707,63,Male,Married,58537.1,Contract,Northeast,Yes,15.6,0
17249,59,Male,Married,84001.62,Full-time,Northeast,No,4.2,1
17368,51,Male,Divorced,73006.37,Full-time,West,No,11.0,1
16084,27,Male,Married,72957.54,Full-time,Northeast,Yes,2.5,1
18748,47,Male,Married,33515.39,Full-time,West,Yes,3.0,1
11152,44,Male,Single,60038.91,Part-time,Northeast,Yes,4.7,1
11758,40,Female,Single,71494.49,Part-time,Midwest,No,1.2,0
11262,50,Male,Married,57126.38,Full-time,South,Yes,2.6,1
12011,36,Female,Single,82136.07,Contract,West,No,1.8,0
18994,64,Female,Single,99496.67,Full-time,Midwest,Yes,7.7,1
16454,55,Female,Single,60418.69,Full-time,South,Yes,3.3,1
11096,64,Male,Single,51426.2,Full-time,West,No,6.9,0
10374,27,Male,Single,63417.06,Part-time,Midwest,Yes,3.3,0
19925,53,Other,Married,51679.56,Full-time,West,Yes,25.2,1
17188,36,Male,Married,62707.51,Part-time,West,Yes,0.8,1
13478,40,Male,Married,69291.14,Full-time,West,Yes,2.0,1
16049,51,Female,Single,75477.97,Part-time,Northeast,Yes,2.1,1
10061,39,Female,Divorced,80315.69,Full-time,Midwest,Yes,8.8,1
14405,36,Female,Single,34564.68,Full-time,West,No,6.1,0
12496,50,Male,Single,39230.64,Full-time,Midwest,No,0.9,0
17341,39,Male,Divorced,85094.2,Full-time,Midwest,Yes,6.9,1
10968,36,Female,Widowed,69266.79,Full-time,Midwest,Yes,2.4,1
17166,29,Female,Single,56353.24,Full-time,West,Yes,5.9,0
14083,56,Female,Single,60883.1,Full-time,South,Yes,2.7,1
12888,36,Female,Single,44680.92,Full-time,Midwest,Yes,0.0,1
13995,29,Female,Married,88094.52,Full-time,West,Yes,1.7,1
13383,52,Male,Married,35675.62,Full-time,Northeast,No,5.9,0
17335,29,Other,Divorced,59647.54,Full-time,West,Yes,9.2,0
19117,57,Female,Single,74944.19,Full-time,South,No,4.9,1
17583,28,Female,Single,54255.8,Contract,West,No,0.3,0
13433,31,Male,Married,53707.43,Contract,South,Yes,1.8,0
16733,27,Female,Married,79081.16,Full-time,West,No,4.6,0
17121,39,Female,Married,48469.6,Contract,South,No,0.6,0
11832,57,Male,Single,49226.49,Full-time,Northeast,No,0.2,0
11033,47,Female,Married,68372.74,Full-time,West,No,4.1,1
12802,39,Female,Single,65957.94,Full-time,West,Yes,1.1,1
13074,42,Male,Divorced,48321.7,Contract,Midwest,No,9.3,0
17149,39,Female,Divorced,75264.11,Full-time,Midwest,Yes,3.2,1
19410,57,Female,Married,46570.34,Full-time,West,No,0.1,0
16088,32,Female,Single,41553.41,Part-time,Midwest,Yes,1.7,0
11645,50,Female,Married,83206.58,Contract,Midwest,No,0.3,0
19620,46,Female,Single,51832.45,Full-time,South,Yes,2.8,1
16778,54,Male,Single,57645.33,Contract,Northeast,No,0.2,0
16326,48,Female,Single,61946.45,Full-time,West,No,8.9,1
14468,49,Male,Married,65559.9,Full-time,Midwest,No,7.1,1
18253,55,Female,Single,66494.84,Contract,Midwest,Yes,7.6,1
15161,63,Male,Single,57025.67,Full-time,South,No,0.8,0
16889,28,Female,Single,102891.24,Part-time,Midwest,Yes,17.0,0
19631,25,Female,Married,54977.1,Full-time,South,No,2.0,0
19099,38,Female,Single,59233.39,Full-time,West,Yes,9.8,1
10976,61,Female,Single,53838.29,Full-time,Northeast,Yes,3.2,1
19751,58,Male,Single,80993.63,Full-time,Northeast,Yes,1.4,1
12896,56,Male,Single,35480.19,Full-time,West,Yes,2.6,1
17022,42,Female,Single,55648.55,Full-time,Northeast,No,7.7,0
10924,45,Female,Married,57588.61,Full-time,South,No,3.2,0
18350,43,Male,Married,76727.95,Full-time,Midwest,No,1.1,1
14317,50,Male,Single,69326.4,Full-time,West,Yes,3.3,1
14280,23,Male,Single,48380.08,Part-time,West,No,5.5,0
13585,45,Female,Single,66200.87,Full-time,Northeast,Yes,6.4,1
12925,48,Female,Married,62651.64,Full-time,Northeast,Yes,0.2,1
19383,60,Male,Married,40083.54,Full-time,Northeast,Yes,9.0,1
11172,39,Male,Single,57931.89,Full-time,South,Yes,10.1,1
11051,49,Male,Divorced,56422.08,Full-time,South,No,5.2,0
13708,32,Female,Single,65513.35,Full-time,South,No,0.4,1
10746,41,Female,Single,52317.15,Full-time,Midwest,Yes,2.0,1
10662,39,Male,Divorced,52404.84,Full-time,West,No,2.1,0
10047,49,Female,Married,77703.78,Full-time,West,Yes,2.6,1
12197,57,Female,Married,48365.77,Part-time,Northeast,Yes,3.2,0
10192,54,Female,Married,70555.74,Full-time,South,No,4.7,1
11091,28,Female,Divorced,52133.04,Full-time,Northeast,Yes,8.9,0
10442,31,Female,Single,35674.05,Full-time,Northeast,No,0.9,0
19517,51,Male,Single,67329.91,Part-time,Midwest,Yes,1.5,1
12549,47,Male,Married,92085.01,Full-time,Northeast,No,3.9,1
19639,60,Female,Married,89498.19,Full-time,South,Yes,2.4,1
13401,37,Male,Single,70158.98,Full-time,Midwest,Yes,0.6,1
13304,59,Female,Married,68508.75,Full-time,Midwest,Yes,2.0,1
13892,58,Male,Married,52774.53,Full-time,Northeast,Yes,4.0,1
15484,52,Male,Single,61240.24,Full-time,West,Yes,8.3,1
16861,25,Other,Married,86217.27,Full-time,West,Yes,7.1,1
13582,59,Female,Widowed,74884.52,Full-time,Northeast,No,0.7,1
10287,38,Male,Married,61217.92,Full-time,Northeast,No,0.1,1
13378,30,Female,Single,80032.41,Full-time,Northeast,No,4.3,0
10064,31,Male,Divorced,53910.54,Part-time,West,Yes,1.1,0
18901,43,Male,Married,86143.9,Full-time,West,Yes,3.3,1
11934,62,Male,Married,62505.41,Full-time,Northeast,Yes,5.9,1
11394,51,Female,Single,50273.11,Full-time,West,Yes,0.5,1
11333,28,Female,Single,58138.1,Full-time,West,Yes,4.2,0
17054,49,Female,Single,68460.67,Full-time,Northeast,Yes,3.8,1
19583,30,Female,Married,56527.08,Part-time,West,Yes,1.5,0
17835,31,Male,Married,73725.84,Full-time,Northeast,Yes,6.8,1
17225,31,Female,Single,61301.48,Full-time,West,Yes,0.2,1
13952,36,Male,Single,54719.37,Full-time,Northeast,No,7.1,0
16095,45,Female,Single,74565.99,Part-time,West,Yes,2.5,1
15505,54,Female,Married,49786.73,Full-time,South,No,11.3,0
12603,57,Male,Married,67006.17,Full-time,West,No,11.3,1
10199,53,Female,Single,78309.45,Full-time,Northeast,Yes,7.4,1
11067,22,Female,Widowed,29789.07,Full-time,Midwest,No,4.7,0
16554,28,Male,Single,54065.39,Full-time,West,Yes,21.3,0
18795,45,Male,Married,51378.32,Full-time,Northeast,Yes,8.3,1
11035,33,Male,Married,48135.01,Full-time,Midwest,Yes,9.5,1
10325,24,Male,Married,57354.55,Full-time,Midwest,No,0.7,0
12927,48,Male,Single,57381.69,Full-time,South,No,0.8,0
15386,64,Male,Married,59484.54,Full-time,Midwest,No,0.9,0
15988,37,Male,Single,77157.29,Full-time,West,Yes,0.1,1
12966,35,Female,Single,65881.64,Full-time,Midwest,Yes,6.5,1
18995,31,Male,Married,48801.27,Full-time,Northeast,No,10.9,0
16893,31,Female,Married,61845.98,Contract,Northeast,No,0.2,0
16660,56,Female,Single,80531.56,Part-time,Midwest,Yes,1.6,1
16882,63,Other,Married,77891.15,Full-time,Midwest,Yes,8.8,1
15721,29,Female,Single,71235.7,Full-time,South,Yes,1.7,1
12718,54,Male,Married,45576.5,Full-time,West,Yes,10.4,1
10807,35,Other,Single,78828.35,Full-time,South,No,2.2,1
16585,32,Other,Single,74547.87,Full-time,Northeast,Yes,2.2,1
17003,23,Other,Married,64157.87,Full-time,Midwest,No,14.8,0
16253,61,Female,Single,68755.43,Full-time,Northeast,Yes,2.6,1
11059,32,Female,Single,70626.31,Full-time,South,Yes,1.8,1
10577,57,Male,Married,70382.67,Full-time,West,No,3.1,1
19030,55,Male,Married,70931.36,Part-time,Northeast,Yes,4.5,1
10033,24,Male,Married,39655.9,Full-time,South,No,1.5,0
11048,58,Male,Married,63066.2,Full-time,South,Yes,0.3,1
14577,35,Male,Single,72429.36,Full-time,West,No,7.4,1
14990,36,Male,Widowed,91479.05,Full-time,South,Yes,0.7,1
12276,34,Male,Widowed,59609.04,Full-time,Northeast,No,1.0,0
18168,41,Female,Married,63155.73,Full-time,South,Yes,9.6,1
14631,64,Female,Single,65266.83,Contract,Northeast,No,5.2,0
19653,55,Male,Married,62505.89,Part-time,West,Yes,2.9,1
10593,62,Male,Married,47812.38,Full-time,South,Yes,13.9,1
15655,44,Male,Divorced,52827.02,Part-time,West,No,2.0,0
18011,63,Female,Divorced,79951.12,Part-time,West,Yes,3.0,1
19801,46,Male,Single,51805.32,Full-time,Northeast,No,3.0,0
19056,58,Female,Single,48979.61,Full-time,Northeast,No,8.8,0
11976,56,Male,Single,78156.52,Full-time,Midwest,Yes,4.5,1
18305,63,Other,Single,80847.52,Full-time,West,Yes,0.7,1
13961,61,Female,Single,66096.38,Part-time,West,Yes,6.0,1
13485,36,Female,Single,63270.55,Full-time,West,Yes,1.0,1
18584,29,Male,Widowed,54714.51,Full-time,Midwest,Yes,1.2,0
16423,59,Male,Married,53088.47,Part-time,Northeast,Yes,1.0,0
15793,50,Female,Single,58331.39,Full-time,West,Yes,1.0,1
11883,55,Male,Divorced,78235.5,Full-time,West,Yes,5.2,1
19007,40,Female,Married,48946.32,Part-time,West,Yes,2.9,0
14009,33,Female,Married,59692.25,Full-time,Northeast,No,4.7,0
18030,39,Female,Married,73727.28,Full-time,South,No,12.3,1
16937,47,Female,Single,70697.47,Full-time,Midwest,Yes,5.4,1
17049,37,Male,Divorced,44112.97,Part-time,South,Yes,6.6,0
15412,41,Male,Married,57770.83,Full-time,West,Yes,2.0,1
12479,62,Male,Married,96036.33,Full-time,Midwest,Yes,2.2,1
13434,57,Female,Married,100168.8,Contract,West,No,3.5,0
16994,39,Female,Married,70377.2,Full-time,Northeast,No,1.9,1
13398,38,Female,Single,50821.41,Full-time,Northeast,Yes,0.3,1
18399,32,Female,Married,66483.9,Full-time,West,Yes,5.6,1
13477,64,Female,Widowed,75593.44,Full-time,Midwest,Yes,6.6,1
16290,45,Female,Single,59934.15,Part-time,South,Yes,1.3,0
12668,28,Female,Married,90528.42,Full-time,South,Yes,3.1,1
14578,32,Female,Married,63848.87,Full-time,South,Yes,0.7,1
13988,41,Female,Married,59198.37,Part-time,Northeast,No,0.0,0
16064,60,Female,Single,62358.98,Full-time,South,Yes,3.1,1
15636,50,Male,Single,54597.38,Full-time,West,No,8.7,0
11856,58,Female,Single,71860.98,Full-time,West,Yes,0.7,1
17763,64,Female,Married,57668.7,Full-time,West,No,10.4,0
14198,58,Male,Married,86956.28,Part-time,Northeast,Yes,0.2,1
16613,33,Male,Married,70771.96,Full-time,Northeast,Yes,0.1,1
16432,50,Female,Married,76541.38,Full-time,South,Yes,5.3,1
18556,36,Male,Married,62684.11,Contract,West,Yes,2.1,1
16057,33,Male,Widowed,58413.84,Full-time,Midwest,No,1.4,0
17562,32,Male,Single,54003.02,Part-time,Northeast,Yes,5.9,0
19386,44,Male,Married,70074.49,Part-time,Northeast,No,3.5,0
16415,36,Female,Single,57697.24,Contract,West,Yes,2.7,0
14195,61,Male,Single,64423.03,Full-time,Midwest,Yes,1.7,1
10425,26,Female,Single,77287.07,Full-time,Northeast,No,3.3,0
12126,30,Male,Single,68041.42,Full-time,West,Yes,0.7,1
14924,57,Female,Widowed,73790.36,Full-time,South,No,0.4,1
18602,55,Male,Married,72389.48,Part-time,Midwest,No,2.0,0
18809,32,Male,Married,61310.64,Part-time,Northeast,No,1.0,0
18818,64,Female,Married,62708.13,Full-time,South,Yes,0.4,1
16170,54,Female,Widowed,52395.66,Full-time,South,No,4.1,0
17434,42,Male,Married,67509.28,Contract,Midwest,Yes,4.0,1
15410,37,Male,Widowed,65359.81,Full-time,Midwest,Yes,0.7,1
10894,41,Female,Single,64051.93,Full-time,West,No,8.3,1
12384,29,Male,Widowed,74190.59,Part-time,West,Yes,1.6,0
15245,34,Male,Single,67989.93,Part-time,South,No,3.1,0
10263,59,Male,Married,48048.42,Full-time,Midwest,Yes,1.0,1
17673,27,Female,Divorced,37912.3,Part-time,Northeast,No,0.2,0
11272,45,Male,Single,67577.07,Full-time,Northeast,Yes,2.0,1
17812,44,Female,Married,53599.54,Full-time,South,No,1.8,0
17013,31,Female,Divorced,58040.12,Full-time,South,No,1.6,0
12283,53,Other,Married,57419.18,Full-time,South,Yes,7.7,1
13490,58,Female,Divorced,108368.18,Part-time,West,Yes,7.6,1
11813,59,Female,Single,46933.7,Full-time,South,No,2.6,0
19057,50,Female,Married,36919.63,Full-time,Midwest,Yes,10.4,1
11952,62,Male,Single,75148.71,Full-time,Northeast,No,2.3,1
19982,35,Female,Married,82644.58,Full-time,Midwest,No,4.5,1
18993,39,Male,Widowed,75279.91,Full-time,Midwest,No,3.3,1
10384,53,Male,Married,54843.08,Full-time,Midwest,No,14.4,0
12762,36,Female,Single,49950.66,Full-time,Northeast,Yes,2.9,1
15339,63,Male,Married,84135.23,Contract,Midwest,No,5.6,0
16421,37,Female,Single,76474.96,Full-time,South,Yes,2.8,1
16486,62,Male,Married,83672.56,Part-time,Midwest,No,0.4,0
15180,62,Male,Married,75136.21,Part-time,South,Yes,3.0,1
13272,45,Female,Single,92374.48,Full-time,Midwest,No,7.2,1
13368,61,Female,Single,77264.69,Part-time,South,Yes,0.8,1
15290,41,Female,Divorced,67666.87,Full-time,Midwest,No,0.0,1
17310,28,Male,Single,60651.28,Full-time,Northeast,Yes,1.5,1
17232,23,Female,Married,39072.69,Full-time,Northeast,Yes,2.9,0
15249,47,Female,Single,50708.2,Full-time,West,No,2.8,0
15083,27,Female,Married,73991.67,Full-time,Northeast,No,0.6,0
19496,52,Male,Married,92866.43,Full-time,South,Yes,4.7,1
10628,59,Male,Single,34985.1,Full-time,Northeast,Yes,0.8,1
12262,46,Female,Married,55084.92,Full-time,Midwest,Yes,0.2,1
16158,61,Male,Married,72501.26,Full-time,South,No,2.5,1
12141,29,Female,Single,73627.96,Full-time,Northeast,Yes,3.2,1
15393,23,Male,Married,77086.76,Full-time,Northeast,No,2.4,0
11116,53,Female,Single,64119.63,Full-time,South,Yes,1.9,1
10485,62,Male,Widowed,55808.04,Full-time,Midwest,No,2.6,0
10405,53,Male,Married,67037.87,Full-time,South,No,2.7,1
15699,60,Female,Married,70836.72,Full-time,Northeast,Yes,5.7,1
18798,56,Female,Single,64556.6,Full-time,West,No,1.8,1
14400,23,Female,Married,43742.22,Full-time,Midwest,No,5.1,0
11954,40,Male,Single,55988.11,Part-time,Northeast,Yes,2.2,0
19711,32,Male,Married,63709.99,Full-time,Northeast,No,1.3,1
15974,24,Female,Married,57098.91,Full-time,South,Yes,2.9,0
10319,56,Female,Married,73464.13,Full-time,West,No,1.2,1
11596,38,Female,Single,60969.54,Full-time,Northeast,Yes,0.4,1
18502,42,Male,Married,55262.79,Contract,Midwest,Yes,0.1,0
13596,38,Male,Single,69708.9,Full-time,South,Yes,11.4,1
16969,51,Female,Single,77357.81,Part-time,South,Yes,1.2,1
13837,44,Female,Divorced,67035.78,Full-time,Midwest,No,0.5,1
13524,62,Male,Married,60317.9,Full-time,Midwest,Yes,3.9,1
11199,30,Male,Divorced,56385.29,Full-time,Northeast,Yes,0.7,0
19039,35,Female,Married,71679.01,Contract,Midwest,Yes,1.7,1
16635,64,Male,Married,66798.89,Full-time,Northeast,No,0.3,1
17388,50,Male,Married,68458.23,Contract,West,No,0.8,0
14343,64,Male,Married,78677.89,Full-time,South,No,1.0,1
12118,53,Female,Single,56262.99,Full-time,Northeast,No,8.4,0
11798,42,Female,Single,91841.05,Full-time,South,No,2.2,1
17455,59,Male,Single,54499.39,Full-time,Northeast,Yes,0.7,1
18948,63,Male,Single,48947.29,Full-time,West,No,3.4,0
16151,30,Male,Married,59441.13,Full-time,Midwest,No,2.5,0
17661,26,Male,Single,66586.47,Part-time,South,Yes,12.1,0
11993,26,Female,Single,68004.45,Full-time,South,Yes,0.7,1
13797,35,Male,Single,50305.16,Full-time,Midwest,Yes,1.6,1
15582,49,Male,Divorced,59819.42,Full-time,Northeast,Yes,7.4,1
13675,45,Female,Single,48729.11,Full-time,South,Yes,0.5,1
15518,30,Male,Single,96612.6,Part-time,Midwest,Yes,0.4,0
16405,54,Female,Married,70963.42,Full-time,West,Yes,0.6,1
11343,30,Male,Single,54995.9,Full-time,South,Yes,1.3,0
13011,47,Female,Single,62356.81,Full-time,West,Yes,5.4,1
19882,44,Male,Married,56576.93,Full-time,Midwest,No,1.1,0
10585,40,Female,Married,54785.97,Full-time,Midwest,No,3.6,0
12552,35,Female,Single,69573.27,Full-time,Midwest,Yes,6.2,1
17060,40,Female,Single,70703.38,Full-time,Northeast,Yes,13.2,1
13320,30,Male,Married,85174.2,Full-time,Midwest,Yes,2.0,1
17078,44,Female,Married,68126.32,Full-time,South,Yes,6.1,1
18862,64,Male,Divorced,49102.83,Full-time,Midwest,Yes,12.4,1
14202,55,Male,Single,100032.81,Part-time,Midwest,Yes,11.7,1
17007,63,Female,Single,67151.87,Full-time,South,Yes,1.7,1
11408,22,Male,Married,70401.53,Full-time,South,No,1.8,0
13319,56,Male,Single,79831.64,Part-time,South,Yes,3.0,1
12601,59,Male,Married,67454.31,Full-time,Midwest,Yes,1.9,1
10187,23,Female,Married,71582.57,Part-time,South,Yes,2.3,0
18428,41,Male,Married,96974.11,Part-time,West,No,4.8,0
13058,29,Female,Married,78620.73,Full-time,Midwest,Yes,3.0,1
17227,33,Male,Widowed,77849.01,Full-time,West,Yes,11.8,1
11290,38,Male,Divorced,46125.55,Part-time,South,No,0.1,0
10239,63,Male,Married,69479.29,Full-time,Northeast,No,5.6,1
16029,38,Male,Married,61084.64,Full-time,West,No,36.0,1
12339,31,Female,Single,50834.61,Full-time,West,Yes,2.8,1
13577,35,Male,Single,63557.42,Full-time,Northeast,Yes,1.8,1
16227,50,Female,Single,78309.74,Contract,West,No,1.6,0
16800,34,Male,Married,68684.13,Full-time,West,Yes,2.7,1
11494,24,Female,Married,60759.05,Full-time,Midwest,Yes,2.6,1
19260,32,Female,Married,72442.7,Full-time,South,Yes,4.2,1
16617,35,Male,Married,78274.08,Contract,West,Yes,1.4,1
18875,62,Male,Single,84713.31,Full-time,Northeast,Yes,1.5,1
12122,58,Female,Widowed,21608.91,Part-time,Midwest,Yes,1.3,0
17011,26,Male,Divorced,60457.89,Full-time,South,No,0.4,0
17231,34,Female,Married,47943.76,Contract,Northeast,Yes,3.7,0
18774,49,Female,Single,48253.54,Full-time,Northeast,No,3.0,0
12541,48,Male,Divorced,70303.35,Full-time,Northeast,Yes,1.2,1
16659,45,Male,Married,37245.95,Full-time,South,Yes,0.5,1
17446,52,Female,Widowed,70276.57,Part-time,Midwest,No,0.9,0
16584,47,Male,Married,82780.24,Full-time,West,No,6.0,1
13221,48,Female,Single,29626.43,Full-time,Northeast,Yes,8.5,1
16259,64,Female,Married,62962.18,Full-time,South,Yes,1.8,1
13278,49,Female,Single,66510.2,Full-time,Northeast,No,6.2,1
18698,29,Female,Single,70529.91,Full-time,West,Yes,0.2,1
17418,31,Male,Single,43395.74,Full-time,Midwest,Yes,0.1,1
13801,41,Male,Single,70426.42,Full-time,Northeast,Yes,0.9,1
19591,30,Female,Single,61494.5,Full-time,West,Yes,1.2,1
17469,50,Male,Widowed,69272.82,Full-time,West,Yes,8.5,1
17704,63,Female,Married,53569.58,Contract,South,No,2.1,0
14058,33,Female,Single,78909.5,Part-time,Northeast,No,18.7,0
17690,46,Male,Married,91872.69,Full-time,South,Yes,2.0,1
10147,43,Female,Married,40148.92,Full-time,West,Yes,0.5,1
13429,38,Female,Married,34301.71,Part-time,Midwest,No,4.0,0
11585,54,Male,Divorced,68011.97,Part-time,Midwest,No,0.4,0
16874,26,Male,Married,77128.58,Full-time,South,Yes,0.6,1
11765,31,Female,Divorced,63980.15,Full-time,Northeast,Yes,3.5,1
10432,57,Male,Single,70295.12,Full-time,South,No,5.8,1
16017,51,Male,Married,46558.09,Full-time,South,No,2.0,0
19161,27,Female,Widowed,49367.6,Full-time,Northeast,Yes,1.1,0
10601,59,Male,Married,87062.34,Full-time,South,Yes,7.3,1
10930,35,Male,Single,82609.18,Full-time,South,Yes,6.4,1
10504,45,Female,Married,75618.59,Full-time,Northeast,Yes,8.8,1
14987,54,Female,Married,59125.38,Part-time,Midwest,Yes,0.7,0
15065,56,Male,Single,66614.22,Part-time,Northeast,No,4.6,0
15496,62,Female,Married,78345.65,Part-time,Northeast,Yes,4.1,1
19354,43,Male,Widowed,98864.31,Full-time,South,No,2.5,1
12317,60,Female,Married,67928.38,Full-time,Northeast,Yes,2.8,1
17419,26,Female,Married,59478.66,Part-time,West,No,1.9,0
19873,51,Female,Single,60270.09,Full-time,South,Yes,4.2,1
17680,60,Female,Married,76865.35,Full-time,Midwest,Yes,1.1,1
14476,60,Other,Married,67841.28,Full-time,West,Yes,6.0,1
14084,23,Male,Divorced,40985.74,Full-time,Northeast,No,0.7,0
17101,57,Male,Divorced,65990.92,Full-time,Northeast,No,3.5,1
10616,36,Female,Widowed,55069.2,Full-time,Northeast,Yes,5.8,1
18379,64,Female,Married,73754.75,Full-time,West,Yes,1.2,1
11198,51,Female,Married,49653.45,Contract,Midwest,Yes,6.0,0
18328,39,Female,Married,75521.43,Full-time,South,No,1.4,1
14232,25,Female,Divorced,48073.32,Part-time,Northeast,Yes,7.8,0
13491,38,Male,Single,51834.07,Full-time,West,No,0.4,0
17938,33,Female,Married,62236.59,Full-time,West,Yes,1.3,1
11830,61,Female,Married,66059.42,Part-time,Midwest,No,6.8,0
12054,42,Other,Divorced,60959.69,Contract,West,Yes,3.7,1
18804,38,Male,Married,77593.07,Part-time,West,No,1.9,0
17968,58,Female,Single,52861.39,Contract,Midwest,Yes,0.2,0
15109,56,Female,Married,52136.83,Full-time,West,Yes,1.7,1
10515,38,Female,Single,42402.95,Full-time,Northeast,Yes,2.1,1
12406,38,Male,Divorced,43224.48,Full-time,Midwest,No,1.0,0
14985,43,Male,Widowed,53219.66,Full-time,South,Yes,1.8,1
15606,61,Male,Married,64442.39,Part-time,Midwest,No,10.6,0
18504,58,Male,Married,53601.05,Full-time,South,No,0.8,0
18967,43,Male,Single,49419.83,Full-time,South,Yes,19.7,1
19293,34,Male,Single,75251.19,Full-time,South,No,5.9,1
11424,46,Male,Single,69649.32,Full-time,Midwest,Yes,3.9,1
16860,51,Male,Married,34632.96,Part-time,Midwest,No,4.1,0
17498,50,Male,Married,64891.12,Full-time,West,No,3.6,1
19156,51,Male,Single,93075.37,Full-time,West,Yes,1.2,1
11506,49,Female,Divorced,69015.21,Full-time,Northeast,Yes,2.0,1
10300,51,Male,Widowed,85511.44,Full-time,South,No,11.2,1
12345,42,Male,Married,82368.15,Full-time,South,No,3.6,1
13967,45,Female,Single,67378.3,Full-time,South,No,11.4,1
17706,54,Male,Married,67012.58,Contract,Midwest,No,1.9,0
11731,28,Male,Married,88742.14,Full-time,West,Yes,20.0,1
13723,39,Male,Married,73290.03,Full-time,West,Yes,9.6,1
12789,33,Female,Divorced,61497.94,Full-time,South,Yes,2.1,1
18493,58,Female,Married,77778.59,Full-time,West,No,2.3,1
11474,26,Male,Married,71821.99,Full-time,Midwest,Yes,2.9,1
17470,30,Male,Single,77207.09,Full-time,Northeast,Yes,0.4,1
15287,58,Female,Divorced,68663.87,Full-time,West,No,9.1,1
12995,30,Female,Single,47904.12,Full-time,Midwest,Yes,6.6,0
14938,25,Male,Divorced,47617.78,Full-time,West,Yes,7.3,0
15923,27,Female,Married,55703.19,Full-time,Northeast,No,4.4,0
11717,24,Male,Widowed,51550.06,Part-time,South,No,3.2,0
13733,38,Male,Married,63458.11,Full-time,West,No,1.6,1
12350,53,Female,Married,51081.45,Contract,South,Yes,1.4,0
16162,48,Female,Widowed,67361.47,Contract,West,Yes,3.3,1
17688,39,Male,Married,63389.83,Full-time,Midwest,Yes,3.7,1
13712,49,Male,Married,82834.68,Contract,Northeast,No,4.4,0
12516,50,Male,Married,63198.98,Full-time,South,Yes,3.7,1
11465,24,Male,Married,74704.85,Full-time,Midwest,No,3.2,0
10902,57,Male,Married,60934.25,Part-time,Northeast,Yes,0.3,1
15078,55,Male,Married,56720.88,Full-time,Midwest,No,5.0,0
17747,27,Female,Divorced,53237.12,Part-time,Northeast,Yes,1.8,0
13259,22,Female,Married,70876.89,Full-time,Midwest,No,0.1,0
16238,25,Female,Married,70107.99,Full-time,West,Yes,2.8,1
15572,64,Male,Married,67145.34,Contract,West,Yes,5.4,1
14230,40,Male,Married,66575.11,Full-time,Midwest,Yes,3.0,1
12214,56,Male,Married,47556.7,Full-time,South,No,2.7,0
10889,47,Male,Single,60949.31,Full-time,Midwest,No,1.9,1
10559,34,Male,Single,78976.66,Full-time,South,Yes,4.2,1
15939,44,Male,Divorced,81088.2,Full-time,Midwest,Yes,0.2,1
15692,50,Male,Married,59493.19,Full-time,West,Yes,0.3,1
14512,54,Male,Divorced,76320.19,Full-time,Northeast,Yes,7.5,1
15950,30,Female,Married,78001.82,Full-time,Midwest,No,0.8,0
17281,24,Female,Married,81540.57,Part-time,West,Yes,3.7,0
19569,54,Female,Married,61271.21,Part-time,Northeast,No,4.0,0
17108,33,Male,Single,53434.86,Full-time,Northeast,Yes,2.3,1
16927,49,Male,Single,73022.83,Full-time,Midwest,No,2.1,1
13467,44,Female,Married,51357.81,Full-time,Northeast,Yes,0.5,1
10610,56,Female,Married,55224.73,Contract,Midwest,No,1.6,0
14962,48,Female,Married,42852.77,Part-time,South,Yes,1.2,0
19342,54,Male,Married,61726.14,Part-time,Midwest,Yes,3.3,1
19726,52,Female,Married,62845.58,Full-time,South,No,0.6,1
11561,25,Female,Married,73734.59,Part-time,West,Yes,6.2,0
18727,27,Female,Married,73415.92,Full-time,Midwest,No,0.2,0
19712,31,Male,Single,57216.68,Contract,West,Yes,11.8,0
19794,22,Male,Single,67951.93,Full-time,Northeast,No,10.0,0
13334,53,Female,Married,69877.39,Full-time,Northeast,Yes,0.4,1
16455,51,Female,Married,52531.18,Full-time,Northeast,Yes,0.5,1
15303,44,Female,Married,55386.29,Full-time,Northeast,Yes,12.6,1
10400,30,Female,Married,74374.45,Full-time,West,Yes,1.7,1
13652,53,Female,Single,55562.76,Full-time,West,No,3.3,0
19434,26,Female,Divorced,61926.19,Part-time,Midwest,Yes,8.7,0
14667,32,Other,Single,73937.56,Full-time,Northeast,Yes,4.6,1
17626,47,Male,Single,46763.41,Full-time,Midwest,No,5.3,0
12821,53,Other,Single,61262.63,Full-time,Northeast,Yes,0.6,1
15976,54,Female,Single,82573.39,Full-time,Midwest,No,8.4,1
12303,56,Other,Married,57192.55,Full-time,West,No,13.7,0
16667,62,Female,Divorced,47782.42,Full-time,Midwest,Yes,5.9,1
13174,36,Other,Single,49457.95,Full-time,Midwest,Yes,1.5,1
12439,35,Female,Single,81591.06,Part-time,South,No,0.1,0
13343,37,Female,Single,49959.35,Full-time,Midwest,No,6.4,0
10031,37,Female,Married,40092.93,Full-time,West,No,0.6,0
13771,48,Female,Divorced,74398.18,Full-time,West,Yes,4.0,1
12349,58,Male,Married,75314.94,Contract,Midwest,Yes,7.2,1
14221,42,Male,Widowed,56971.24,Full-time,West,No,5.3,0
11454,30,Male,Single,87286.26,Full-time,West,Yes,0.3,1
11623,24,Male,Married,59577.85,Part-time,West,No,4.3,0
14697,58,Female,Married,64722.15,Full-time,Midwest,Yes,2.2,1
13243,26,Male,Married,27766.27,Full-time,West,Yes,6.9,0
18270,43,Male,Married,54213.33,Contract,South,Yes,4.3,0
15520,27,Male,Single,78682.21,Part-time,South,Yes,3.5,0
12906,24,Female,Married,86156.93,Full-time,West,No,1.8,0
10264,61,Female,Single,47375.04,Part-time,South,Yes,2.1,0
18589,55,Male,Divorced,74060.0,Part-time,South,Yes,0.1,1
15466,57,Male,Single,73792.27,Full-time,West,No,4.5,1
11713,55,Male,Married,86279.77,Part-time,Midwest,No,2.8,0
11405,39,Male,Single,51983.72,Part-time,West,Yes,5.0,0
14404,55,Female,Widowed,75511.51,Full-time,Midwest,No,1.7,1
15752,59,Male,Married,48648.64,Full-time,West,Yes,0.4,1
12985,56,Female,Married,57751.54,Full-time,West,Yes,13.0,1
15371,32,Male,Single,50082.36,Full-time,South,Yes,0.6,1
16347,39,Male,Married,38487.62,Full-time,West,No,0.5,0
11130,59,Male,Single,51984.86,Full-time,Northeast,No,5.2,0
15570,49,Male,Married,40115.47,Full-time,South,Yes,0.1,1
18572,64,Female,Married,63452.13,Part-time,West,No,4.9,0
13755,43,Male,Married,115733.64,Part-time,West,Yes,1.3,1
15820,59,Male,Divorced,87437.58,Part-time,South,Yes,0.7,1
19553,52,Female,Single,65897.57,Part-time,South,No,1.9,0
17520,46,Female,Single,40459.73,Part-time,Midwest,No,7.7,0
18800,33,Female,Married,74770.4,Full-time,Midwest,No,0.6,1
16523,64,Female,Single,55180.52,Part-time,South,Yes,6.1,0
11781,45,Male,Single,67336.65,Full-time,Midwest,No,2.0,1
15475,44,Male,Married,50338.29,Full-time,West,Yes,2.6,1
12938,46,Male,Married,53681.1,Full-time,Midwest,Yes,19.8,1
16589,33,Male,Married,59085.23,Full-time,Northeast,No,6.2,0
10913,34,Male,Single,64262.75,Contract,West,Yes,8.0,1
19238,46,Female,Married,80411.61,Full-time,South,Yes,2.9,1
17556,37,Female,Married,73807.69,Full-time,South,No,3.7,1
19137,33,Female,Single,89694.93,Full-time,Midwest,Yes,0.4,1
17006,53,Male,Divorced,64441.79,Full-time,Northeast,No,0.5,1
10268,56,Female,Married,59120.5,Part-time,West,No,11.9,0
11276,57,Female,Single,48203.15,Part-time,South,No,2.7,0
14816,57,Male,Single,64759.41,Full-time,Midwest,No,12.9,1
12039,31,Female,Married,80429.61,Full-time,Northeast,Yes,0.1,1
17288,60,Male,Single,57888.66,Contract,West,No,0.1,0
10841,55,Male,Married,72936.24,Full-time,West,Yes,0.2,1
16691,55,Male,Single,61822.47,Part-time,West,Yes,1.2,1
12092,49,Female,Single,71334.25,Contract,Midwest,No,0.9,0
16215,52,Female,Married,52442.71,Full-time,Northeast,Yes,8.6,1
15688,53,Female,Married,81940.07,Full-time,Midwest,Yes,9.1,1
14218,22,Female,Single,48883.52,Full-time,Northeast,Yes,1.1,0
12504,52,Female,Single,58632.28,Full-time,Midwest,Yes,5.6,1
10271,39,Female,Single,60141.53,Contract,South,No,5.8,0
13556,49,Male,Single,37797.29,Full-time,West,No,5.8,0
12311,25,Female,Married,59016.18,Full-time,Northeast,No,1.0,0
16124,46,Male,Single,67061.06,Full-time,West,No,2.6,1
14307,64,Female,Divorced,63917.96,Full-time,South,Yes,1.1,1
14661,33,Male,Single,67923.9,Part-time,Midwest,No,1.4,0
19597,34,Female,Married,69038.63,Full-time,West,Yes,5.7,1
15579,44,Female,Married,91659.59,Contract,South,No,11.3,0
14540,53,Male,Single,52216.01,Full-time,West,Yes,14.9,1
11234,55,Male,Widowed,76923.71,Full-time,Midwest,Yes,12.1,1
16292,39,Male,Divorced,72812.2,Full-time,South,No,6.6,1
17465,42,Female,Single,59861.68,Contract,Midwest,Yes,23.8,0
14599,36,Female,Single,73648.13,Part-time,West,Yes,8.1,1
15734,33,Male,Married,72713.12,Full-time,South,No,0.1,1
12284,50,Male,Married,75466.75,Part-time,South,Yes,1.5,1
19947,40,Male,Married,49110.59,Full-time,West,Yes,1.9,1
13932,27,Male,Divorced,53770.09,Contract,Northeast,Yes,6.5,0
14978,46,Male,Single,72357.56,Contract,Northeast,Yes,1.7,1
12644,57,Male,Single,54035.37,Part-time,Midwest,No,0.8,0
10118,35,Female,Single,68144.74,Part-time,Midwest,Yes,8.3,1
11366,44,Female,Divorced,64552.86,Full-time,South,No,1.4,1
17538,22,Other,Married,73105.44,Full-time,Midwest,Yes,13.1,1
14379,39,Female,Single,71423.52,Full-time,Northeast,No,6.4,1
17461,28,Female,Married,64976.21,Full-time,Northeast,No,0.1,0
14831,58,Male,Single,42465.9,Full-time,West,No,6.1,0
17628,38,Male,Married,56701.04,Full-time,South,Yes,1.2,1
15378,23,Female,Single,48274.16,Full-time,Midwest,Yes,1.9,0
10248,58,Male,Single,70533.28,Full-time,South,Yes,1.3,1
13115,54,Male,Married,66682.7,Contract,South,Yes,5.9,1
13305,32,Male,Divorced,74733.48,Full-time,Northeast,No,1.9,1
10623,33,Male,Widowed,60515.34,Full-time,West,Yes,0.2,1
16936,53,Female,Married,46841.62,Full-time,West,No,0.1,0
16332,40,Male,Married,78954.48,Full-time,West,Yes,3.3,1
17138,48,Female,Married,78059.36,Part-time,Northeast,No,3.0,0
15034,52,Male,Single,53324.79,Full-time,Midwest,No,13.2,0
19412,62,Other,Single,45652.74,Full-time,Midwest,No,3.9,0
15879,34,Female,Single,45588.27,Full-time,West,No,2.3,0
14884,38,Male,Widowed,81682.19,Contract,South,Yes,2.2,1
13915,38,Male,Single,57062.04,Full-time,South,No,3.2,0
10645,54,Female,Married,49773.31,Full-time,West,Yes,1.8,1
18797,51,Female,Single,63452.42,Full-time,Midwest,Yes,0.5,1
11933,54,Female,Single,60439.75,Part-time,South,Yes,0.9,1
15594,48,Female,Divorced,72209.91,Full-time,West,No,1.0,1
11604,32,Female,Single,75990.14,Contract,West,Yes,0.7,1
18606,56,Female,Single,73651.76,Full-time,South,No,0.3,1
13664,32,Female,Single,63576.63,Full-time,Northeast,No,2.4,1
18131,45,Male,Married,63687.95,Part-time,Northeast,Yes,0.4,1
10978,27,Female,Married,67732.41,Full-time,West,No,0.3,0
13199,64,Male,Single,74651.8,Full-time,Midwest,Yes,1.1,1
14843,51,Male,Married,57565.83,Full-time,Northeast,Yes,15.6,1
12697,45,Male,Single,58355.14,Full-time,South,Yes,0.8,1
11422,34,Male,Married,33382.87,Full-time,West,Yes,0.6,1
16168,32,Female,Single,61920.37,Full-time,Midwest,No,2.6,1
15735,51,Female,Married,88473.28,Full-time,West,Yes,1.9,1
13662,31,Male,Widowed,97606.39,Full-time,Midwest,Yes,0.2,1
13083,22,Female,Married,68022.42,Part-time,South,No,3.0,0
18343,49,Female,Single,55916.09,Full-time,South,No,1.3,0
10533,26,Male,Divorced,71336.34,Part-time,South,Yes,4.2,0
12243,56,Male,Married,64600.82,Full-time,Northeast,No,0.4,1
19228,50,Male,Married,98269.61,Full-time,West,Yes,0.7,1
18292,60,Female,Single,79252.57,Contract,Midwest,Yes,5.2,1
15817,28,Male,Single,64026.38,Full-time,West,No,2.0,0
18406,58,Male,Married,42079.85,Contract,West,No,1.3,0
18746,57,Female,Married,42213.5,Contract,Midwest,Yes,0.7,0
17977,23,Male,Married,67701.95,Part-time,West,Yes,1.1,0
12056,49,Male,Married,45098.66,Full-time,South,Yes,4.0,1
12885,26,Female,Single,86469.69,Full-time,South,No,6.1,0
15270,33,Female,Married,61121.37,Full-time,South,Yes,9.8,1
11828,26,Female,Widowed,49611.93,Part-time,Midwest,Yes,2.3,0
14612,61,Female,Married,63686.34,Full-time,Midwest,Yes,1.6,1
14864,55,Female,Divorced,81327.39,Full-time,Northeast,No,0.2,1
16466,36,Male,Married,83138.04,Part-time,Midwest,Yes,13.4,1
17105,46,Male,Single,51571.22,Full-time,South,No,3.0,0
18505,64,Male,Married,86122.93,Contract,South,Yes,8.1,1
19396,57,Female,Single,69062.37,Full-time,West,Yes,2.0,1
19465,49,Female,Divorced,66032.05,Full-time,Midwest,Yes,0.4,1
19312,33,Male,Single,96335.14,Full-time,West,Yes,3.8,1
16425,35,Male,Widowed,79832.37,Full-time,Midwest,No,0.1,1
17312,27,Female,Married,49016.39,Contract,South,Yes,7.2,0
17145,31,Female,Married,61569.26,Full-time,West,Yes,1.9,1
16340,50,Female,Single,74860.16,Full-time,South,Yes,1.3,1
12312,25,Male,Married,66532.38,Full-time,West,Yes,3.6,1
18608,39,Male,Single,49935.06,Full-time,West,Yes,4.4,1
10758,52,Female,Married,78957.24,Full-time,Northeast,Yes,0.9,1
13187,28,Male,Married,78708.82,Full-time,South,Yes,9.4,1
10409,37,Female,Married,51425.09,Full-time,West,Yes,1.4,1
15971,35,Female,Married,59328.55,Full-time,South,Yes,3.0,1
13966,25,Male,Married,79203.78,Contract,Northeast,Yes,0.1,0
18815,57,Male,Married,39909.03,Contract,South,Yes,6.4,0
13754,50,Male,Single,44304.77,Part-time,South,Yes,5.5,0
14037,50,Female,Married,65148.14,Full-time,West,No,0.8,1
15691,49,Male,Divorced,74019.13,Full-time,Northeast,No,5.7,1
12426,53,Male,Single,65254.84,Full-time,Northeast,Yes,3.8,1
15826,22,Female,Single,51785.75,Contract,West,Yes,5.5,0
14286,54,Female,Widowed,48390.88,Part-time,Midwest,Yes,4.8,0
11567,38,Male,Single,63876.01,Full-time,Northeast,Yes,4.8,1
16855,60,Male,Single,51301.13,Full-time,West,Yes,1.3,1
13102,39,Other,Married,81423.89,Full-time,Northeast,Yes,1.2,1
17656,63,Male,Married,58921.72,Full-time,South,Yes,11.6,1
15246,25,Female,Married,53454.17,Full-time,Northeast,Yes,8.0,0
19376,33,Female,Married,91722.64,Full-time,West,Yes,1.1,1
18544,52,Other,Married,63970.07,Full-time,West,No,2.8,1
15515,41,Male,Married,59995.42,Part-time,West,Yes,8.8,0
17970,26,Male,Widowed,62769.76,Contract,West,No,2.4,0
19529,49,Male,Single,71387.41,Full-time,Midwest,Yes,11.0,1
12436,24,Male,Married,48499.51,Full-time,Midwest,Yes,3.5,0
16429,36,Female,Single,64741.0,Full-time,South,Yes,8.3,1
11128,49,Female,Single,46922.38,Full-time,Northeast,Yes,5.5,1
15567,34,Female,Single,59695.23,Full-time,South,No,6.7,0
13616,64,Female,Married,89111.49,Full-time,West,Yes,8.4,1
15320,25,Male,Married,54412.38,Full-time,Northeast,No,5.0,0
18334,40,Female,Married,76448.08,Contract,South,No,6.7,0
12727,49,Male,Single,71001.03,Full-time,Midwest,Yes,1.7,1
11545,45,Female,Single,69920.94,Contract,West,Yes,0.7,1
19567,27,Female,Single,46020.07,Full-time,Midwest,No,7.3,0
11348,52,Male,Married,72489.87,Full-time,Northeast,No,1.4,1
12510,64,Female,Single,54526.84,Full-time,South,Yes,3.3,1
15867,45,Male,Married,91393.21,Full-time,Northeast,Yes,5.6,1
10223,41,Female,Married,98587.78,Full-time,West,Yes,0.9,1
15070,34,Male,Married,46919.95,Contract,Midwest,Yes,12.2,0
18437,46,Female,Single,58398.53,Part-time,Northeast,Yes,9.0,0
11760,58,Female,Married,77374.69,Part-time,Northeast,Yes,17.2,1
10575,46,Male,Divorced,65616.6,Full-time,Northeast,Yes,0.3,1
12704,58,Female,Single,40380.88,Full-time,Midwest,Yes,8.0,1
19125,55,Female,Single,25002.68,Full-time,Midwest,Yes,33.2,1
16068,44,Male,Single,58553.67,Full-time,South,No,0.1,0
13750,38,Male,Single,68144.45,Part-time,West,Yes,3.6,1
12222,63,Male,Married,67038.42,Full-time,Northeast,Yes,0.2,1
17838,27,Male,Married,71445.78,Contract,Midwest,No,0.7,0
11902,26,Female,Married,46253.31,Full-time,Midwest,Yes,1.4,0
11337,42,Male,Widowed,77490.72,Full-time,Midwest,Yes,0.1,1
11570,38,Male,Married,61917.91,Part-time,Midwest,Yes,9.2,1
11720,27,Female,Married,80659.04,Full-time,Midwest,No,0.5,0
19790,45,Female,Single,79654.57,Full-time,South,No,9.3,1
13564,64,Female,Married,20967.64,Full-time,Northeast,Yes,0.8,1
13575,38,Male,Single,95574.59,Part-time,West,Yes,9.9,1
10499,56,Female,Married,70862.44,Full-time,Northeast,No,14.5,1
19152,39,Female,Divorced,73246.27,Full-time,West,No,0.9,1
18458,28,Female,Single,83715.66,Full-time,Midwest,No,3.2,0
11046,25,Male,Single,61674.22,Full-time,Midwest,Yes,7.6,1
12163,63,Male,Single,81757.94,Full-time,Midwest,Yes,1.9,1
17964,48,Female,Single,61354.34,Full-time,Midwest,Yes,1.2,1
15440,35,Female,Married,81293.5,Part-time,Midwest,No,8.1,0
11849,29,Male,Single,80487.76,Full-time,West,Yes,1.8,1
10693,35,Female,Married,61285.43,Full-time,South,Yes,2.8,1
10310,51,Female,Single,95729.66,Full-time,South,Yes,4.9,1
10740,50,Male,Married,48351.91,Full-time,South,Yes,5.1,1
18764,41,Male,Single,68954.29,Full-time,Midwest,Yes,3.8,1
13097,48,Female,Single,46641.27,Part-time,Midwest,No,0.0,0
16625,39,Female,Single,68454.56,Full-time,Midwest,Yes,3.5,1
18353,62,Female,Married,47647.46,Full-time,Northeast,Yes,1.3,1
15444,33,Male,Married,65531.55,Full-time,Midwest,No,1.3,1
10918,58,Female,Single,81329.65,Full-time,West,Yes,2.6,1
15975,56,Male,Single,37112.55,Full-time,Midwest,No,5.1,0
13619,28,Male,Married,78369.25,Full-time,West,Yes,0.4,1
12631,27,Male,Single,73926.24,Full-time,Northeast,Yes,0.0,1
16951,28,Female,Single,83098.68,Part-time,South,Yes,0.2,0
19070,31,Female,Married,82644.45,Full-time,Midwest,Yes,14.7,1
19037,62,Male,Married,52293.08,Full-time,West,No,10.0,0
15446,49,Female,Married,55482.45,Full-time,South,Yes,3.9,1
11619,41,Female,Single,50707.64,Full-time,Midwest,No,3.0,0
17705,53,Male,Married,58854.96,Part-time,Northeast,Yes,9.0,0
16652,42,Female,Married,54237.64,Full-time,Midwest,No,3.4,0
16468,49,Male,Single,72350.47,Full-time,South,Yes,18.5,1
14474,43,Female,Married,59768.32,Full-time,West,No,0.1,0
10921,30,Female,Married,71344.02,Full-time,Northeast,No,1.3,0
16507,45,Female,Single,61710.56,Full-time,Midwest,Yes,0.8,1
14824,48,Male,Single,71114.68,Full-time,Midwest,Yes,1.0,1
13880,24,Female,Single,64693.97,Full-time,Northeast,No,1.7,0
14789,53,Male,Single,52615.51,Part-time,Northeast,Yes,1.8,0
15195,30,Male,Single,72980.73,Part-time,Midwest,Yes,1.0,0
12097,30,Male,Widowed,65705.94,Full-time,Northeast,Yes,0.5,1
10546,26,Female,Married,91468.03,Full-time,Midwest,Yes,2.8,1
18945,53,Male,Married,93148.9,Full-time,West,No,12.3,1
12247,39,Male,Single,75638.22,Full-time,West,Yes,7.0,1
16500,51,Female,Single,43239.64,Full-time,South,Yes,2.0,1
13451,35,Male,Divorced,78602.58,Full-time,Midwest,Yes,7.9,1
18929,38,Male,Married,71650.96,Full-time,Northeast,Yes,3.1,1
16858,44,Male,Married,65170.21,Contract,South,Yes,1.2,1
17491,35,Female,Married,67701.21,Full-time,West,No,2.1,1
17406,56,Female,Married,45859.14,Full-time,West,Yes,2.7,1
11411,36,Female,Married,63619.55,Full-time,West,Yes,4.0,1
14559,64,Female,Widowed,52046.38,Contract,South,Yes,0.7,0
17784,63,Female,Single,54718.05,Full-time,South,Yes,2.0,1
12177,61,Male,Married,72953.11,Part-time,Midwest,Yes,0.6,1
19811,52,Female,Divorced,70392.5,Full-time,West,No,0.1,1
18087,37,Male,Single,39344.85,Full-time,South,Yes,3.3,1
10256,41,Female,Married,71667.71,Full-time,Midwest,Yes,1.0,1
13182,45,Male,Single,66483.95,Part-time,West,No,1.6,0
18033,47,Male,Single,59296.36,Full-time,Midwest,No,1.0,0
16306,28,Other,Married,72343.18,Full-time,South,Yes,2.1,1
13344,33,Male,Married,73793.34,Full-time,South,Yes,0.6,1
14915,25,Male,Single,82301.82,Full-time,Northeast,Yes,3.2,1
11606,23,Male,Married,49131.34,Part-time,Northeast,Yes,1.6,0
13885,59,Female,Divorced,74190.47,Contract,West,Yes,3.4,1
10900,58,Female,Single,63250.26,Full-time,South,No,7.4,1
13483,57,Female,Divorced,65702.69,Full-time,West,Yes,7.0,1
18357,33,Male,Married,62807.33,Full-time,West,No,2.1,1
10805,49,Male,Married,65321.21,Full-time,Northeast,Yes,1.1,1
13469,29,Male,Married,75836.12,Part-time,West,Yes,1.0,0
14856,52,Female,Married,42311.13,Contract,West,Yes,0.6,0
10455,41,Male,Divorced,58441.13,Full-time,Midwest,Yes,5.7,1
12156,43,Male,Married,56817.73,Part-time,Northeast,No,2.9,0
17888,23,Male,Single,63792.35,Part-time,South,No,1.3,0
13249,44,Female,Single,47392.73,Full-time,Northeast,Yes,1.5,1
14605,50,Female,Single,70839.18,Full-time,West,No,0.1,1
19897,40,Male,Married,92832.05,Full-time,Northeast,Yes,1.0,1
15354,53,Male,Single,65033.69,Contract,Midwest,No,15.5,0
12980,62,Female,Married,75325.41,Contract,Midwest,Yes,9.7,1
18359,64,Male,Single,77967.16,Contract,South,Yes,2.2,1
12636,47,Male,Divorced,106861.23,Full-time,West,Yes,4.1,1
10543,60,Female,Divorced,38626.76,Full-time,South,Yes,2.0,1
19803,36,Female,Married,57515.5,Part-time,Northeast,Yes,0.9,0
15040,22,Female,Married,54901.4,Full-time,Midwest,Yes,0.6,0
10286,24,Female,Married,61854.41,Part-time,West,Yes,2.5,0
13807,47,Male,Married,49785.24,Part-time,South,Yes,1.5,0
19504,61,Male,Single,64251.51,Full-time,Northeast,Yes,0.8,1
18841,32,Female,Widowed,58458.09,Full-time,Midwest,Yes,0.0,1
11961,36,Male,Married,52088.12,Full-time,Northeast,Yes,4.7,1
17215,55,Male,Divorced,48519.72,Full-time,West,No,9.1,0
14984,41,Male,Married,59829.04,Full-time,South,Yes,0.0,1
14621,34,Male,Married,83721.87,Part-time,South,Yes,2.4,1
10704,29,Male,Married,74882.41,Full-time,Midwest,Yes,0.5,1
17813,54,Female,Married,61983.01,Contract,South,Yes,5.7,1
10914,61,Female,Married,84259.98,Part-time,West,Yes,7.2,1
12152,55,Female,Single,52978.39,Full-time,South,No,9.7,0
13484,39,Female,Single,76209.14,Full-time,Northeast,No,5.6,1
12306,49,Male,Single,55024.77,Full-time,Midwest,No,6.7,0
16141,35,Female,Divorced,75198.22,Full-time,Midwest,Yes,2.9,1
11633,36,Female,Single,40172.98,Full-time,West,No,2.5,0
13908,55,Female,Single,69235.31,Full-time,Midwest,Yes,1.9,1
14194,59,Female,Single,94464.23,Full-time,Midwest,No,4.3,1
13095,29,Female,Single,52866.54,Part-time,Midwest,Yes,1.5,0
19168,27,Female,Widowed,77538.65,Full-time,West,Yes,0.2,1
15022,51,Female,Divorced,61045.34,Full-time,South,Yes,1.1,1
11043,64,Female,Single,13376.31,Full-time,West,No,2.4,0
14006,32,Female,Married,44765.68,Full-time,Midwest,No,2.5,0
19429,22,Male,Married,40635.68,Full-time,West,Yes,4.9,0
18603,51,Male,Single,53360.19,Part-time,Northeast,Yes,2.0,0
19796,45,Female,Single,49983.07,Full-time,South,Yes,0.2,1
18389,44,Male,Single,80222.46,Part-time,Midwest,Yes,7.1,1
15037,52,Other,Single,63255.2,Part-time,Midwest,No,1.1,0
17530,58,Male,Married,54775.99,Full-time,South,Yes,1.4,1
19713,38,Other,Divorced,31699.08,Full-time,West,Yes,0.6,1
11099,49,Male,Married,36978.74,Part-time,South,Yes,3.9,0
15456,35,Male,Married,79489.09,Full-time,Midwest,Yes,6.8,1
17732,26,Female,Married,68398.92,Part-time,South,Yes,10.7,0
14530,32,Female,Married,70179.55,Full-time,Midwest,Yes,0.7,1
17675,50,Male,Single,84539.52,Full-time,West,Yes,4.0,1
13246,34,Female,Married,46544.25,Full-time,Midwest,No,5.6,0
18894,42,Male,Single,49670.83,Contract,Midwest,Yes,6.1,0
14637,47,Female,Divorced,73198.42,Full-time,Midwest,Yes,5.5,1
19488,36,Female,Single,72288.43,Full-time,Midwest,No,2.6,1
15747,39,Other,Single,51152.54,Full-time,West,Yes,7.7,1
11378,23,Male,Single,85720.18,Full-time,Midwest,Yes,3.7,1
11950,39,Female,Married,58280.37,Part-time,Northeast,No,2.5,0
12280,39,Male,Widowed,61259.78,Full-time,Midwest,No,14.6,1
12471,42,Male,Married,86067.46,Full-time,Midwest,No,5.9,1
14769,34,Female,Married,62864.29,Full-time,West,No,0.5,1
14292,35,Male,Widowed,61067.8,Full-time,West,Yes,11.1,1
13291,49,Female,Single,45979.78,Part-time,West,Yes,1.4,0
19395,59,Female,Married,60440.61,Contract,Midwest,No,3.2,0
16548,24,Male,Divorced,63139.36,Full-time,West,Yes,7.2,1
17070,46,Male,Single,51126.15,Full-time,Northeast,Yes,3.8,1
10761,29,Female,Married,58049.26,Contract,West,Yes,0.9,0
12932,29,Male,Divorced,69225.62,Part-time,South,Yes,4.6,0
16557,45,Female,Single,68428.45,Full-time,West,No,6.6,1
19866,64,Female,Married,75981.61,Full-time,Northeast,No,3.1,1
12570,59,Female,Single,78873.21,Part-time,South,Yes,7.9,1
19774,57,Female,Married,73235.94,Full-time,Northeast,Yes,1.6,1
18165,64,Female,Single,53954.93,Full-time,West,No,2.4,0
18911,32,Male,Single,71485.59,Part-time,Northeast,Yes,0.0,1
13810,31,Female,Single,85474.89,Part-time,South,Yes,1.0,1
13783,22,Male,Single,57035.05,Part-time,West,Yes,11.1,0
15703,25,Male,Single,63248.2,Full-time,Northeast,No,12.0,0
12429,52,Female,Single,61434.86,Part-time,West,Yes,2.8,1
15133,52,Female,Widowed,82250.47,Part-time,West,Yes,0.2,1
12489,32,Female,Divorced,65259.3,Contract,West,No,4.7,0
19634,36,Female,Married,52752.56,Contract,Midwest,No,5.5,0
17975,41,Male,Widowed,54089.68,Full-time,South,No,4.3,0
17302,28,Male,Married,71634.19,Full-time,South,Yes,2.2,1
13035,44,Male,Single,41036.18,Part-time,South,Yes,1.9,0
10549,50,Male,Widowed,64973.08,Full-time,Northeast,Yes,5.0,1
13105,25,Female,Married,80793.31,Part-time,South,Yes,5.1,0
12934,40,Female,Married,69616.26,Full-time,West,No,6.4,1
10307,56,Male,Married,72302.41,Part-time,West,Yes,6.0,1
16749,46,Female,Divorced,63050.84,Full-time,South,Yes,4.7,1
14829,34,Female,Married,65474.29,Full-time,Midwest,No,2.9,1
14477,36,Male,Divorced,67124.16,Full-time,Northeast,Yes,5.8,1
15419,47,Other,Single,87021.59,Contract,Northeast,No,1.7,0
17872,30,Male,Married,43141.14,Contract,West,Yes,1.4,0
17374,26,Female,Single,54069.47,Full-time,West,Yes,2.8,0
10507,58,Male,Single,49065.93,Part-time,Midwest,Yes,7.9,0
12481,42,Male,Widowed,77998.6,Full-time,South,Yes,4.3,1
10230,39,Male,Married,85930.42,Full-time,West,Yes,0.5,1
10682,26,Female,Married,74954.37,Full-time,Midwest,Yes,2.0,1
15700,47,Male,Married,71465.68,Full-time,South,No,10.8,1
14765,38,Other,Single,68036.7,Full-time,West,No,1.4,1
19988,33,Female,Single,59676.31,Full-time,South,Yes,2.0,1
12724,38,Male,Married,88170.12,Full-time,South,Yes,7.8,1
19887,35,Male,Single,45928.2,Full-time,Midwest,No,10.3,0
11800,54,Female,Single,61998.78,Part-time,Northeast,No,2.9,0
12777,29,Male,Single,63485.05,Full-time,Midwest,No,2.8,0
19549,43,Male,Single,49632.37,Part-time,Northeast,No,2.9,0
11243,42,Female,Single,47007.85,Full-time,Midwest,No,1.2,0
12403,45,Male,Single,61608.74,Full-time,West,Yes,1.4,1
13112,49,Male,Single,80768.37,Full-time,South,Yes,1.0,1
14337,38,Female,Single,71380.63,Full-time,Northeast,Yes,1.9,1
16895,36,Female,Married,77428.68,Full-time,South,Yes,6.2,1
10170,30,Male,Widowed,75263.07,Full-time,West,Yes,18.1,1
14969,55,Male,Married,76791.24,Full-time,West,Yes,2.7,1
15268,49,Female,Married,62539.14,Full-time,South,No,0.6,1
16126,45,Male,Married,73231.04,Part-time,West,Yes,1.2,1
10769,48,Male,Single,53059.27,Full-time,West,Yes,8.9,1
15658,28,Female,Single,36767.47,Full-time,Northeast,Yes,4.0,0
11288,30,Female,Married,47736.79,Full-time,West,No,7.1,0
17983,54,Male,Divorced,57298.39,Full-time,West,No,3.6,0
11569,43,Male,Married,56239.1,Part-time,Northeast,Yes,6.4,0
12324,28,Male,Divorced,44047.6,Full-time,West,No,1.4,0
12334,48,Other,Married,97780.58,Full-time,Northeast,No,1.6,1
14439,32,Female,Single,76046.21,Full-time,West,Yes,5.7,1
17593,41,Female,Divorced,81630.52,Full-time,Northeast,Yes,0.5,1
18143,63,Female,Single,86050.47,Part-time,Midwest,Yes,8.5,1
17762,51,Male,Married,54116.44,Full-time,Northeast,No,0.6,0
17303,31,Male,Married,59884.5,Contract,Northeast,Yes,7.9,0
13373,57,Female,Single,59821.42,Full-time,West,Yes,0.9,1
16354,43,Male,Married,71458.73,Full-time,West,No,2.6,1
12660,57,Male,Single,58288.95,Contract,West,Yes,10.1,0
15605,56,Female,Married,67415.66,Full-time,Northeast,No,2.0,1
14441,29,Other,Married,42439.02,Full-time,South,Yes,0.5,0
19110,32,Male,Divorced,43567.03,Part-time,Northeast,Yes,1.2,0
12825,51,Female,Single,76583.42,Part-time,South,Yes,1.6,1
16460,31,Female,Single,52464.18,Full-time,West,Yes,3.0,1
19664,28,Female,Married,81381.58,Full-time,South,No,13.9,0
16464,62,Male,Single,93204.76,Part-time,West,No,0.6,0
12445,57,Male,Divorced,59507.13,Contract,Northeast,Yes,7.4,0
17560,36,Female,Married,59526.78,Full-time,West,No,7.1,0
11711,47,Female,Married,68612.04,Part-time,South,Yes,6.6,1
10760,37,Male,Single,59042.51,Contract,South,No,6.0,0
11267,57,Male,Single,79154.46,Part-time,Northeast,No,11.8,0
16976,42,Female,Married,42496.65,Full-time,Northeast,No,2.8,0
19288,34,Male,Divorced,55509.82,Part-time,Northeast,No,0.8,0
15743,64,Female,Married,75334.94,Full-time,West,Yes,33.8,1
18227,33,Male,Single,60546.85,Full-time,West,No,6.3,1
11137,53,Female,Single,86067.68,Full-time,South,Yes,0.4,1
19510,52,Male,Single,69857.58,Full-time,Midwest,No,5.6,1
12435,36,Male,Married,63799.11,Full-time,Northeast,Yes,3.3,1
16123,57,Male,Single,100276.25,Part-time,West,Yes,0.8,1
16952,44,Female,Single,70776.64,Full-time,South,Yes,2.2,1
18711,64,Female,Single,76055.83,Full-time,South,Yes,2.7,1
15676,25,Male,Married,79529.74,Full-time,South,Yes,4.0,1
14027,34,Female,Single,18396.11,Full-time,Midwest,Yes,0.2,1
16560,31,Female,Single,70920.68,Part-time,South,No,3.5,0
14045,31,Female,Divorced,49175.82,Full-time,Northeast,No,3.6,0
10790,30,Female,Married,77387.83,Full-time,Northeast,Yes,1.4,1
16096,62,Male,Single,78189.88,Part-time,Northeast,No,0.2,0
13609,53,Female,Divorced,66280.73,Contract,Northeast,No,5.8,0
14270,30,Female,Single,74866.41,Full-time,South,No,2.4,0
17962,61,Female,Single,88221.72,Full-time,Midwest,No,0.8,1
14792,29,Male,Married,42414.59,Full-time,Midwest,No,8.5,0
13200,52,Male,Married,88606.63,Full-time,South,No,3.6,1
12948,63,Female,Married,69729.11,Contract,Northeast,No,9.8,0
11812,26,Female,Married,60388.43,Full-time,West,Yes,0.9,1
11174,31,Female,Single,60569.41,Full-time,South,Yes,5.0,1
18916,45,Male,Widowed,73376.03,Full-time,South,Yes,2.8,1
12027,57,Female,Married,63859.14,Full-time,Northeast,Yes,3.4,1
16820,45,Female,Single,79065.14,Full-time,West,No,4.4,1
13795,48,Male,Married,67502.38,Full-time,West,No,4.9,1
19120,30,Female,Single,84834.26,Contract,Northeast,Yes,0.1,0
16314,25,Female,Single,68140.55,Full-time,West,No,3.4,0
17539,51,Male,Single,92050.63,Part-time,Midwest,No,0.0,0
12146,23,Male,Married,59012.7,Full-time,West,No,4.2,0
16336,50,Female,Single,71192.0,Full-time,South,Yes,5.1,1
18421,42,Male,Divorced,86755.43,Full-time,South,Yes,19.1,1
15489,38,Male,Married,57213.11,Full-time,Midwest,No,1.0,0
10270,50,Male,Single,70740.91,Part-time,Midwest,Yes,7.2,1
16574,64,Female,Married,80232.5,Part-time,South,Yes,0.6,1
16063,44,Female,Widowed,91884.83,Part-time,West,No,5.0,0
16154,29,Female,Married,48843.8,Full-time,Northeast,Yes,6.2,0
16089,41,Female,Divorced,67028.77,Full-time,South,No,7.1,1
16846,22,Male,Married,78865.85,Full-time,Midwest,Yes,1.7,1
16003,61,Female,Single,67961.63,Part-time,West,No,4.6,0
15212,46,Female,Married,64907.41,Full-time,South,Yes,2.7,1
12598,45,Female,Married,94439.96,Full-time,West,Yes,1.3,1
11553,53,Male,Married,48326.37,Full-time,South,No,1.7,0
10887,26,Male,Married,91732.64,Full-time,West,No,6.2,0
14840,34,Female,Widowed,49332.91,Full-time,Midwest,Yes,7.4,1
16795,29,Male,Single,67620.66,Full-time,Midwest,Yes,5.0,1
11087,38,Female,Married,83610.29,Full-time,Northeast,Yes,0.4,1
16670,38,Female,Single,67015.45,Full-time,Midwest,Yes,1.3,1
19495,38,Male,Single,46758.95,Full-time,Midwest,No,3.9,0
19661,32,Female,Divorced,52926.52,Part-time,South,No,3.3,0
12716,33,Female,Single,48867.86,Full-time,Midwest,Yes,3.2,1
16845,27,Male,Married,49697.46,Full-time,Midwest,Yes,10.1,0
11620,27,Female,Married,77416.08,Full-time,West,No,7.7,0
11699,54,Male,Married,51762.78,Full-time,Midwest,Yes,7.5,1
16754,44,Male,Single,67546.39,Full-time,Northeast,Yes,1.7,1
15263,29,Female,Single,63306.2,Contract,Northeast,No,11.6,0
10186,23,Male,Married,64054.96,Contract,Northeast,No,15.8,0
10558,28,Male,Married,58556.1,Full-time,Northeast,Yes,0.5,0
18935,24,Female,Married,84823.55,Full-time,Midwest,Yes,5.9,1
19932,25,Male,Married,75284.05,Full-time,South,Yes,4.2,1
14722,52,Female,Single,68359.68,Full-time,Midwest,No,3.3,1
18555,39,Female,Divorced,76406.16,Part-time,Northeast,Yes,2.4,1
15455,45,Female,Married,62773.57,Full-time,Northeast,Yes,3.7,1
13792,56,Female,Single,66328.38,Full-time,Midwest,No,3.3,1
13341,63,Female,Married,63504.66,Full-time,Northeast,Yes,4.2,1
17046,48,Female,Married,58405.71,Part-time,Northeast,Yes,1.4,0
15499,48,Male,Married,74187.26,Full-time,Northeast,Yes,34.7,1
14561,41,Female,Married,59110.39,Contract,South,No,7.5,0
15230,38,Male,Married,65681.4,Part-time,Midwest,Yes,1.8,1
10964,53,Female,Married,75099.07,Part-time,West,No,1.4,0
14672,59,Male,Single,57004.46,Part-time,West,Yes,5.5,0
11599,62,Female,Married,77790.18,Full-time,Midwest,No,1.1,1
13252,55,Male,Married,71401.35,Full-time,West,Yes,2.1,1
10893,54,Female,Single,45251.22,Full-time,Midwest,No,4.8,0
16869,58,Female,Married,53867.56,Part-time,Northeast,No,2.5,0
18633,29,Female,Single,66758.23,Contract,Midwest,No,3.8,0
11368,36,Male,Divorced,64112.0,Full-time,Midwest,Yes,31.5,1
18060,60,Male,Married,89226.79,Full-time,West,No,2.5,1
11907,64,Male,Single,50372.68,Full-time,Northeast,No,0.0,0
17629,37,Female,Single,74516.78,Full-time,West,Yes,4.5,1
19572,54,Female,Single,62513.66,Full-time,Northeast,No,1.6,1
16450,60,Female,Married,70129.42,Contract,Midwest,No,7.4,0
15936,54,Male,Single,79336.35,Full-time,Northeast,Yes,8.0,1
16673,22,Male,Single,55289.9,Full-time,South,Yes,1.0,0
19060,63,Male,Married,95324.4,Part-time,West,No,3.3,0
14752,33,Male,Divorced,42543.61,Full-time,South,Yes,1.3,1
10705,60,Male,Single,42517.63,Full-time,West,Yes,2.7,1
16631,40,Male,Married,43389.0,Part-time,Midwest,No,2.3,0
19262,25,Female,Widowed,70239.71,Full-time,Northeast,Yes,4.9,1
13825,56,Male,Married,60444.6,Part-time,West,Yes,0.2,1
13643,25,Female,Married,82429.93,Full-time,Midwest,Yes,0.1,1
10521,57,Male,Married,72214.15,Contract,West,Yes,4.7,1
11698,54,Male,Single,52075.2,Part-time,Northeast,No,2.9,0
17069,24,Male,Married,71569.78,Full-time,Midwest,Yes,2.5,1
14564,45,Female,Single,87615.12,Full-time,West,No,0.3,1
12381,49,Female,Married,72781.02,Full-time,West,Yes,13.7,1
11790,57,Female,Divorced,56384.29,Full-time,South,No,2.1,0
11773,42,Male,Single,55141.19,Full-time,West,No,2.1,0
15472,39,Female,Married,46596.79,Full-time,West,Yes,8.2,1
12374,22,Female,Single,78980.43,Full-time,Midwest,Yes,0.8,1
10161,22,Male,Married,75014.6,Part-time,Northeast,No,3.4,0
12855,50,Female,Married,82586.37,Full-time,West,Yes,1.6,1
15229,28,Female,Widowed,31463.6,Full-time,South,No,7.3,0
15802,24,Female,Single,75756.19,Full-time,Northeast,Yes,1.4,1
13350,51,Female,Married,73983.4,Full-time,Northeast,Yes,2.9,1
15573,40,Female,Married,71735.59,Full-time,West,No,3.1,1
13119,60,Male,Married,80352.61,Part-time,Northeast,Yes,0.7,1
11088,64,Female,Single,34694.27,Full-time,West,Yes,6.8,1
11052,52,Male,Single,52572.78,Full-time,West,No,2.6,0
18858,23,Female,Single,87290.76,Full-time,West,Yes,0.7,1
12537,31,Female,Single,51389.3,Full-time,Midwest,No,1.6,0
11415,58,Male,Single,60530.76,Full-time,Midwest,No,0.3,1
15182,26,Female,Single,54122.84,Part-time,Midwest,Yes,3.1,0
13854,45,Female,Married,73606.61,Full-time,Midwest,No,0.6,1
19191,37,Male,Married,57483.26,Contract,South,No,6.5,0
16112,39,Female,Married,76939.76,Full-time,Midwest,Yes,10.6,1
19236,39,Female,Married,75879.15,Full-time,South,No,1.4,1
13465,59,Male,Married,70209.33,Full-time,South,No,3.5,1
12443,31,Male,Single,91024.39,Full-time,South,Yes,2.4,1
11287,30,Female,Single,61969.75,Contract,Northeast,Yes,0.1,0
19217,32,Male,Single,50724.91,Full-time,Midwest,Yes,2.1,1
15564,59,Female,Single,70171.12,Full-time,West,Yes,23.8,1
17566,25,Female,Widowed,43337.83,Full-time,South,Yes,1.8,0
16622,34,Female,Married,51547.88,Full-time,Midwest,Yes,17.0,1
10711,26,Male,Single,72569.2,Full-time,Midwest,No,4.9,0
19962,62,Male,Married,60648.21,Full-time,West,Yes,3.3,1
16082,49,Male,Married,48353.01,Part-time,West,No,13.6,0
11070,42,Male,Single,42781.46,Full-time,Midwest,No,4.5,0
10108,45,Male,Single,83375.5,Part-time,Northeast,Yes,3.1,1
13410,24,Female,Divorced,49315.43,Full-time,West,Yes,0.2,0
17463,42,Female,Divorced,75298.15,Full-time,Midwest,Yes,0.0,1
15142,56,Male,Divorced,48928.75,Full-time,South,No,3.4,0
15653,63,Female,Single,53773.67,Full-time,West,No,16.1,0
19645,51,Male,Married,64755.74,Full-time,West,Yes,0.2,1
11383,34,Male,Widowed,50098.25,Full-time,West,No,3.2,0
16512,41,Male,Single,65109.69,Full-time,Northeast,No,2.0,1
10246,33,Female,Divorced,76260.08,Full-time,South,Yes,9.7,1
19196,62,Female,Single,53588.07,Full-time,West,Yes,0.1,1
16152,22,Female,Married,57049.24,Full-time,West,Yes,0.7,0
15694,56,Female,Single,73264.69,Full-time,South,No,5.1,1
13458,36,Male,Married,72672.09,Part-time,West,No,3.1,0
12213,27,Male,Married,72459.4,Full-time,Midwest,Yes,0.9,1
11874,58,Female,Married,88891.64,Full-time,Northeast,Yes,7.9,1
17034,54,Female,Divorced,58980.09,Full-time,West,No,4.0,0
15400,46,Female,Married,55731.89,Full-time,South,Yes,2.6,1
10245,22,Other,Married,67700.44,Full-time,Midwest,No,5.0,0
16368,37,Male,Married,73404.89,Full-time,Midwest,No,1.3,1
17825,23,Male,Married,80111.28,Full-time,Midwest,Yes,0.5,1
18185,56,Male,Single,62588.32,Full-time,Midwest,No,2.9,1
18052,41,Female,Single,52244.01,Part-time,West,Yes,2.5,0
13256,32,Male,Widowed,60714.15,Part-time,West,No,1.7,0
10700,53,Female,Divorced,64085.18,Full-time,Northeast,No,21.2,1
13457,33,Male,Married,51349.72,Full-time,South,Yes,6.4,1
19976,62,Other,Single,60331.64,Full-time,West,Yes,10.4,1
16172,58,Female,Married,65149.32,Full-time,South,No,4.4,1
11081,23,Female,Widowed,27898.31,Full-time,South,No,6.5,0
14481,44,Female,Single,84324.51,Full-time,Northeast,No,3.3,1
16623,57,Other,Divorced,81002.55,Full-time,South,No,1.6,1
15753,58,Female,Single,85085.09,Part-time,Northeast,Yes,0.7,1
13512,30,Male,Married,78282.4,Full-time,South,Yes,3.4,1
11194,41,Male,Widowed,107159.27,Part-time,Midwest,Yes,7.5,1
11597,56,Female,Married,41195.97,Full-time,Northeast,Yes,2.2,1
12936,35,Female,Single,53603.81,Part-time,Midwest,Yes,1.1,0
12130,62,Female,Widowed,78355.24,Part-time,Midwest,Yes,8.0,1
13312,38,Male,Married,53650.1,Full-time,Midwest,No,3.2,0
16539,53,Female,Married,67195.28,Full-time,West,Yes,3.3,1
12260,62,Female,Single,98746.76,Full-time,South,No,6.5,1
15255,61,Male,Single,70643.45,Full-time,Midwest,No,3.8,1
12886,32,Female,Widowed,98441.97,Full-time,West,Yes,0.8,1
17174,60,Female,Married,34757.17,Full-time,South,No,1.1,0
10156,32,Female,Married,54872.05,Full-time,South,Yes,0.5,1
11417,64,Female,Married,43090.08,Full-time,Northeast,No,2.3,0
14299,32,Male,Married,83163.77,Part-time,Midwest,No,5.2,0
15392,48,Male,Married,69296.23,Full-time,Midwest,Yes,4.1,1
14266,37,Male,Single,49212.69,Full-time,West,Yes,3.4,1
18597,28,Female,Widowed,70998.1,Full-time,West,Yes,4.9,1
12480,39,Male,Single,53427.54,Full-time,Midwest,Yes,3.7,1
19881,39,Male,Married,49233.62,Part-time,Northeast,No,6.2,0
11220,25,Female,Married,80668.96,Full-time,West,No,0.1,0
16972,24,Female,Married,73642.16,Full-time,Northeast,Yes,3.6,1
14600,61,Male,Divorced,71346.9,Full-time,Midwest,No,5.6,1
17362,26,Male,Married,55963.83,Full-time,Northeast,No,10.7,0
16588,51,Female,Married,65228.86,Part-time,Midwest,No,1.4,0
12889,48,Female,Widowed,77808.87,Full-time,Northeast,Yes,3.4,1
10516,41,Female,Single,54970.17,Full-time,South,No,4.1,0
15762,45,Male,Married,74982.22,Contract,Northeast,Yes,1.3,1
15236,37,Male,Single,28522.22,Part-time,West,No,0.9,0
17203,31,Female,Married,76060.81,Full-time,Northeast,No,0.3,1
13538,23,Other,Married,68893.51,Full-time,Northeast,No,7.9,0
17776,40,Male,Married,62234.82,Full-time,Northeast,No,0.5,1
10016,24,Male,Divorced,101274.38,Full-time,Northeast,Yes,3.4,1
13461,47,Male,Single,63603.66,Part-time,South,No,10.7,0
14454,23,Male,Married,73921.08,Full-time,South,Yes,22.3,1
13617,57,Female,Single,74813.61,Full-time,Midwest,No,1.3,1
17216,36,Female,Single,62534.81,Full-time,Midwest,Yes,3.1,1
19642,35,Male,Divorced,62331.26,Part-time,Midwest,No,7.2,0
15629,62,Female,Single,67111.6,Full-time,Midwest,Yes,3.7,1
13448,39,Male,Single,50108.76,Full-time,South,Yes,3.9,1
19103,42,Female,Single,59197.84,Full-time,Midwest,No,6.7,0
13623,32,Female,Single,95185.57,Part-time,West,No,0.5,0
10020,51,Female,Single,59284.06,Part-time,West,No,0.8,0
12230,35,Male,Widowed,69785.29,Full-time,Northeast,Yes,0.1,1
19618,24,Other,Divorced,46690.68,Full-time,West,No,8.2,0
15543,22,Female,Married,94469.18,Full-time,South,Yes,0.8,1
15772,60,Male,Single,84440.36,Part-time,South,Yes,7.8,1
16900,40,Female,Divorced,5484.33,Full-time,Midwest,No,6.6,0
18159,52,Female,Married,63800.25,Full-time,South,Yes,4.4,1
14861,22,Male,Widowed,71461.37,Full-time,South,Yes,10.1,1
12020,48,Female,Married,76966.53,Full-time,Northeast,No,2.3,1
11918,46,Male,Single,49041.73,Full-time,West,No,2.2,0
17959,32,Female,Married,54893.19,Contract,West,Yes,2.7,0
17874,26,Male,Single,56720.41,Full-time,West,Yes,0.7,0
11584,32,Male,Single,73346.82,Full-time,West,No,1.8,1
11427,29,Female,Married,66329.41,Full-time,Midwest,Yes,1.8,1
16327,59,Male,Single,60848.41,Contract,West,Yes,0.8,1
10498,56,Male,Single,70055.23,Full-time,West,No,4.0,1
18534,38,Female,Single,43946.04,Part-time,Midwest,No,1.2,0
16289,63,Other,Single,80455.73,Full-time,Northeast,Yes,0.0,1
10365,55,Female,Married,58480.55,Full-time,Midwest,Yes,2.2,1
15559,41,Male,Married,26832.24,Full-time,Midwest,No,8.9,0
14167,31,Female,Married,61503.67,Full-time,South,Yes,1.4,1
10712,51,Male,Single,58268.82,Part-time,Northeast,Yes,0.2,0
10970,46,Male,Married,86534.72,Contract,West,No,3.8,0
10885,29,Male,Single,74392.31,Contract,South,No,4.8,0
13321,29,Male,Married,76745.44,Full-time,West,Yes,2.1,1
14450,36,Male,Married,43986.58,Part-time,South,Yes,7.5,0
16156,56,Male,Married,91157.42,Full-time,Northeast,Yes,5.0,1
15749,28,Female,Single,91182.17,Full-time,Midwest,Yes,5.3,1
14508,39,Female,Married,47367.38,Full-time,South,Yes,6.2,1
16360,42,Male,Single,57420.16,Part-time,Midwest,No,13.3,0
17913,47,Male,Married,85431.6,Full-time,South,Yes,6.0,1
19026,46,Male,Single,39644.77,Part-time,Northeast,Yes,8.0,0
15395,23,Female,Single,59610.89,Part-time,Midwest,No,3.5,0
13688,53,Female,Married,49312.76,Part-time,South,No,1.9,0
13785,46,Male,Widowed,70666.44,Full-time,South,Yes,5.6,1
11121,37,Female,Divorced,46656.01,Part-time,Northeast,Yes,5.9,0
19375,58,Male,Single,87233.06,Full-time,Northeast,Yes,9.4,1
19770,50,Female,Single,64663.59,Full-time,Northeast,No,0.4,1
16742,63,Male,Married,53199.81,Full-time,South,No,2.6,0
15682,29,Male,Married,73190.87,Part-time,West,Yes,1.5,0
13374,56,Female,Married,55106.35,Full-time,West,Yes,11.6,1
16949,30,Male,Married,65353.67,Full-time,Midwest,Yes,3.9,1
10728,51,Female,Widowed,54052.16,Full-time,South,Yes,4.3,1
16979,52,Other,Married,69463.08,Full-time,West,No,1.8,1
16696,30,Female,Married,65563.55,Part-time,West,Yes,0.4,0
17423,59,Male,Married,56688.46,Full-time,Midwest,No,25.5,0
15194,24,Male,Single,77664.63,Full-time,South,Yes,3.1,1
17253,24,Female,Divorced,67089.46,Full-time,Midwest,No,6.7,0
14822,45,Female,Married,52956.95,Part-time,West,Yes,16.4,0
10685,44,Female,Married,72981.98,Part-time,West,No,6.7,0
11730,41,Female,Married,80963.51,Full-time,South,No,0.5,1
12029,39,Female,Single,59354.13,Contract,West,Yes,7.0,0
10459,54,Male,Single,79640.16,Full-time,South,No,6.0,1
15956,44,Male,Divorced,72928.63,Full-time,South,Yes,1.2,1
11721,30,Male,Widowed,51905.6,Full-time,South,No,7.5,0
15397,41,Female,Married,80413.95,Full-time,South,No,0.1,1
18721,51,Female,Divorced,78243.34,Full-time,South,No,2.5,1
19401,61,Female,Married,35195.75,Part-time,Midwest,Yes,6.0,0
12120,57,Male,Single,66860.64,Full-time,South,Yes,0.0,1
16295,64,Male,Single,55307.8,Full-time,Midwest,Yes,1.6,1
18298,49,Male,Single,79019.84,Full-time,Midwest,Yes,2.5,1
13920,59,Female,Married,49583.6,Full-time,Northeast,Yes,3.6,1
14029,28,Male,Single,86460.28,Full-time,West,Yes,0.5,1
15506,52,Male,Married,84765.68,Full-time,Midwest,Yes,1.0,1
13096,46,Female,Married,58881.02,Full-time,South,No,1.1,0
11362,58,Female,Single,38480.52,Part-time,Northeast,Yes,9.1,0
17398,59,Male,Single,36602.2,Full-time,Northeast,No,4.2,0
19797,30,Female,Married,76773.42,Part-time,Midwest,No,1.2,0
17390,54,Female,Single,45292.99,Full-time,South,Yes,3.8,1
18096,38,Female,Married,80381.52,Full-time,West,Yes,1.5,1
12838,25,Female,Single,47638.62,Full-time,Northeast,No,11.4,0
12136,48,Female,Single,81133.52,Full-time,West,Yes,0.5,1
17484,61,Female,Married,70785.85,Part-time,West,Yes,1.8,1
12245,35,Female,Single,78231.03,Full-time,Northeast,No,8.7,1
12185,27,Female,Married,74312.06,Full-time,South,Yes,10.2,1
14182,27,Female,Married,74403.39,Full-time,West,Yes,9.5,1
12514,40,Male,Single,89448.04,Full-time,Midwest,Yes,7.6,1
15928,44,Male,Married,78477.31,Full-time,Midwest,Yes,14.3,1
16167,62,Male,Married,49569.14,Part-time,Midwest,Yes,6.1,0
16341,62,Male,Divorced,74631.37,Contract,South,Yes,1.2,1
12030,23,Male,Single,43833.99,Full-time,Midwest,Yes,2.6,0
17654,26,Female,Single,78065.37,Full-time,West,No,2.3,0
13752,45,Female,Married,58247.29,Full-time,Northeast,Yes,0.6,1
17765,29,Male,Single,43835.4,Full-time,South,Yes,2.5,0
13220,64,Female,Married,35866.48,Full-time,Midwest,Yes,6.4,1
12492,64,Female,Married,64636.67,Contract,Northeast,Yes,13.0,1
13153,58,Female,Divorced,70224.4,Full-time,Northeast,No,0.8,1
15741,50,Male,Single,72331.98,Full-time,South,No,0.6,1
12498,39,Female,Married,51006.49,Full-time,Midwest,Yes,1.8,1
13073,45,Female,Single,61247.1,Part-time,Midwest,No,0.9,0
17653,56,Male,Married,30962.26,Full-time,Midwest,Yes,0.2,1
14256,56,Female,Married,82802.24,Full-time,Midwest,No,0.7,1
11017,48,Male,Single,44164.57,Contract,South,Yes,4.2,0
13309,36,Female,Married,54440.33,Contract,South,Yes,0.8,0
18304,25,Male,Married,57836.65,Part-time,Midwest,Yes,2.7,0
10742,31,Female,Married,53153.46,Part-time,West,No,10.2,0
17159,55,Female,Single,71290.73,Contract,South,Yes,8.5,1
13301,53,Male,Widowed,75706.56,Contract,Midwest,Yes,8.0,1
16361,50,Female,Married,51344.11,Part-time,Northeast,Yes,6.0,0
10213,27,Male,Divorced,79969.17,Full-time,South,Yes,3.0,1
17311,23,Female,Married,68549.82,Contract,South,Yes,4.5,0
18548,30,Male,Single,38736.06,Part-time,Midwest,Yes,2.7,0
17474,31,Male,Single,63712.24,Full-time,Northeast,Yes,1.6,1
12700,42,Male,Single,55486.27,Full-time,South,Yes,6.5,1
14278,61,Female,Married,54264.69,Part-time,South,No,1.8,0
16547,33,Male,Single,65465.94,Full-time,West,No,0.9,1
16738,39,Male,Married,54369.51,Part-time,West,No,3.6,0
16206,22,Female,Widowed,59102.01,Full-time,Northeast,Yes,1.1,0
14493,43,Male,Married,76191.91,Full-time,South,Yes,9.2,1
10301,54,Male,Married,95370.87,Full-time,Northeast,Yes,20.0,1
18757,27,Male,Married,49961.26,Full-time,West,No,6.0,0
14462,59,Female,Married,58157.98,Part-time,South,Yes,0.2,0
19575,42,Male,Divorced,74403.86,Full-time,West,No,6.1,1
18183,35,Other,Married,87254.57,Contract,West,Yes,1.5,1
17258,52,Male,Married,45689.22,Full-time,Northeast,Yes,2.6,1
13356,28,Male,Divorced,69134.49,Part-time,South,No,1.1,0
18274,63,Male,Widowed,67421.21,Contract,Northeast,Yes,7.6,1
16798,47,Male,Married,63713.44,Part-time,West,Yes,0.9,1
15898,40,Male,Single,61754.04,Contract,South,No,0.3,0
12876,42,Female,Single,72824.62,Full-time,South,Yes,7.4,1
16965,36,Male,Married,65490.98,Full-time,Northeast,Yes,1.3,1
11211,35,Female,Single,53300.16,Part-time,West,No,6.4,0
17682,32,Male,Married,60799.17,Full-time,Midwest,Yes,26.5,1
15362,32,Female,Single,76701.59,Full-time,Midwest,Yes,3.4,1
11219,64,Male,Married,95627.81,Contract,Northeast,Yes,2.0,1
17871,60,Female,Single,69208.99,Full-time,West,No,1.2,1
16367,42,Female,Single,68085.72,Full-time,South,Yes,4.3,1
15304,55,Female,Married,66365.07,Contract,West,Yes,2.6,1
10052,38,Female,Married,60455.11,Full-time,South,Yes,3.6,1
10817,59,Female,Married,46469.55,Full-time,Northeast,Yes,2.0,1
13053,35,Male,Widowed,61369.15,Full-time,Northeast,No,3.3,1
18969,33,Female,Married,72622.26,Full-time,West,Yes,0.2,1
13969,40,Male,Married,60375.05,Full-time,Midwest,Yes,5.1,1
14933,54,Male,Married,75217.7,Full-time,Northeast,Yes,2.0,1
16792,33,Female,Widowed,58420.7,Full-time,West,Yes,4.9,1
19300,54,Female,Single,49064.91,Full-time,South,Yes,2.0,1
13764,64,Male,Single,62833.39,Full-time,West,Yes,10.1,1
18559,64,Male,Single,75982.44,Full-time,Midwest,No,0.8,1
18249,45,Male,Widowed,56693.37,Full-time,Northeast,Yes,1.5,1
16102,40,Male,Single,65451.0,Full-time,West,No,5.3,1
16383,25,Female,Widowed,54933.69,Full-time,Midwest,Yes,0.8,0
17960,44,Male,Married,32359.39,Part-time,South,Yes,12.5,0
17058,27,Male,Married,57566.09,Full-time,West,Yes,3.1,0
11023,48,Female,Single,79884.12,Full-time,West,No,3.1,1
18611,44,Female,Single,64920.69,Full-time,South,Yes,1.9,1
10026,43,Female,Single,50391.74,Full-time,Northeast,Yes,2.7,1
10529,35,Female,Married,33390.53,Contract,Midwest,No,1.7,0
15215,63,Male,Married,59624.92,Full-time,Northeast,Yes,0.5,1
18501,34,Female,Widowed,71377.36,Part-time,Northeast,No,0.5,0
13351,56,Female,Single,57666.74,Full-time,South,Yes,3.9,1
13140,24,Male,Single,66699.66,Full-time,Midwest,No,1.3,0
13093,49,Male,Single,50999.18,Full-time,Northeast,Yes,6.1,1
11888,64,Male,Married,64075.31,Full-time,South,Yes,3.1,1
10735,36,Male,Married,66666.3,Full-time,West,Yes,0.8,1
17879,26,Female,Married,60634.77,Full-time,South,Yes,1.5,1
18361,50,Female,Single,62389.73,Full-time,South,Yes,1.6,1
13302,27,Male,Single,42055.64,Full-time,Midwest,Yes,2.2,0
16261,43,Male,Married,57154.16,Part-time,South,Yes,4.5,0
13101,41,Female,Married,81372.14,Part-time,West,No,2.0,0
16019,45,Male,Married,78843.58,Full-time,South,Yes,1.2,1
12246,41,Female,Married,58337.04,Full-time,South,Yes,3.1,1
10839,57,Female,Single,64676.57,Full-time,West,No,1.4,1
16649,27,Male,Married,62715.78,Full-time,West,Yes,1.5,1
19344,46,Female,Single,73195.26,Part-time,South,Yes,0.5,1
17181,35,Female,Single,57509.56,Contract,Northeast,Yes,2.5,0
16630,53,Female,Single,70840.91,Part-time,West,No,5.1,0
11991,46,Female,Single,82842.41,Part-time,Northeast,No,0.5,0
15023,32,Female,Widowed,65562.25,Full-time,West,No,0.4,1
12767,49,Male,Married,76266.92,Full-time,Midwest,No,0.0,1
10236,44,Male,Single,84511.13,Full-time,West,Yes,7.6,1
10664,32,Female,Single,59930.18,Full-time,Northeast,Yes,13.7,1
10646,41,Male,Divorced,65528.73,Full-time,Northeast,Yes,2.4,1
15989,55,Female,Single,66621.52,Full-time,Northeast,No,7.4,1
14323,34,Male,Divorced,70062.49,Full-time,Northeast,No,7.9,1
18695,40,Female,Single,73376.29,Full-time,Midwest,Yes,1.1,1
10721,32,Male,Married,68017.48,Full-time,West,Yes,0.0,1
15902,56,Female,Single,64023.12,Full-time,Midwest,Yes,10.2,1
16166,44,Female,Single,63736.6,Full-time,Midwest,Yes,5.8,1
16319,35,Female,Married,88390.88,Full-time,Midwest,Yes,4.6,1
16000,54,Male,Single,61324.95,Full-time,West,Yes,4.0,1
12597,43,Female,Single,92803.15,Full-time,South,Yes,5.5,1
11737,43,Female,Married,50141.53,Part-time,Northeast,No,1.3,0
10667,46,Female,Single,57593.7,Full-time,Northeast,Yes,0.3,1
19814,62,Female,Divorced,60349.27,Full-time,West,Yes,4.9,1
15643,51,Female,Married,59915.85,Full-time,West,Yes,1.9,1
13109,39,Female,Single,36929.75,Part-time,West,Yes,10.7,0
17805,26,Other,Married,72931.98,Full-time,Midwest,No,6.5,0
10139,60,Male,Single,66467.84,Full-time,West,Yes,0.4,1
10550,64,Male,Married,47966.15,Full-time,South,No,5.8,0
19469,63,Male,Married,50054.79,Contract,South,Yes,3.8,0
14316,22,Female,Married,63372.84,Full-time,Northeast,Yes,0.6,1
10765,46,Male,Single,43878.08,Full-time,West,No,1.5,0
16074,46,Female,Widowed,59189.2,Contract,West,Yes,1.2,0
12836,34,Other,Single,61447.5,Full-time,Midwest,Yes,0.6,1
15428,31,Male,Divorced,91315.84,Full-time,Midwest,Yes,0.4,1
10392,40,Male,Single,64337.96,Full-time,West,Yes,0.6,1
12460,38,Male,Married,60938.7,Contract,West,Yes,0.9,1
14876,22,Female,Single,74358.31,Contract,South,Yes,0.1,0
14211,25,Male,Single,59301.46,Full-time,Northeast,Yes,0.6,0
13085,40,Other,Single,70981.26,Full-time,Northeast,Yes,3.8,1
14377,36,Female,Single,65676.83,Full-time,Northeast,Yes,7.0,1
19672,45,Female,Widowed,60063.86,Full-time,South,Yes,2.8,1
14077,41,Female,Single,68729.87,Full-time,Midwest,No,5.2,1
10357,22,Male,Single,58882.9,Full-time,South,Yes,0.5,0
14076,59,Male,Married,79134.03,Full-time,Northeast,No,2.3,1
15045,22,Female,Married,38959.81,Contract,Northeast,No,0.2,0
13082,34,Male,Married,57138.35,Full-time,South,No,1.3,0
19623,29,Male,Single,58164.95,Full-time,Midwest,No,10.6,0
10701,55,Male,Divorced,45317.54,Full-time,South,Yes,3.4,1
18076,31,Female,Single,58408.79,Part-time,Northeast,Yes,3.1,0
17571,31,Female,Single,83501.37,Full-time,West,Yes,0.2,1
15046,63,Male,Married,74421.47,Full-time,Midwest,Yes,4.5,1
19996,52,Female,Married,64551.78,Part-time,South,No,0.5,0
15995,37,Male,Single,63211.47,Full-time,West,No,13.9,1
16553,57,Male,Single,41236.0,Part-time,Northeast,Yes,12.9,0
17179,23,Female,Married,69946.67,Full-time,West,Yes,12.7,1
13059,64,Male,Single,57118.64,Full-time,Midwest,Yes,1.0,1
18003,61,Female,Divorced,81083.2,Full-time,West,No,8.7,1
17194,33,Female,Single,69663.91,Contract,South,No,1.2,0
13773,58,Male,Single,50004.21,Full-time,West,Yes,1.6,1
12482,34,Female,Married,69910.12,Full-time,Midwest,No,0.4,1
13122,62,Female,Married,73060.5,Full-time,West,Yes,2.3,1
17892,56,Female,Widowed,86862.28,Contract,West,Yes,2.3,1
11086,48,Male,Married,68610.9,Full-time,Northeast,Yes,0.5,1
19178,43,Male,Single,68377.4,Contract,South,No,1.3,0
13333,37,Male,Married,71490.36,Full-time,Northeast,Yes,0.7,1
18242,38,Male,Single,88005.83,Part-time,Midwest,Yes,7.2,1
15853,53,Male,Married,59179.94,Full-time,West,Yes,3.8,1
10232,22,Female,Married,55981.72,Full-time,Northeast,No,1.5,0
18245,45,Female,Married,47837.65,Contract,Midwest,Yes,3.3,0
10323,44,Male,Married,59009.55,Full-time,Midwest,Yes,3.6,1
18261,33,Male,Single,54498.98,Full-time,Midwest,Yes,2.2,1
12599,33,Male,Married,69705.75,Full-time,Northeast,Yes,0.8,1
14909,40,Female,Widowed,77891.97,Full-time,Northeast,Yes,2.4,1
12529,25,Female,Married,64624.15,Part-time,South,No,12.2,0
15157,50,Male,Married,67610.34,Full-time,West,Yes,5.2,1
18696,28,Male,Single,65463.73,Full-time,West,No,3.3,0
16043,31,Female,Single,74253.91,Contract,West,No,0.5,0
18829,36,Male,Single,63562.19,Full-time,Midwest,Yes,1.5,1
13033,22,Female,Single,65150.18,Full-time,South,Yes,0.9,1
13179,53,Female,Single,69282.85,Part-time,West,Yes,7.3,1
15114,35,Female,Single,76983.62,Part-time,Northeast,No,5.2,0
17204,36,Male,Married,76601.71,Part-time,South,No,1.1,0
13464,43,Male,Single,86672.53,Part-time,Northeast,Yes,0.4,1
18807,44,Female,Single,81584.71,Full-time,West,Yes,4.8,1
16489,54,Male,Single,51602.38,Full-time,Midwest,Yes,5.1,1
16871,49,Male,Married,78639.41,Full-time,West,No,6.5,1
17544,43,Male,Divorced,80387.97,Full-time,Midwest,Yes,2.1,1
18485,36,Male,Married,54665.49,Full-time,Midwest,Yes,0.1,1
15063,35,Female,Married,88813.38,Full-time,West,No,1.4,1
13316,49,Female,Single,46959.63,Full-time,South,Yes,0.1,1
18944,63,Female,Married,77353.27,Full-time,South,Yes,7.7,1
18624,33,Male,Single,63325.2,Full-time,Northeast,Yes,0.1,1
13533,39,Female,Single,47901.47,Full-time,South,No,0.6,0
14797,31,Male,Married,95678.88,Contract,Northeast,Yes,4.5,1
14711,53,Female,Single,59860.37,Part-time,South,No,6.4,0
10420,50,Female,Single,60100.5,Full-time,South,No,3.3,1
13549,30,Female,Single,53628.13,Part-time,West,Yes,6.6,0
14314,61,Male,Married,58170.49,Full-time,Northeast,Yes,5.1,1
18482,50,Female,Single,59369.28,Contract,South,Yes,8.6,0
10087,22,Female,Married,78948.16,Part-time,Northeast,No,2.0,0
17597,34,Male,Single,47582.11,Full-time,West,Yes,8.6,1
12928,55,Male,Divorced,85415.68,Part-time,West,Yes,2.4,1
14143,47,Male,Single,53560.47,Full-time,South,No,1.1,0
11214,23,Male,Married,58113.26,Contract,Midwest,Yes,2.0,0
11063,42,Female,Divorced,74471.5,Full-time,South,No,1.2,1
12839,49,Male,Divorced,50814.26,Full-time,Midwest,No,6.8,0
15647,37,Male,Single,69453.8,Full-time,South,Yes,1.1,1
14406,46,Female,Married,58008.04,Full-time,South,Yes,11.9,1
12863,42,Male,Single,65690.54,Full-time,West,No,1.5,1
14772,52,Male,Married,68975.12,Full-time,South,Yes,0.2,1
14049,26,Male,Single,92886.72,Full-time,West,No,2.6,0
16924,50,Female,Single,24997.4,Full-time,West,Yes,0.7,1
14001,39,Male,Married,68148.04,Full-time,West,No,3.0,1
14118,28,Male,Married,40370.67,Contract,West,Yes,2.9,0
15120,49,Male,Married,57533.64,Full-time,Northeast,No,2.5,0
16551,56,Male,Married,68198.42,Full-time,West,Yes,0.6,1
18240,35,Male,Single,40240.5,Full-time,Northeast,No,6.8,0
14465,22,Female,Married,65827.46,Full-time,Northeast,No,5.6,0
12121,61,Male,Married,68087.83,Part-time,South,No,0.3,0
10808,45,Female,Single,81036.94,Full-time,West,No,10.1,1
15192,34,Female,Married,64765.49,Full-time,Midwest,Yes,0.4,1
15137,29,Male,Married,63350.04,Full-time,Northeast,Yes,3.7,1
17327,27,Female,Divorced,63854.73,Part-time,West,Yes,14.3,0
15116,36,Female,Married,82492.55,Part-time,West,Yes,3.9,1
19738,38,Female,Married,35098.22,Full-time,Northeast,Yes,2.6,1
15425,33,Male,Married,97295.32,Full-time,West,Yes,0.8,1
11310,37,Female,Divorced,60573.35,Part-time,Midwest,Yes,0.1,1
12454,53,Female,Divorced,63887.31,Full-time,South,Yes,0.3,1
10932,30,Male,Divorced,86422.54,Full-time,South,Yes,2.4,1
16144,60,Male,Married,68571.5,Full-time,South,Yes,16.8,1
17074,42,Female,Divorced,47587.12,Full-time,South,No,0.1,0
15710,51,Female,Single,88021.66,Full-time,West,No,2.0,1
19250,35,Female,Married,51844.49,Full-time,Midwest,Yes,6.6,1
11281,38,Female,Single,68772.35,Full-time,West,Yes,0.6,1
17998,24,Female,Divorced,72615.87,Full-time,Midwest,Yes,16.8,1
17827,59,Male,Married,81712.67,Part-time,Midwest,No,4.9,0
14746,48,Male,Single,74490.25,Contract,Northeast,Yes,2.7,1
15544,22,Male,Single,68830.99,Full-time,South,No,8.9,0
14737,36,Female,Single,61190.79,Full-time,South,No,5.3,1
14464,51,Male,Married,41718.47,Contract,West,Yes,0.5,0
12215,43,Female,Single,69595.14,Full-time,Northeast,Yes,2.8,1
17569,56,Female,Single,69634.19,Full-time,Midwest,Yes,1.3,1
11953,44,Female,Married,69683.35,Contract,Midwest,Yes,7.5,1
10929,26,Female,Married,60679.04,Full-time,Midwest,Yes,6.8,1
16348,38,Other,Divorced,79113.66,Full-time,Northeast,Yes,0.5,1
18522,48,Female,Widowed,57991.93,Full-time,Northeast,Yes,18.0,1
19345,30,Female,Married,67069.83,Full-time,Northeast,No,0.1,0
12883,43,Male,Married,48150.12,Full-time,South,No,0.0,0
11725,62,Female,Single,58400.73,Full-time,West,No,0.1,0
10453,53,Female,Single,88759.28,Part-time,Midwest,Yes,1.3,1
14511,32,Female,Divorced,61630.78,Full-time,South,No,2.6,1
13236,30,Female,Married,50063.01,Part-time,Midwest,No,0.3,0
10227,54,Female,Single,75552.92,Contract,West,Yes,2.7,1
18792,34,Female,Single,62334.38,Full-time,West,No,0.3,1
18360,61,Female,Single,57180.06,Full-time,Midwest,No,9.4,0
16791,22,Male,Married,60872.18,Part-time,Northeast,Yes,6.0,0
19506,35,Female,Single,60107.15,Full-time,Midwest,Yes,4.0,1
15792,49,Male,Single,80532.78,Part-time,Midwest,No,7.3,0
15758,39,Female,Married,63420.36,Part-time,South,Yes,0.7,1
14264,33,Female,Single,16593.92,Full-time,Northeast,Yes,0.4,1
18585,41,Male,Single,59145.52,Contract,West,No,10.4,0
13604,55,Male,Single,58342.15,Full-time,Northeast,No,2.8,0
15415,62,Female,Married,52772.93,Full-time,Northeast,No,5.3,0
16436,62,Female,Widowed,72560.41,Full-time,Midwest,Yes,0.9,1
17057,39,Other,Divorced,51594.01,Part-time,Northeast,Yes,1.7,0
18865,24,Male,Divorced,41658.51,Contract,Northeast,Yes,5.2,0
19149,41,Female,Single,62729.26,Full-time,Northeast,No,6.0,1
16216,46,Female,Single,53867.15,Full-time,South,No,3.4,0
19607,39,Female,Divorced,112776.42,Full-time,Midwest,Yes,0.8,1
12050,22,Male,Married,71758.19,Full-time,West,Yes,5.0,1
14237,48,Male,Single,40076.71,Full-time,South,No,0.1,0
17829,45,Male,Single,96173.71,Full-time,Midwest,Yes,1.3,1
11502,45,Male,Married,54258.86,Part-time,South,Yes,4.0,0
13516,40,Female,Married,73949.31,Full-time,Northeast,No,1.4,1
13735,64,Male,Single,41255.98,Full-time,Northeast,Yes,6.1,1
17460,54,Male,Single,70268.66,Part-time,South,Yes,2.2,1
19884,32,Female,Single,63540.92,Full-time,Northeast,Yes,2.9,1
10067,52,Male,Married,26153.72,Full-time,Northeast,Yes,2.6,1
11669,51,Female,Married,74502.12,Full-time,South,Yes,1.2,1
19067,36,Male,Married,57077.03,Part-time,Northeast,No,0.0,0
13996,28,Male,Single,45749.12,Full-time,West,Yes,0.7,0
17668,30,Female,Married,99817.33,Part-time,West,Yes,0.8,0
17275,23,Other,Widowed,78978.08,Full-time,Midwest,Yes,6.6,1
10734,45,Male,Married,34583.48,Part-time,West,Yes,8.9,0
16406,44,Female,Married,61515.72,Full-time,West,Yes,10.8,1
10353,34,Male,Single,77622.15,Full-time,South,No,9.5,1
11083,39,Female,Married,83276.74,Contract,South,No,1.6,0
19151,42,Female,Single,66435.71,Full-time,South,No,0.6,1
15876,23,Female,Single,56229.33,Full-time,Northeast,No,3.3,0
19621,27,Female,Married,68255.29,Part-time,Midwest,Yes,10.2,0
16632,27,Female,Married,70031.58,Full-time,Midwest,No,6.1,0
19461,31,Male,Married,65369.67,Full-time,Midwest,No,11.1,1
18765,54,Female,Divorced,48700.33,Part-time,South,No,0.8,0
12811,24,Male,Divorced,59675.14,Part-time,West,Yes,1.8,0
13591,59,Male,Married,52203.29,Full-time,Midwest,Yes,0.9,1
19667,34,Female,Single,67912.3,Full-time,Northeast,No,6.0,1
16191,48,Female,Divorced,70763.56,Full-time,Northeast,Yes,6.0,1
14686,32,Male,Single,79859.07,Full-time,West,Yes,6.8,1
11492,53,Female,Single,45041.97,Full-time,Northeast,Yes,5.4,1
13300,47,Male,Married,43679.38,Part-time,Northeast,No,2.4,0
17798,33,Male,Single,38423.82,Full-time,South,No,2.3,0
16826,53,Male,Widowed,74028.47,Full-time,Northeast,Yes,0.2,1
13038,43,Male,Widowed,51249.31,Part-time,Midwest,Yes,2.4,0
18129,61,Female,Single,68646.22,Full-time,West,Yes,5.0,1
16853,42,Male,Single,30843.45,Full-time,Northeast,No,2.3,0
12946,40,Male,Married,70118.99,Full-time,West,Yes,6.9,1
17279,43,Female,Single,75446.82,Full-time,South,Yes,8.5,1
15144,31,Male,Married,30904.87,Part-time,Northeast,Yes,3.7,0
18266,44,Male,Single,38371.67,Part-time,West,No,0.6,0
18713,64,Female,Single,62164.46,Full-time,South,No,0.6,1
15942,45,Male,Divorced,44239.01,Part-time,South,No,1.5,0
11259,22,Male,Divorced,48866.57,Full-time,South,No,6.6,0
16499,38,Female,Married,53795.81,Full-time,South,Yes,0.4,1
16171,57,Female,Married,88569.87,Full-time,West,Yes,3.3,1
10786,55,Male,Married,67212.04,Full-time,Northeast,No,2.0,1
12369,34,Female,Divorced,57533.5,Full-time,West,Yes,11.1,1
15600,27,Female,Married,64325.9,Full-time,Midwest,No,2.1,0
19313,41,Female,Married,54026.08,Full-time,West,Yes,11.0,1
11285,47,Female,Married,62082.03,Full-time,West,Yes,3.8,1
18205,44,Male,Widowed,88848.79,Full-time,Northeast,Yes,1.0,1
15746,60,Male,Married,39700.02,Part-time,Midwest,Yes,2.0,0
18499,48,Female,Single,72357.49,Full-time,South,Yes,1.4,1
15497,55,Female,Married,48339.18,Full-time,South,No,7.5,0
13098,44,Male,Single,50971.99,Full-time,South,Yes,0.5,1
17408,49,Female,Single,66409.24,Full-time,Midwest,No,4.0,1
12746,37,Female,Single,70267.78,Full-time,South,Yes,0.6,1
12524,29,Male,Married,72332.12,Full-time,West,No,11.3,0
11447,45,Male,Single,75982.81,Part-time,South,Yes,0.8,1
12241,48,Female,Single,87442.98,Full-time,South,Yes,10.5,1
12493,46,Male,Single,57014.4,Contract,Northeast,Yes,8.4,0
15613,33,Other,Married,85230.77,Part-time,Midwest,Yes,1.8,1
17921,39,Male,Single,69633.18,Full-time,Midwest,No,2.7,1
16892,58,Other,Single,58335.01,Part-time,Northeast,Yes,2.3,0
19206,53,Female,Single,52493.59,Full-time,Northeast,Yes,3.9,1
12740,26,Female,Married,47662.6,Full-time,Northeast,Yes,5.8,0
19389,37,Male,Single,57119.64,Part-time,West,No,1.7,0
17749,63,Female,Married,80108.3,Contract,Midwest,Yes,0.7,1
11385,39,Female,Married,67638.16,Part-time,West,Yes,6.7,1
10717,58,Male,Married,66783.73,Full-time,Midwest,Yes,8.0,1
13042,33,Female,Single,58480.59,Full-time,Northeast,No,12.3,0
13786,50,Male,Single,59385.2,Full-time,Midwest,No,1.8,0
13322,38,Male,Divorced,70236.06,Contract,Northeast,Yes,4.2,1
10553,33,Male,Married,76654.93,Part-time,Midwest,Yes,8.1,1
18393,41,Female,Married,51596.29,Part-time,West,No,0.8,0
19274,25,Female,Single,74504.63,Full-time,Northeast,Yes,14.9,1
10626,37,Female,Single,38733.97,Contract,Northeast,Yes,1.6,0
13428,52,Female,Married,80375.25,Full-time,South,Yes,1.5,1
15013,26,Male,Married,85521.73,Contract,Midwest,Yes,0.9,0
19596,45,Male,Married,69573.01,Contract,West,Yes,2.4,1
12437,57,Female,Single,45858.91,Part-time,West,Yes,0.7,0
19903,38,Male,Single,57946.97,Full-time,West,Yes,0.0,1
14090,36,Female,Single,60250.96,Full-time,Midwest,Yes,0.1,1
18383,26,Male,Single,70917.29,Part-time,West,Yes,3.7,0
13455,32,Female,Single,67638.41,Part-time,Midwest,No,0.3,0
15686,64,Female,Divorced,67440.06,Full-time,West,No,0.7,1
19426,56,Male,Married,44672.56,Part-time,South,No,0.1,0
15334,63,Female,Single,74114.31,Contract,West,Yes,0.2,1
10167,27,Male,Married,65468.62,Full-time,South,No,6.1,0
11084,48,Female,Married,55927.15,Part-time,Midwest,No,8.5,0
19914,60,Female,Married,60859.4,Full-time,Midwest,Yes,13.8,1
18138,47,Male,Married,72637.31,Full-time,Midwest,Yes,2.1,1
14402,49,Female,Married,53025.88,Full-time,West,Yes,6.6,1
14953,47,Female,Married,51896.97,Part-time,West,No,0.7,0
15535,45,Male,Divorced,69745.22,Full-time,Northeast,Yes,6.9,1
12952,41,Male,Married,66112.63,Full-time,West,No,0.0,1
11785,55,Male,Single,62365.94,Full-time,West,No,4.5,1
13404,23,Male,Divorced,75254.3,Full-time,South,Yes,8.8,1
11935,46,Female,Single,64183.64,Full-time,Northeast,Yes,0.9,1
10291,43,Female,Single,69030.82,Full-time,South,Yes,0.8,1
18004,54,Female,Single,80270.85,Full-time,South,No,5.2,1
18621,38,Other,Married,51604.5,Full-time,West,No,2.0,0
11095,50,Male,Married,32664.71,Full-time,South,No,9.0,0
10634,57,Female,Married,32782.25,Full-time,West,Yes,0.7,1
19550,63,Female,Single,43416.35,Part-time,West,Yes,2.0,0
19139,29,Male,Married,50692.38,Part-time,West,Yes,6.3,0
18678,52,Female,Single,66160.45,Full-time,South,No,4.2,1
10651,56,Male,Single,51517.13,Full-time,Northeast,Yes,5.9,1
10678,49,Male,Married,53916.85,Full-time,Northeast,Yes,5.0,1
19584,58,Female,Married,55033.34,Full-time,Northeast,Yes,4.9,1
12830,33,Male,Married,74443.05,Full-time,Midwest,Yes,2.3,1
16391,31,Female,Single,67905.06,Part-time,Northeast,Yes,1.6,1
10891,40,Female,Single,76132.33,Full-time,South,No,0.6,1
17123,51,Other,Married,67269.11,Full-time,West,No,4.6,1
16701,31,Female,Divorced,66422.67,Full-time,Midwest,Yes,7.9,1
14871,35,Female,Single,80562.64,Part-time,Northeast,Yes,5.6,1
14456,47,Female,Married,58677.01,Full-time,West,Yes,10.4,1
17033,57,Male,Married,56960.62,Full-time,West,Yes,4.4,1
18314,63,Male,Married,71407.77,Contract,Northeast,Yes,6.5,1
17613,25,Male,Married,61739.76,Full-time,Midwest,No,1.7,0
10997,25,Male,Married,56966.87,Full-time,South,Yes,2.1,0
15292,27,Female,Single,53384.94,Full-time,Northeast,No,4.7,0
16226,51,Female,Divorced,66523.65,Full-time,Midwest,Yes,7.7,1
10397,58,Male,Widowed,91089.19,Full-time,West,Yes,2.3,1
11538,34,Male,Single,57946.99,Full-time,West,Yes,10.7,1
16626,33,Female,Married,70721.73,Full-time,Northeast,No,3.2,1
18700,58,Other,Married,66440.76,Full-time,Midwest,Yes,1.7,1
18851,39,Male,Married,73291.51,Full-time,West,Yes,2.4,1
10720,23,Male,Married,66981.68,Part-time,Northeast,Yes,5.2,0
10153,49,Male,Married,57927.63,Contract,South,Yes,1.5,0
16721,47,Male,Married,64995.32,Full-time,West,Yes,0.8,1
11524,64,Male,Single,92836.97,Part-time,Midwest,Yes,3.1,1
10606,42,Male,Single,54825.14,Full-time,South,No,12.5,0
16313,22,Male,Married,60285.93,Part-time,West,Yes,7.7,0
18591,61,Female,Married,60778.3,Full-time,Northeast,Yes,0.3,1
16210,50,Female,Single,37368.17,Full-time,Midwest,Yes,0.1,1
15803,29,Female,Married,65134.77,Full-time,Midwest,No,2.8,0
14101,25,Male,Married,53286.27,Full-time,South,No,13.3,0
17607,43,Male,Widowed,69609.46,Full-time,West,No,6.6,1
14427,52,Other,Single,88135.56,Full-time,South,Yes,4.3,1
10882,23,Male,Single,64437.07,Full-time,South,Yes,0.7,1
17914,50,Male,Married,60196.16,Part-time,Midwest,No,7.3,0
15650,36,Male,Single,72132.26,Full-time,Midwest,No,2.7,1
12657,41,Male,Single,54674.9,Full-time,West,No,2.5,0
10373,63,Female,Single,58068.53,Full-time,Northeast,No,2.6,0
11185,22,Female,Widowed,74604.07,Full-time,Midwest,Yes,0.5,1
12190,53,Male,Married,69924.51,Full-time,Midwest,No,4.0,1
19497,31,Female,Single,55286.98,Contract,West,Yes,1.1,0
17728,23,Male,Married,72512.17,Full-time,South,No,1.0,0
12367,42,Other,Married,50574.63,Part-time,South,No,0.1,0
10683,59,Male,Single,63894.34,Full-time,Midwest,Yes,5.4,1
13173,49,Female,Single,47994.21,Full-time,South,No,4.2,0
19164,47,Male,Single,71045.44,Full-time,Northeast,Yes,0.7,1
13809,44,Male,Married,102892.69,Part-time,West,Yes,5.4,1
15076,44,Female,Single,79739.75,Full-time,Midwest,Yes,1.7,1
19603,40,Male,Single,58878.38,Full-time,South,No,2.5,0
15750,64,Male,Single,103898.83,Full-time,Northeast,Yes,2.0,1
10771,53,Female,Married,38343.38,Full-time,Midwest,Yes,4.7,1
16027,47,Female,Divorced,63889.28,Full-time,Northeast,No,1.5,1
16805,61,Female,Single,47122.28,Full-time,Midwest,Yes,2.1,1
12523,37,Female,Single,72153.55,Full-time,South,Yes,3.1,1
18325,63,Male,Married,62608.96,Full-time,South,No,1.1,1
12619,35,Female,Married,67924.19,Contract,West,No,13.3,0
10528,49,Male,Married,68111.87,Full-time,Midwest,Yes,0.8,1
16135,47,Male,Married,45592.16,Contract,South,Yes,6.8,0
15962,62,Male,Single,44224.84,Part-time,South,No,1.4,0
16577,35,Male,Single,78517.7,Part-time,South,No,0.9,0
10542,63,Male,Married,66092.62,Full-time,Northeast,Yes,1.2,1
15765,27,Other,Married,68377.06,Full-time,West,Yes,0.3,1
10939,43,Male,Widowed,73903.33,Full-time,West,Yes,4.3,1
16907,61,Female,Divorced,84016.76,Part-time,Northeast,No,4.4,0
14874,48,Male,Single,71675.9,Part-time,Midwest,No,3.0,0
18307,46,Female,Single,54874.5,Part-time,Midwest,No,7.9,0
18194,32,Female,Married,73260.7,Full-time,West,Yes,2.8,1
10107,44,Male,Single,62415.49,Part-time,South,Yes,6.0,1
17622,57,Male,Married,67084.46,Full-time,Northeast,Yes,2.0,1
12356,47,Male,Married,76109.72,Full-time,South,No,2.5,1
16913,57,Female,Divorced,66545.47,Part-time,Midwest,No,3.5,0
15835,47,Female,Married,53494.47,Part-time,Midwest,Yes,5.5,0
18136,39,Female,Single,59673.52,Part-time,Midwest,Yes,1.8,0
18032,25,Female,Married,68429.6,Full-time,Midwest,Yes,5.5,1
15273,44,Female,Single,86933.0,Full-time,West,Yes,1.1,1
13778,31,Female,Single,76489.59,Full-time,Midwest,Yes,4.5,1
14410,58,Female,Single,67710.94,Full-time,Midwest,No,1.0,1
17691,59,Male,Married,72871.22,Full-time,Midwest,Yes,1.1,1
18038,39,Female,Married,33866.77,Full-time,Northeast,No,6.4,0
13010,40,Male,Married,69451.1,Full-time,West,No,5.9,1
17329,23,Male,Widowed,57395.54,Full-time,South,Yes,16.7,0
19651,60,Female,Married,73545.12,Contract,Northeast,No,0.6,0
12935,51,Male,Married,73420.98,Part-time,Midwest,No,18.1,0
10051,35,Female,Married,91694.17,Part-time,South,No,1.6,0
16395,27,Male,Single,58596.37,Full-time,Midwest,Yes,6.3,0
17697,58,Male,Single,55744.05,Full-time,Northeast,No,2.9,0
12060,36,Male,Single,44163.47,Full-time,West,Yes,5.2,1
15584,41,Female,Single,72900.41,Full-time,Midwest,Yes,5.6,1
11723,52,Female,Single,71322.23,Part-time,West,Yes,0.3,1
16960,55,Female,Single,77165.29,Full-time,Midwest,Yes,1.4,1
12075,31,Female,Married,81601.62,Full-time,West,No,2.9,1
17746,45,Female,Divorced,61555.39,Full-time,Northeast,Yes,1.1,1
18255,36,Male,Married,80658.73,Full-time,Midwest,No,5.3,1
16765,55,Male,Married,98769.77,Contract,West,Yes,6.8,1
11316,38,Female,Married,75198.35,Full-time,Northeast,No,9.5,1
16092,43,Male,Widowed,73807.31,Full-time,South,Yes,0.9,1
13069,45,Female,Single,76927.49,Full-time,West,No,2.9,1
15589,52,Other,Married,79023.64,Full-time,South,Yes,7.2,1
13292,26,Female,Divorced,39013.52,Full-time,West,Yes,4.0,0
18484,48,Female,Divorced,89485.42,Full-time,Northeast,Yes,0.6,1
16762,39,Female,Married,67542.49,Part-time,Northeast,No,1.1,0
12663,45,Female,Single,65127.3,Full-time,South,No,9.7,1
17620,23,Female,Married,89351.17,Full-time,South,No,0.8,0
19208,49,Male,Single,59928.13,Part-time,Northeast,No,0.7,0
13332,52,Male,Divorced,60661.14,Full-time,Northeast,Yes,0.2,1
16702,42,Male,Married,89966.53,Full-time,West,Yes,0.6,1
14919,57,Female,Single,64966.47,Full-time,South,Yes,1.6,1
11319,37,Female,Widowed,87579.83,Contract,South,No,4.2,0
14080,41,Female,Married,82812.26,Full-time,Northeast,Yes,14.7,1
18123,52,Female,Married,96975.94,Full-time,Midwest,Yes,6.5,1
14430,47,Female,Married,75171.2,Full-time,West,Yes,6.3,1
18068,48,Male,Married,83657.68,Part-time,South,Yes,11.3,1
11056,61,Female,Single,57215.64,Full-time,Midwest,Yes,1.9,1
17685,63,Male,Married,67361.78,Contract,South,No,5.5,0
18067,40,Male,Married,62179.87,Full-time,South,No,3.1,1
10522,33,Male,Married,76649.78,Full-time,Midwest,No,1.1,1
13545,54,Female,Divorced,70324.67,Contract,West,No,1.4,0
14446,51,Female,Single,45587.72,Full-time,West,No,8.2,0
13872,58,Female,Married,53006.67,Full-time,South,Yes,7.3,1
11117,51,Male,Single,44253.31,Full-time,South,No,0.6,0
16268,39,Female,Single,50620.37,Full-time,West,Yes,5.6,1
12420,26,Female,Single,65492.69,Contract,West,No,7.5,0
12194,59,Female,Single,75595.35,Part-time,West,Yes,4.4,1
19210,62,Male,Married,55241.72,Part-time,West,No,1.3,0
11770,28,Female,Widowed,93651.84,Full-time,South,No,9.2,0
14704,45,Female,Divorced,74073.71,Full-time,Northeast,No,3.4,1
14117,25,Female,Single,50920.83,Full-time,Midwest,No,0.0,0
16329,22,Male,Married,76405.38,Full-time,Northeast,Yes,7.8,1
11547,27,Female,Divorced,66183.37,Full-time,Midwest,Yes,6.0,1
18964,25,Female,Married,44450.67,Part-time,Midwest,Yes,5.3,0
18537,29,Male,Married,62668.92,Full-time,Midwest,No,1.3,0
11518,64,Male,Divorced,90005.99,Full-time,West,No,1.0,1
12326,49,Female,Divorced,52817.62,Full-time,Midwest,No,3.4,0
16427,47,Female,Divorced,42370.51,Full-time,West,Yes,4.4,1
11853,41,Male,Married,71360.11,Part-time,West,No,0.2,0
11587,36,Female,Married,50115.35,Full-time,West,No,3.8,0
14855,31,Male,Divorced,66139.66,Contract,Midwest,Yes,2.5,1
17494,48,Male,Single,51716.34,Contract,Northeast,No,6.9,0
19592,53,Female,Married,41729.17,Full-time,West,Yes,3.3,1
16080,34,Female,Single,58775.56,Full-time,South,No,7.8,0
10122,47,Male,Single,38769.11,Full-time,Northeast,No,0.6,0
16371,37,Male,Single,52541.31,Part-time,West,No,2.0,0
14053,39,Female,Divorced,50556.63,Part-time,Northeast,No,0.5,0
17553,57,Female,Divorced,74310.03,Full-time,South,No,17.7,1
19628,22,Female,Single,45421.34,Full-time,Northeast,Yes,1.0,0
14250,60,Female,Single,61168.59,Full-time,West,Yes,1.9,1
12004,44,Male,Single,77044.49,Contract,Midwest,No,2.3,0
18639,28,Other,Married,39333.46,Part-time,Northeast,Yes,0.4,0
11772,51,Female,Divorced,55597.97,Full-time,West,Yes,4.6,1
13758,31,Male,Married,48226.16,Contract,Midwest,No,4.3,0
17736,46,Female,Single,78000.55,Part-time,South,Yes,2.9,1
10574,28,Female,Single,64833.54,Full-time,Midwest,No,1.6,0
10552,39,Female,Married,77993.97,Full-time,Midwest,No,10.9,1
14741,53,Male,Divorced,56101.92,Full-time,Midwest,Yes,1.6,1
19479,53,Other,Single,68543.96,Part-time,Northeast,No,1.6,0
11890,59,Male,Single,65476.58,Full-time,Midwest,Yes,8.4,1
12220,63,Male,Married,69582.43,Full-time,Midwest,Yes,9.6,1
11147,50,Male,Married,74708.98,Full-time,South,Yes,4.2,1
11842,31,Female,Single,69181.81,Full-time,South,No,4.7,1
19632,62,Female,Married,92206.19,Full-time,West,Yes,10.2,1
15542,24,Female,Married,73793.61,Full-time,West,No,4.2,0
15737,60,Male,Single,47525.67,Full-time,Northeast,Yes,6.9,1
12726,55,Female,Single,38144.55,Part-time,Midwest,Yes,10.2,0
15965,62,Male,Married,71796.16,Full-time,Northeast,No,4.2,1
19678,64,Other,Single,78397.81,Full-time,West,Yes,1.1,1
10949,58,Male,Married,68129.63,Full-time,South,Yes,1.0,1
14817,54,Male,Married,81734.82,Full-time,South,Yes,1.9,1
12162,37,Female,Single,61163.12,Full-time,Midwest,Yes,5.8,1
11450,56,Male,Single,59558.96,Full-time,South,Yes,1.9,1
17852,34,Female,Single,63402.89,Full-time,Northeast,Yes,2.6,1
10991,50,Male,Married,59285.0,Full-time,Midwest,No,0.4,0
12434,23,Male,Divorced,47263.46,Full-time,South,No,1.7,0
14598,22,Male,Single,59766.32,Full-time,West,Yes,0.4,0
18315,41,Female,Single,64363.27,Full-time,West,No,3.6,1
11903,43,Male,Married,71855.86,Full-time,Northeast,No,14.4,1
18615,59,Female,Single,78773.09,Part-time,Northeast,Yes,1.2,1
15977,45,Female,Divorced,44171.13,Part-time,West,Yes,3.7,0
14160,32,Male,Single,91818.05,Full-time,Northeast,Yes,4.5,1
16132,38,Male,Widowed,50732.45,Full-time,Northeast,No,4.9,0
14890,61,Female,Married,73953.41,Full-time,West,No,1.3,1
12620,32,Female,Married,59642.34,Part-time,West,Yes,4.3,0
11564,57,Female,Divorced,71054.14,Full-time,Midwest,No,0.2,1
11175,28,Male,Married,59734.57,Full-time,South,Yes,2.2,0
10255,24,Female,Married,80685.54,Full-time,South,No,2.2,0
14926,56,Female,Single,36092.07,Full-time,West,Yes,5.0,1
10240,56,Male,Single,83839.19,Full-time,South,No,0.2,1
16758,61,Male,Single,63977.1,Full-time,West,No,1.2,1
13838,63,Male,Widowed,81298.89,Part-time,Midwest,Yes,0.3,1
18025,37,Female,Married,58657.72,Full-time,West,Yes,1.1,1
14011,27,Male,Divorced,53567.76,Part-time,South,Yes,3.9,0
15031,51,Other,Married,48686.72,Full-time,Northeast,Yes,0.1,1
16743,48,Male,Single,72242.65,Full-time,Northeast,Yes,2.9,1
19755,22,Male,Widowed,70187.32,Full-time,West,Yes,13.7,1
12423,29,Female,Married,61418.0,Full-time,Northeast,Yes,6.0,1
10460,54,Male,Married,82862.87,Full-time,West,Yes,1.6,1
11665,38,Female,Divorced,45033.58,Part-time,West,No,5.1,0
18457,37,Male,Single,68413.16,Full-time,Midwest,No,4.3,1
19179,46,Female,Divorced,54972.67,Full-time,West,Yes,5.8,1
13046,29,Female,Single,78377.19,Full-time,Midwest,Yes,0.6,1
13925,62,Female,Married,55414.22,Full-time,West,Yes,2.9,1
18460,50,Male,Married,62324.68,Full-time,South,No,0.7,1
17937,60,Female,Married,70820.29,Full-time,Midwest,No,0.5,1
15262,42,Male,Married,62067.48,Full-time,Northeast,Yes,6.1,1
14458,39,Male,Single,71193.59,Contract,Midwest,No,0.9,0
16186,39,Female,Married,51505.53,Full-time,Northeast,Yes,0.4,1
14609,64,Male,Single,73855.16,Full-time,Midwest,Yes,2.1,1
17284,45,Female,Single,73102.05,Full-time,Midwest,Yes,0.6,1
17816,51,Male,Single,76177.96,Contract,South,Yes,8.6,1
12440,62,Male,Single,76820.26,Part-time,Midwest,Yes,2.1,1
19918,22,Female,Married,36926.7,Full-time,South,Yes,9.0,0
16922,35,Female,Single,71083.61,Full-time,Northeast,No,17.6,1
16970,51,Male,Single,69646.44,Full-time,Northeast,No,3.0,1
17527,23,Female,Single,74690.59,Part-time,West,No,5.6,0
10582,48,Male,Divorced,80776.28,Full-time,West,No,18.7,1
19188,46,Female,Married,67049.25,Part-time,West,No,7.9,0
13127,31,Male,Single,88546.32,Full-time,South,Yes,0.1,1
18268,55,Female,Single,62214.67,Part-time,Northeast,No,10.1,0
15560,30,Male,Single,57345.15,Part-time,West,Yes,5.0,0
18762,47,Male,Single,74531.92,Full-time,South,No,0.3,1
10725,59,Male,Married,38220.86,Full-time,Midwest,Yes,0.1,1
18326,40,Female,Married,101153.8,Contract,Northeast,No,0.5,0
19812,53,Female,Single,58816.13,Full-time,West,No,12.0,0
12785,64,Male,Married,72556.36,Full-time,Northeast,Yes,0.4,1
18225,35,Female,Married,56500.85,Full-time,West,Yes,1.3,1
17143,42,Male,Single,25610.08,Contract,West,No,0.4,0
13336,50,Female,Married,28380.67,Full-time,South,Yes,13.0,1
13039,46,Male,Married,68832.84,Full-time,South,Yes,1.0,1
12758,41,Female,Married,87342.55,Part-time,West,No,2.8,0
16244,38,Male,Single,53605.82,Full-time,Midwest,Yes,1.1,1
16864,52,Male,Married,56985.91,Full-time,Midwest,No,2.6,0
19051,33,Female,Married,81857.94,Full-time,South,No,10.0,1
18889,22,Male,Single,66086.52,Full-time,West,Yes,10.6,1
11541,38,Male,Single,51588.77,Part-time,West,Yes,1.0,0
17278,47,Female,Single,93853.73,Full-time,South,No,2.3,1
17777,44,Female,Widowed,65988.29,Full-time,Midwest,No,10.8,1
15132,64,Female,Married,56987.72,Contract,Midwest,Yes,6.1,0
15599,40,Female,Married,51514.27,Full-time,Northeast,Yes,5.7,1
14220,59,Male,Single,72695.24,Contract,Midwest,Yes,1.2,1
17742,24,Female,Married,66379.33,Part-time,South,Yes,3.9,0
11555,49,Male,Single,30935.52,Full-time,West,Yes,0.3,1
17119,40,Female,Married,46526.78,Full-time,Northeast,Yes,3.8,1
13381,25,Female,Single,68953.04,Full-time,Midwest,Yes,12.5,1
17146,53,Female,Single,59635.61,Full-time,West,Yes,7.0,1
12404,56,Female,Married,69707.8,Full-time,Midwest,Yes,4.2,1
12616,48,Male,Married,47041.7,Part-time,West,Yes,5.5,0
13500,42,Female,Single,55588.89,Contract,West,Yes,1.0,0
11649,36,Female,Widowed,66237.74,Full-time,West,Yes,0.3,1
10586,60,Female,Single,77296.58,Part-time,Northeast,No,1.9,0
10780,27,Male,Married,47663.88,Part-time,South,Yes,4.6,0
12192,37,Male,Married,60074.72,Part-time,Midwest,Yes,4.8,1
13864,24,Female,Single,68276.52,Full-time,Midwest,Yes,0.0,1
10920,38,Female,Single,58932.05,Part-time,Midwest,Yes,0.8,0
16722,59,Male,Married,55721.49,Part-time,West,Yes,4.6,0
17979,47,Female,Married,48239.4,Full-time,Midwest,No,6.3,0
17681,37,Female,Divorced,62223.03,Full-time,West,No,4.1,1
14435,63,Male,Married,92976.61,Full-time,West,No,0.8,1
17039,64,Male,Single,51791.19,Full-time,Northeast,No,6.2,0
18745,50,Female,Married,78312.93,Full-time,Northeast,No,0.3,1
18842,33,Male,Married,73154.85,Full-time,South,No,8.1,1
10871,52,Female,Divorced,86015.03,Part-time,Midwest,No,3.0,0
15850,39,Female,Single,72580.06,Full-time,West,Yes,3.8,1
17151,48,Female,Single,56883.6,Full-time,Northeast,Yes,0.0,1
16831,32,Female,Single,76742.6,Full-time,West,Yes,2.0,1
17403,39,Female,Single,63009.19,Full-time,Northeast,No,0.7,1
19843,57,Female,Married,40374.93,Full-time,Northeast,Yes,2.6,1
10727,39,Male,Married,51517.99,Full-time,West,Yes,2.2,1
15929,53,Male,Married,60612.79,Full-time,Midwest,No,3.5,1
11423,55,Female,Married,57767.02,Full-time,Midwest,No,4.8,0
19871,45,Female,Married,62041.29,Full-time,Midwest,Yes,0.7,1
12848,46,Female,Single,74332.03,Full-time,South,Yes,3.3,1
17251,45,Female,Single,82362.16,Full-time,Northeast,Yes,4.0,1
14971,52,Male,Single,42358.83,Full-time,West,Yes,0.0,1
14414,56,Female,Divorced,40829.8,Full-time,Midwest,Yes,8.1,1
12918,30,Female,Single,80957.95,Full-time,West,No,2.6,0
18449,33,Male,Single,70508.35,Part-time,Midwest,No,0.2,0
17332,46,Male,Married,55053.01,Full-time,West,Yes,7.4,1
12653,57,Female,Single,74785.32,Contract,Northeast,Yes,0.3,1
16127,39,Male,Single,96315.81,Full-time,Midwest,Yes,1.6,1
14671,41,Female,Single,79262.65,Full-time,West,Yes,6.7,1
13973,40,Male,Single,56388.64,Full-time,South,No,3.7,0
13601,63,Female,Single,87446.84,Full-time,West,Yes,0.0,1
18726,22,Female,Single,59314.04,Full-time,Midwest,No,0.7,0
13317,25,Male,Married,59973.98,Contract,West,Yes,0.2,0
17864,59,Male,Married,37637.54,Full-time,South,Yes,3.9,1
16731,29,Female,Married,72892.53,Part-time,West,Yes,3.9,0
17648,33,Female,Divorced,61957.27,Full-time,Northeast,No,3.2,1
16007,27,Male,Married,53014.55,Part-time,Midwest,No,0.6,0
14633,41,Male,Married,56595.75,Full-time,Northeast,Yes,2.0,1
10797,57,Male,Married,66288.44,Full-time,West,Yes,3.3,1
15896,49,Female,Single,79985.02,Part-time,West,No,3.1,0
12614,25,Female,Married,73043.83,Contract,Northeast,No,2.4,0
15101,56,Male,Single,63523.34,Full-time,South,Yes,1.2,1
13998,24,Other,Married,51883.92,Full-time,West,No,0.9,0
13745,57,Male,Divorced,65922.0,Full-time,Midwest,Yes,1.3,1
19366,48,Female,Single,58133.02,Full-time,Midwest,Yes,4.2,1
10904,64,Female,Married,84052.23,Full-time,Midwest,Yes,2.1,1
16040,34,Male,Single,64690.38,Full-time,West,No,5.6,1
19010,56,Male,Married,34892.36,Part-time,Midwest,No,4.8,0
12305,30,Female,Married,80515.87,Full-time,West,No,2.4,0
12539,60,Male,Single,82505.4,Full-time,South,No,1.5,1
15581,34,Female,Single,80909.05,Contract,Midwest,No,3.4,0
18189,33,Male,Single,63043.97,Full-time,Northeast,Yes,1.4,1
13506,45,Female,Divorced,42893.63,Full-time,South,Yes,3.1,1
12621,60,Male,Married,86701.13,Full-time,South,No,0.3,1
14787,37,Male,Married,84325.93,Full-time,West,Yes,2.6,1
16471,57,Female,Married,65210.15,Full-time,Midwest,Yes,3.4,1
19038,50,Female,Single,83730.68,Full-time,Northeast,No,9.4,1
13910,38,Male,Married,71619.7,Full-time,Midwest,No,4.0,1
19670,43,Female,Married,63834.44,Full-time,South,No,1.3,1
11419,60,Female,Married,62310.05,Full-time,West,No,1.9,1
16490,38,Female,Divorced,52068.45,Full-time,Northeast,No,2.7,0
11401,24,Male,Divorced,80343.27,Full-time,West,Yes,1.1,1
18535,37,Male,Single,32107.43,Part-time,Midwest,No,1.8,0
17178,33,Male,Single,45616.72,Full-time,Midwest,Yes,3.8,1
19433,26,Male,Single,41826.5,Full-time,Northeast,Yes,3.9,0
14062,55,Female,Married,72472.06,Full-time,West,No,2.9,1
16108,46,Male,Married,83380.64,Full-time,South,No,10.6,1
14639,38,Female,Married,93176.46,Full-time,South,No,3.5,1
16376,64,Male,Married,31180.94,Full-time,West,Yes,0.6,1
19467,25,Male,Single,64465.85,Full-time,West,Yes,16.6,1
12827,40,Female,Single,72154.63,Full-time,Midwest,No,0.1,1
15301,51,Male,Divorced,94056.15,Part-time,West,No,0.0,0
17885,33,Male,Single,63371.68,Contract,Midwest,Yes,6.0,1
19819,28,Female,Married,78664.31,Full-time,South,Yes,2.7,1
18620,58,Female,Married,46416.33,Full-time,South,No,4.9,0
11678,62,Male,Single,51421.58,Full-time,West,Yes,4.7,1
13537,52,Female,Single,87717.86,Part-time,Midwest,Yes,0.0,1
18430,31,Male,Married,47881.64,Full-time,Northeast,Yes,5.7,1
10906,54,Female,Single,57675.04,Part-time,South,No,1.2,0
12630,51,Female,Married,85251.41,Part-time,Midwest,No,0.8,0
14917,47,Female,Married,66884.62,Full-time,West,Yes,1.7,1
12892,41,Female,Divorced,68287.55,Part-time,West,Yes,5.4,1
18654,45,Female,Married,94872.36,Full-time,Northeast,No,5.5,1
10517,46,Male,Divorced,67852.45,Full-time,Midwest,Yes,0.3,1
19838,25,Female,Single,82521.21,Full-time,South,Yes,0.5,1
11233,59,Female,Married,47208.35,Full-time,Midwest,No,3.9,0
15300,57,Male,Divorced,72664.16,Full-time,Midwest,No,1.6,1
11021,47,Other,Divorced,55889.49,Full-time,South,Yes,1.1,1
10041,46,Female,Divorced,49390.08,Full-time,Midwest,Yes,0.0,1
16212,39,Female,Single,85465.03,Contract,Northeast,Yes,4.1,1
10763,61,Female,Single,83390.93,Full-time,South,No,4.1,1
16544,40,Other,Single,48542.07,Full-time,South,No,0.7,0
13656,38,Female,Divorced,66995.93,Full-time,West,No,6.0,1
15060,38,Male,Married,70007.31,Full-time,Midwest,Yes,2.8,1
18218,29,Female,Widowed,65192.8,Part-time,Midwest,No,6.2,0
17565,47,Male,Married,76299.46,Part-time,West,Yes,2.1,1
13104,23,Male,Married,74980.89,Full-time,Northeast,No,2.8,0
13728,47,Female,Divorced,30518.54,Full-time,South,No,20.2,0
10121,26,Other,Married,53143.99,Full-time,West,No,0.7,0
12871,47,Male,Married,48556.56,Full-time,South,Yes,4.3,1
13862,63,Male,Married,40825.93,Full-time,South,Yes,1.4,1
15833,46,Female,Single,68698.99,Full-time,Northeast,Yes,1.3,1
12852,26,Male,Single,93335.75,Full-time,Midwest,Yes,2.5,1
10193,22,Female,Married,80250.38,Full-time,Northeast,Yes,2.9,1
13531,62,Female,Married,52481.9,Full-time,West,No,1.3,0
18886,63,Male,Married,30525.41,Full-time,South,Yes,3.0,1
17080,38,Male,Married,64528.15,Full-time,West,No,7.5,1
10730,48,Female,Single,44718.18,Full-time,West,Yes,0.1,1
19551,64,Male,Widowed,82538.39,Full-time,South,No,4.2,1
12795,57,Male,Single,62981.36,Full-time,Northeast,Yes,9.1,1
18008,37,Female,Single,54325.33,Full-time,Northeast,No,9.9,0
19086,52,Male,Single,61311.59,Full-time,Northeast,No,1.5,1
15714,28,Female,Single,90557.94,Part-time,Midwest,Yes,2.2,0
19615,31,Other,Divorced,70746.99,Full-time,Northeast,Yes,2.0,1
12212,39,Male,Married,84545.34,Full-time,Northeast,Yes,1.3,1
18943,53,Female,Married,73213.19,Full-time,South,Yes,2.2,1
10708,24,Male,Single,62585.33,Full-time,Midwest,No,8.1,0
14064,56,Female,Married,77793.78,Full-time,South,Yes,0.0,1
18767,57,Female,Married,62387.88,Full-time,West,Yes,7.0,1
15668,54,Male,Married,29818.75,Contract,Northeast,No,11.3,0
16658,63,Male,Single,57876.83,Part-time,Northeast,Yes,2.9,0
11551,31,Male,Married,69758.03,Full-time,Northeast,Yes,8.5,1
15687,48,Female,Single,66617.06,Full-time,South,No,2.3,1
12448,61,Female,Married,68800.94,Part-time,West,Yes,1.9,1
17282,56,Female,Single,61407.22,Full-time,Northeast,Yes,4.1,1
13397,61,Female,Married,39500.27,Full-time,Northeast,Yes,3.8,1
16604,44,Male,Married,39127.48,Full-time,Midwest,No,1.2,0
19679,37,Female,Married,48392.73,Full-time,Northeast,No,7.8,0
12431,61,Male,Married,66345.3,Contract,West,Yes,2.6,1
19543,29,Male,Widowed,61705.76,Full-time,West,No,6.7,0
13389,35,Female,Widowed,63879.88,Part-time,Northeast,No,0.2,0
16601,23,Female,Single,69967.03,Full-time,Midwest,No,1.3,0
14818,22,Other,Married,69139.28,Full-time,Northeast,No,2.5,0
14955,61,Female,Single,67621.36,Full-time,South,Yes,2.5,1
17877,51,Female,Divorced,41552.16,Full-time,West,No,8.1,0
18811,31,Female,Divorced,66425.09,Full-time,South,Yes,0.5,1
17140,33,Female,Married,69452.13,Full-time,Midwest,Yes,4.4,1
16248,26,Male,Single,74154.45,Part-time,South,No,0.2,0
16501,61,Male,Married,55570.66,Full-time,Northeast,Yes,0.3,1
15125,53,Female,Married,87622.04,Full-time,South,No,2.6,1
14365,32,Male,Married,86119.93,Full-time,West,Yes,5.2,1
19609,63,Female,Married,60040.54,Full-time,Midwest,Yes,3.8,1
17350,44,Male,Married,72801.36,Part-time,South,Yes,3.7,1
19682,60,Female,Married,59494.12,Full-time,West,Yes,1.6,1
10573,38,Male,Single,68666.97,Part-time,Northeast,No,5.2,0
12094,53,Female,Single,86907.88,Full-time,West,Yes,1.1,1
10772,40,Male,Single,85805.16,Full-time,West,No,0.5,1
18790,26,Male,Married,94151.1,Full-time,Northeast,Yes,3.5,1
14602,43,Male,Married,67861.58,Full-time,Midwest,No,1.0,1
16565,60,Male,Widowed,58690.21,Full-time,Northeast,No,2.4,0
10419,43,Male,Married,80292.05,Full-time,South,Yes,7.6,1
14096,27,Male,Single,39099.41,Part-time,West,Yes,0.9,0
11483,39,Female,Married,41680.95,Full-time,Northeast,No,3.3,0
17082,40,Female,Single,78591.39,Full-time,Northeast,Yes,1.7,1
17623,60,Female,Divorced,75810.49,Full-time,Northeast,No,0.5,1
13921,22,Male,Single,63547.55,Full-time,West,Yes,6.1,1
14791,29,Male,Married,63634.89,Contract,West,No,6.8,0
10948,42,Male,Married,58932.33,Full-time,South,No,2.1,0
17652,33,Female,Divorced,70388.88,Full-time,South,Yes,5.7,1
19940,22,Male,Married,43807.11,Full-time,Northeast,Yes,9.2,0
10776,49,Female,Single,41384.55,Full-time,West,Yes,0.6,1
14879,63,Male,Divorced,61528.04,Full-time,Northeast,Yes,1.6,1
12600,51,Other,Married,64441.61,Full-time,Northeast,Yes,4.9,1
19527,60,Female,Single,59717.91,Full-time,West,Yes,1.9,1
18251,45,Male,Single,75295.51,Full-time,Midwest,Yes,0.0,1
19508,41,Female,Single,64291.84,Part-time,Midwest,Yes,1.6,1
10583,31,Male,Married,60599.46,Full-time,Northeast,Yes,0.4,1
12815,59,Male,Married,52683.02,Full-time,Midwest,Yes,6.7,1
12573,60,Male,Single,52967.5,Full-time,South,Yes,3.9,1
19676,25,Female,Married,73258.1,Full-time,West,Yes,1.0,1
16053,63,Male,Married,78118.07,Full-time,Midwest,Yes,6.6,1
19880,43,Male,Single,58402.52,Full-time,West,No,3.3,0
11195,26,Female,Widowed,75060.55,Full-time,Northeast,Yes,7.6,1
11036,47,Male,Married,59703.36,Full-time,West,No,0.5,0
17941,44,Female,Single,83023.87,Full-time,Midwest,Yes,2.5,1
11131,25,Male,Married,61664.78,Part-time,South,Yes,0.8,0
10643,38,Male,Divorced,68484.65,Full-time,South,Yes,0.7,1
10975,61,Female,Married,75418.25,Full-time,Midwest,Yes,1.7,1
10540,37,Female,Single,55942.73,Full-time,Northeast,Yes,2.8,1
14852,40,Female,Married,32951.26,Full-time,Midwest,Yes,0.2,1
12998,38,Female,Single,57992.93,Full-time,West,No,0.2,0
17066,56,Male,Single,48444.12,Full-time,Northeast,Yes,2.4,1
16014,52,Male,Married,53329.27,Full-time,Northeast,Yes,6.5,1
19173,46,Male,Married,88669.33,Full-time,West,Yes,6.3,1
13208,59,Male,Married,85610.83,Full-time,Midwest,Yes,7.4,1
17084,28,Female,Married,80701.61,Full-time,Northeast,Yes,7.8,1
10977,60,Male,Married,120312.0,Full-time,Northeast,Yes,1.9,1
10919,30,Female,Married,78896.72,Full-time,Northeast,Yes,2.1,1
13684,59,Female,Widowed,53486.44,Full-time,South,No,4.1,0
19044,47,Female,Divorced,85413.41,Full-time,West,No,0.5,1
16933,63,Female,Widowed,82849.14,Full-time,Midwest,No,3.4,1
14523,48,Male,Married,54171.82,Full-time,Northeast,No,7.4,0
10537,42,Male,Widowed,37307.16,Part-time,South,Yes,4.7,0
18946,47,Female,Single,66246.79,Full-time,Midwest,No,1.1,1
10950,26,Male,Single,54484.61,Full-time,Northeast,Yes,4.4,0
12665,51,Female,Single,67798.95,Full-time,Midwest,Yes,1.2,1
11089,45,Female,Single,70289.45,Part-time,South,Yes,2.5,1
16914,58,Male,Widowed,64610.83,Part-time,Midwest,Yes,3.9,1
16036,36,Female,Single,74772.37,Full-time,South,Yes,1.0,1
14642,64,Male,Divorced,74925.5,Full-time,Northeast,No,5.6,1
12129,27,Male,Married,48066.22,Full-time,South,No,13.9,0
10865,24,Female,Married,30754.47,Part-time,Northeast,No,0.2,0
13442,43,Male,Married,56832.95,Full-time,Northeast,No,0.3,0
11061,22,Male,Married,71890.05,Full-time,West,No,0.9,0
12744,31,Female,Married,61070.67,Part-time,West,Yes,1.0,1
11245,52,Female,Divorced,96301.97,Full-time,South,Yes,0.4,1
16580,47,Male,Single,57069.21,Full-time,West,Yes,0.2,1
16886,59,Female,Married,79326.9,Full-time,Midwest,Yes,6.3,1
10446,26,Female,Single,64337.23,Full-time,West,No,0.6,0
10736,51,Male,Single,72041.88,Part-time,Northeast,No,2.2,0
11616,42,Male,Single,70545.08,Full-time,Midwest,Yes,1.8,1
17487,59,Female,Married,40572.89,Full-time,South,Yes,5.0,1
14155,54,Male,Divorced,62532.93,Full-time,West,Yes,4.6,1
17980,27,Male,Single,76330.39,Full-time,Northeast,Yes,13.3,1
14849,42,Female,Married,97713.63,Full-time,West,Yes,5.4,1
10148,49,Male,Divorced,74505.02,Full-time,Midwest,Yes,9.4,1
10481,47,Female,Married,89221.52,Part-time,Northeast,Yes,3.3,1
12032,25,Male,Married,75113.48,Part-time,West,Yes,2.2,0
18810,55,Male,Single,36237.63,Full-time,West,No,7.5,0
12053,43,Male,Single,64167.67,Full-time,Northeast,No,0.4,1
13237,50,Male,Single,44177.98,Full-time,South,Yes,1.6,1
17725,23,Female,Married,59219.71,Full-time,South,Yes,0.7,0
14026,54,Male,Single,64413.44,Full-time,Northeast,Yes,2.4,1
13553,57,Male,Married,67516.4,Full-time,Northeast,No,9.3,1
11581,33,Female,Widowed,45939.45,Part-time,West,No,0.1,0
10329,52,Male,Single,45955.6,Part-time,South,Yes,3.2,0
13893,46,Other,Married,65655.55,Contract,West,No,1.4,0
12325,48,Female,Single,47580.18,Full-time,Northeast,Yes,4.3,1
11289,61,Female,Single,58323.93,Full-time,Northeast,Yes,2.8,1
10709,33,Other,Single,71700.18,Full-time,West,No,2.6,1
17098,28,Female,Single,64240.32,Part-time,Northeast,No,0.7,0
13057,59,Female,Married,69113.19,Full-time,West,No,4.1,1
14934,33,Other,Single,91173.76,Full-time,Northeast,Yes,2.6,1
18043,54,Male,Married,66268.85,Full-time,West,Yes,13.9,1
12770,62,Male,Married,59653.3,Full-time,Northeast,No,2.0,0
13889,34,Male,Single,52588.77,Contract,Midwest,Yes,0.2,0
14107,36,Male,Married,60594.9,Part-time,West,Yes,2.3,1
16045,62,Male,Divorced,90832.15,Full-time,Northeast,Yes,2.5,1
15033,60,Female,Married,69394.59,Full-time,Northeast,No,5.4,1
11387,53,Female,Married,66229.75,Full-time,South,No,3.1,1
11153,29,Female,Single,60934.54,Contract,Northeast,No,2.3,0
12984,33,Male,Single,73951.51,Full-time,South,Yes,2.3,1
12244,39,Male,Divorced,53388.27,Full-time,Midwest,Yes,2.0,1
12473,42,Male,Single,72427.71,Full-time,South,Yes,0.4,1
12254,52,Male,Married,59164.32,Full-time,Northeast,Yes,0.9,1
10406,46,Male,Single,72217.5,Full-time,Northeast,Yes,1.8,1
16441,52,Female,Single,74039.76,Full-time,Northeast,No,0.2,1
11440,30,Male,Married,78069.26,Full-time,South,No,5.1,0
15891,44,Female,Married,69398.66,Full-time,South,Yes,6.2,1
12235,35,Female,Married,76096.37,Full-time,West,Yes,4.2,1
19906,44,Female,Married,63214.74,Full-time,Northeast,Yes,13.0,1
10104,33,Female,Single,79249.78,Full-time,Northeast,Yes,0.2,1
10875,49,Female,Single,45674.0,Full-time,South,No,1.8,0
15759,25,Male,Single,65255.02,Full-time,Midwest,No,1.4,0
14729,46,Female,Married,58957.27,Contract,Northeast,No,17.9,0
18022,57,Male,Married,59480.23,Full-time,South,No,0.7,0
14571,33,Male,Single,84934.83,Full-time,Midwest,Yes,3.1,1
10292,51,Male,Single,60033.62,Full-time,West,No,0.2,1
19970,47,Male,Married,81061.1,Full-time,South,Yes,2.4,1
11480,29,Male,Single,45016.39,Part-time,Northeast,No,3.8,0
11254,47,Male,Single,53241.09,Full-time,Midwest,No,5.5,0
13707,38,Female,Married,74382.94,Full-time,Northeast,No,6.2,1
16562,37,Male,Single,52868.19,Full-time,West,No,1.3,0
18216,39,Male,Divorced,47343.78,Full-time,West,Yes,13.9,1
10231,61,Male,Widowed,67546.82,Part-time,Midwest,Yes,0.5,1
17235,60,Male,Married,81838.14,Full-time,South,Yes,0.2,1
15193,63,Female,Divorced,66570.65,Contract,West,Yes,1.3,1
13727,39,Male,Married,53281.49,Part-time,Midwest,Yes,1.0,0
11306,58,Male,Married,67130.05,Full-time,South,Yes,19.5,1
14509,23,Male,Married,35527.56,Full-time,South,Yes,0.0,0
19047,49,Female,Married,98031.65,Full-time,Northeast,Yes,6.4,1
15374,22,Male,Married,59181.86,Part-time,Midwest,No,2.1,0
17745,47,Male,Married,71481.1,Full-time,Midwest,Yes,8.0,1
18137,58,Female,Single,69620.91,Full-time,West,Yes,0.9,1
10748,26,Male,Married,51397.62,Full-time,South,No,1.1,0
19492,30,Female,Divorced,39028.35,Full-time,Northeast,No,2.9,0
12666,43,Male,Married,59950.92,Full-time,Midwest,No,2.0,0
14956,31,Other,Married,64586.91,Full-time,West,Yes,8.2,1
15153,26,Female,Single,75933.27,Part-time,Midwest,Yes,1.8,0
11107,49,Female,Married,97712.23,Contract,South,No,3.0,0
13255,42,Female,Married,39410.9,Full-time,Midwest,Yes,13.2,1
13817,43,Male,Single,91631.63,Full-time,South,Yes,13.9,1
16857,34,Male,Single,67379.33,Full-time,Northeast,Yes,1.8,1
19532,43,Male,Divorced,64412.19,Full-time,South,Yes,5.0,1
14663,63,Female,Single,71326.96,Full-time,Northeast,No,0.2,1
15972,23,Male,Married,46938.66,Full-time,Northeast,Yes,8.6,0
15346,52,Male,Single,87047.38,Full-time,Northeast,Yes,0.0,1
11073,31,Male,Married,61641.88,Full-time,Northeast,Yes,3.8,1
13851,58,Male,Married,76474.89,Full-time,West,Yes,4.1,1
13647,26,Male,Single,82321.94,Full-time,West,No,0.2,0
16983,44,Male,Single,51378.8,Full-time,South,Yes,5.5,1
11441,56,Female,Married,61079.57,Full-time,South,Yes,0.6,1
15661,39,Other,Married,90563.41,Part-time,South,No,1.1,0
10530,52,Female,Divorced,66921.29,Full-time,Northeast,No,12.0,1
18567,46,Female,Single,69946.85,Full-time,Northeast,Yes,0.5,1
15214,35,Female,Single,68521.54,Full-time,Northeast,No,0.2,1
12232,24,Male,Single,72565.99,Contract,Midwest,Yes,2.8,0
13958,40,Other,Married,65159.42,Full-time,Northeast,No,12.6,1
12861,23,Female,Single,54487.36,Full-time,Midwest,No,1.9,0
13794,60,Female,Widowed,55007.19,Full-time,Midwest,No,13.2,0
11595,25,Male,Single,64377.4,Full-time,West,No,0.0,0
17969,42,Female,Single,58645.81,Part-time,West,Yes,9.2,0
10690,40,Male,Married,63161.74,Full-time,Northeast,No,1.4,1
14536,59,Female,Widowed,85184.09,Full-time,West,Yes,4.1,1
15228,43,Female,Married,57781.97,Contract,South,Yes,2.5,0
14546,24,Male,Married,72063.16,Contract,Northeast,Yes,3.5,0
12070,25,Male,Widowed,54104.65,Full-time,Northeast,No,10.5,0
15250,48,Female,Married,55114.41,Part-time,Northeast,No,10.7,0
19778,24,Male,Single,64827.3,Contract,South,No,14.7,0
16848,32,Female,Single,71714.54,Part-time,South,Yes,9.6,1
11374,39,Male,Widowed,61428.41,Full-time,South,No,14.9,1
16385,35,Male,Single,78450.96,Full-time,South,No,1.0,1
17651,35,Male,Divorced,74748.45,Part-time,South,No,0.1,0
10602,27,Female,Married,91047.29,Full-time,Northeast,Yes,0.4,1
11030,27,Male,Married,66708.33,Part-time,Northeast,Yes,7.2,0
13275,60,Male,Married,70569.47,Contract,Northeast,Yes,6.1,1
19622,47,Female,Married,63151.11,Part-time,West,No,1.2,0
14806,42,Female,Married,37857.39,Full-time,South,No,1.5,0
19890,54,Female,Widowed,57026.94,Full-time,South,Yes,0.7,1
14015,35,Female,Single,51931.86,Full-time,Northeast,No,7.3,0
19285,45,Female,Single,53430.04,Full-time,Midwest,Yes,2.7,1
11724,53,Female,Married,56310.46,Full-time,Northeast,Yes,6.2,1
13211,25,Male,Married,52754.25,Full-time,Midwest,Yes,3.1,0
16149,43,Female,Single,52381.56,Full-time,Northeast,No,8.6,0
16709,35,Male,Single,72464.33,Full-time,West,Yes,14.9,1
11575,39,Female,Single,83267.95,Contract,Northeast,No,6.4,0
14670,55,Male,Widowed,52057.17,Full-time,Northeast,Yes,2.4,1
13363,58,Female,Single,31118.76,Full-time,Northeast,Yes,7.3,1
19957,54,Other,Married,77492.72,Part-time,Midwest,No,2.2,0
17665,57,Female,Divorced,56036.53,Full-time,West,No,15.7,0
19730,35,Male,Single,57923.07,Full-time,South,Yes,11.2,1
10714,38,Female,Single,53519.81,Full-time,Northeast,No,6.4,0
10804,47,Male,Single,43697.69,Full-time,South,Yes,1.7,1
19390,30,Male,Married,47987.52,Contract,Northeast,No,1.0,0
18337,37,Male,Divorced,29023.55,Full-time,Midwest,Yes,2.6,1
16926,36,Male,Married,73785.16,Full-time,South,Yes,0.9,1
19201,55,Male,Single,68297.23,Full-time,West,No,12.3,1
10124,60,Other,Married,58439.95,Full-time,Northeast,No,6.0,0
17951,45,Female,Single,48237.46,Full-time,West,No,3.9,0
10340,47,Male,Married,64526.68,Part-time,West,Yes,4.3,1
10090,32,Female,Married,67862.9,Full-time,West,No,9.6,1
17541,24,Female,Married,41733.22,Full-time,West,No,2.4,0
18702,62,Female,Married,68338.22,Full-time,South,Yes,7.4,1
13678,47,Male,Married,71984.16,Part-time,South,Yes,5.0,1
17981,62,Male,Single,47183.11,Full-time,Midwest,Yes,10.2,1
15102,53,Male,Single,95507.0,Full-time,South,Yes,0.9,1
12494,43,Female,Married,71604.87,Full-time,West,No,1.0,1
18604,38,Female,Married,64706.6,Full-time,West,Yes,1.6,1
10430,42,Male,Married,55384.87,Full-time,Northeast,Yes,3.9,1
18827,45,Female,Divorced,71174.94,Full-time,Midwest,Yes,1.8,1
10439,57,Male,Divorced,69592.52,Full-time,West,Yes,1.8,1
15918,61,Male,Married,109161.74,Full-time,Midwest,Yes,7.6,1
15134,30,Female,Married,58307.41,Contract,West,Yes,6.7,0
17809,49,Male,Single,64760.27,Full-time,Midwest,Yes,0.1,1
18444,60,Female,Widowed,61003.05,Full-time,Midwest,No,4.1,1
16452,28,Male,Single,75557.08,Part-time,South,No,8.8,0
11900,53,Male,Married,68058.09,Full-time,West,Yes,2.3,1
11655,41,Female,Single,78655.46,Full-time,South,Yes,3.4,1
11202,43,Male,Widowed,94971.67,Part-time,South,Yes,0.8,1
15709,33,Male,Single,74866.42,Full-time,South,No,1.7,1
17364,60,Male,Married,79970.92,Full-time,Midwest,Yes,5.5,1
11307,38,Female,Single,51743.84,Full-time,Midwest,Yes,11.1,1
18311,26,Male,Married,59158.92,Full-time,West,No,5.6,0
18317,32,Male,Married,56885.25,Part-time,West,No,3.0,0
14901,42,Female,Married,58245.7,Part-time,South,Yes,0.8,0
14550,31,Male,Single,75186.58,Full-time,West,No,6.4,1
19555,30,Male,Married,45289.34,Full-time,Northeast,Yes,0.7,0
14068,31,Female,Divorced,46481.24,Full-time,Midwest,Yes,2.5,1
17422,55,Female,Married,51663.61,Part-time,Midwest,No,2.5,0
14799,33,Female,Divorced,41093.07,Full-time,South,Yes,1.3,1
16305,24,Female,Married,67626.51,Contract,Midwest,Yes,1.5,0
19931,49,Female,Divorced,64195.09,Contract,Midwest,No,1.4,0
17339,26,Male,Single,66316.2,Full-time,South,Yes,5.2,1
10278,54,Male,Married,73357.29,Full-time,Northeast,No,0.2,1
11676,54,Female,Married,62036.11,Full-time,Northeast,No,3.3,1
14233,26,Other,Single,73940.63,Full-time,Northeast,Yes,4.8,1
17514,30,Female,Married,56400.55,Full-time,Northeast,Yes,1.0,0
14922,38,Female,Divorced,65965.01,Full-time,South,Yes,10.9,1
14566,55,Female,Married,77910.95,Full-time,West,No,15.6,1
13899,43,Male,Single,68257.81,Full-time,Midwest,Yes,1.1,1
14312,24,Female,Married,93577.36,Contract,Northeast,Yes,6.7,0
15436,45,Female,Married,43626.9,Part-time,South,Yes,2.3,0
18622,61,Female,Married,79007.41,Contract,South,Yes,4.4,1
14689,51,Male,Married,37793.29,Contract,Midwest,Yes,16.3,0
16681,42,Female,Single,50824.9,Full-time,South,Yes,11.1,1
13791,51,Female,Married,71106.46,Full-time,Northeast,Yes,10.1,1
12279,41,Female,Married,52232.72,Full-time,Midwest,Yes,3.6,1
14595,22,Male,Single,63046.07,Full-time,South,No,3.5,0
13195,31,Male,Single,59400.84,Part-time,South,Yes,1.0,0
11302,59,Other,Single,59151.33,Full-time,South,No,3.2,0
16717,44,Male,Married,63523.76,Full-time,West,Yes,16.8,1
12287,44,Male,Widowed,84483.95,Full-time,West,No,12.3,1
12804,41,Male,Married,81970.32,Part-time,West,Yes,5.2,1
10853,54,Female,Single,60699.52,Full-time,Midwest,No,16.2,1
17533,45,Female,Single,44571.2,Full-time,Midwest,No,17.3,0
15527,46,Male,Single,82482.07,Full-time,Northeast,No,4.7,1
17092,57,Other,Single,42581.88,Part-time,South,No,1.5,0
19909,57,Female,Single,52930.11,Full-time,West,Yes,3.2,1
14983,46,Male,Divorced,49843.63,Full-time,South,Yes,3.7,1
19953,47,Male,Married,52917.21,Part-time,West,No,0.5,0
11542,61,Male,Single,70248.96,Full-time,Midwest,Yes,20.1,1
15329,50,Male,Married,63946.4,Part-time,West,No,2.8,0
18172,59,Female,Divorced,50620.55,Full-time,Midwest,Yes,1.2,1
16485,59,Male,Married,63763.3,Part-time,West,Yes,1.7,1
11329,47,Other,Married,61839.71,Part-time,Midwest,No,1.2,0
19558,56,Male,Single,65281.59,Full-time,Northeast,No,3.6,1
11114,44,Female,Married,79360.36,Full-time,Midwest,Yes,11.5,1
15165,53,Female,Single,76636.59,Full-time,West,No,2.2,1
17524,23,Female,Married,72540.08,Full-time,West,No,4.2,0
10548,44,Female,Married,76833.19,Full-time,South,Yes,0.6,1
13747,22,Male,Married,99175.05,Full-time,South,Yes,1.0,1
13558,42,Male,Single,98852.22,Full-time,Midwest,Yes,2.5,1
10277,57,Female,Single,81941.33,Contract,West,Yes,4.8,1
12292,55,Female,Single,83241.08,Full-time,South,No,5.3,1
18049,38,Female,Single,71979.08,Full-time,Northeast,No,3.2,1
15645,38,Male,Married,88525.65,Part-time,West,No,0.6,0
16535,47,Other,Single,86902.6,Full-time,Northeast,No,3.4,1
19074,54,Female,Married,66258.41,Full-time,Northeast,Yes,4.3,1
16532,47,Male,Married,57825.9,Contract,Northeast,No,0.6,0
10002,50,Female,Single,89549.66,Full-time,West,Yes,12.8,1
17376,49,Female,Divorced,59059.29,Full-time,Northeast,Yes,4.0,1
17635,23,Male,Single,96956.11,Full-time,Northeast,Yes,1.5,1
10923,36,Male,Single,65679.36,Contract,Midwest,No,6.7,0
10955,46,Male,Single,88628.68,Part-time,Northeast,No,0.7,0
16746,53,Female,Married,65714.02,Full-time,Northeast,Yes,1.8,1
10017,43,Male,Single,60275.85,Full-time,West,Yes,15.1,1
14335,60,Male,Single,63945.96,Full-time,Northeast,No,3.0,1
14939,59,Other,Married,67184.24,Full-time,Midwest,No,0.2,1
10974,35,Male,Single,67280.63,Full-time,West,No,3.9,1
12760,25,Female,Single,60446.99,Full-time,South,Yes,12.6,1
16033,26,Female,Married,68674.65,Part-time,Northeast,Yes,1.9,0
15521,46,Female,Single,49330.72,Full-time,West,Yes,4.0,1
11560,43,Male,Single,65343.93,Full-time,Northeast,Yes,2.0,1
16636,58,Female,Married,49862.2,Full-time,South,Yes,3.3,1
13271,43,Female,Widowed,45998.62,Part-time,South,Yes,2.6,0
12424,31,Female,Divorced,61555.47,Full-time,West,No,0.3,1
15621,34,Other,Single,46339.83,Full-time,Northeast,No,9.1,0
14086,55,Male,Married,47006.69,Part-time,South,No,3.5,0
18378,22,Male,Married,54596.43,Full-time,South,No,0.6,0
12794,62,Male,Married,33461.87,Part-time,West,Yes,0.5,0
13994,58,Male,Married,64753.59,Full-time,South,No,0.3,1
11673,53,Male,Divorced,34425.79,Full-time,Northeast,Yes,5.0,1
12102,56,Female,Married,55796.36,Part-time,West,Yes,7.0,0
17158,52,Male,Single,84377.72,Full-time,Northeast,No,8.2,1
10814,44,Male,Married,89211.72,Full-time,South,Yes,4.7,1
12826,27,Female,Married,75157.91,Part-time,South,No,14.0,0
15096,38,Other,Single,57210.57,Full-time,Midwest,No,4.3,0
18939,33,Female,Single,71594.11,Full-time,Northeast,Yes,1.4,1
15955,34,Male,Single,55971.41,Full-time,Midwest,No,2.0,0
12651,22,Female,Single,47968.62,Part-time,West,Yes,3.5,0
18833,59,Male,Widowed,51538.3,Full-time,Northeast,Yes,9.1,1
17369,48,Female,Married,50885.42,Full-time,South,No,7.1,0
14619,51,Female,Single,74990.1,Full-time,South,Yes,3.2,1
15806,25,Female,Single,66017.78,Contract,Northeast,Yes,0.7,0
18078,45,Male,Divorced,78279.72,Part-time,West,No,1.6,0
16948,25,Female,Married,80098.47,Full-time,Midwest,Yes,5.0,1
14310,54,Female,Married,86186.22,Full-time,South,Yes,1.7,1
14842,50,Male,Married,67311.32,Full-time,South,No,2.3,1
11999,64,Male,Single,69542.67,Full-time,West,No,4.0,1
14903,61,Female,Single,67978.6,Full-time,South,Yes,7.0,1
13203,59,Female,Single,51785.93,Part-time,West,Yes,1.9,0
18903,39,Female,Married,52332.06,Full-time,Midwest,Yes,0.7,1
12538,42,Female,Single,53940.08,Full-time,Midwest,Yes,6.7,1
16822,37,Female,Married,30683.79,Full-time,Midwest,No,5.0,0
17716,23,Other,Divorced,69494.02,Full-time,Midwest,Yes,0.0,1
13572,45,Male,Single,62684.42,Part-time,West,No,4.4,0
19689,46,Female,Single,74751.89,Full-time,South,Yes,1.1,1
10508,33,Female,Married,95262.33,Full-time,West,Yes,1.1,1
18706,47,Female,Married,35122.42,Full-time,Northeast,Yes,0.6,1
16494,53,Female,Married,63755.41,Full-time,Midwest,Yes,0.4,1
19619,23,Male,Married,53395.58,Full-time,Midwest,Yes,0.1,0
10647,34,Female,Widowed,54147.28,Full-time,Northeast,Yes,2.5,1
11957,45,Male,Single,77796.02,Part-time,Northeast,Yes,4.5,1
12111,60,Female,Married,63177.71,Full-time,Midwest,Yes,1.0,1
10654,26,Female,Married,69642.83,Full-time,South,No,3.0,0
17831,48,Male,Single,52017.26,Full-time,Midwest,No,7.0,0
13230,58,Male,Married,56202.06,Contract,South,Yes,2.5,0
13800,50,Male,Married,58004.67,Full-time,Northeast,No,5.0,0
11670,39,Female,Single,75899.29,Part-time,Midwest,No,3.7,0
15840,64,Female,Single,71950.7,Full-time,West,No,2.1,1
14223,26,Female,Divorced,96419.77,Contract,Midwest,No,4.8,0
10138,44,Female,Married,55100.32,Full-time,West,No,4.7,0
12340,44,Female,Married,44675.41,Full-time,Midwest,No,15.1,0
19772,30,Male,Widowed,60473.42,Full-time,West,Yes,0.7,1
15288,48,Male,Divorced,80028.15,Full-time,Northeast,Yes,5.6,1
18344,42,Male,Married,42126.6,Part-time,Northeast,Yes,2.2,0
14478,36,Male,Married,66347.84,Full-time,Midwest,No,8.7,1
18017,61,Male,Single,66948.41,Full-time,Northeast,Yes,0.2,1
15654,59,Female,Married,60433.44,Full-time,Northeast,Yes,2.4,1
10322,53,Female,Married,78178.43,Full-time,Northeast,No,6.6,1
14240,46,Male,Married,74940.52,Full-time,South,No,7.3,1
18760,58,Female,Widowed,60205.08,Part-time,West,Yes,0.1,1
10089,45,Female,Single,69962.34,Full-time,Northeast,No,5.9,1
15104,45,Male,Married,68377.82,Full-time,South,No,13.1,1
17557,38,Female,Married,87136.63,Contract,West,No,1.6,0
12076,46,Male,Married,76049.16,Full-time,West,No,6.0,1
19964,25,Male,Married,69636.29,Full-time,Northeast,Yes,1.2,1
18970,63,Male,Widowed,71235.71,Full-time,South,No,3.6,1
15630,44,Female,Single,75193.91,Contract,South,No,6.8,0
17164,30,Female,Married,61862.2,Contract,Midwest,No,1.9,0
18366,50,Female,Married,59676.99,Full-time,Midwest,Yes,3.7,1
10440,55,Male,Single,67726.26,Full-time,Midwest,No,0.5,1
12993,54,Male,Divorced,44484.05,Full-time,South,No,0.4,0
12294,46,Other,Married,81671.63,Contract,Midwest,Yes,4.1,1
14845,34,Other,Single,96478.49,Full-time,South,Yes,8.2,1
12624,37,Male,Divorced,78173.28,Part-time,West,Yes,0.3,1
19967,64,Female,Married,64405.8,Full-time,Northeast,No,0.5,1
13818,55,Female,Single,75175.24,Full-time,South,Yes,8.9,1
14707,23,Female,Married,55210.64,Full-time,South,Yes,0.5,0
15127,52,Male,Widowed,46339.85,Full-time,Midwest,Yes,1.3,1
10611,40,Female,Married,69272.59,Full-time,West,No,1.6,1
17117,39,Other,Married,70359.28,Full-time,South,Yes,1.3,1
14977,22,Female,Married,50777.87,Part-time,Northeast,No,0.8,0
12372,30,Female,Single,73478.12,Full-time,West,Yes,1.8,1
14041,62,Female,Married,54466.07,Full-time,West,Yes,3.7,1
17760,61,Male,Divorced,101808.46,Full-time,Northeast,Yes,16.1,1
12028,51,Female,Married,62552.16,Full-time,West,Yes,1.8,1
18925,56,Female,Married,65479.17,Full-time,Northeast,Yes,2.7,1
11005,34,Female,Married,75788.99,Part-time,Midwest,No,7.9,0
10773,42,Female,Married,53032.09,Part-time,Northeast,Yes,3.8,0
16357,55,Male,Single,74893.62,Full-time,South,Yes,2.0,1
12527,24,Male,Single,57065.54,Full-time,South,Yes,1.6,0
18310,49,Female,Single,72742.93,Full-time,West,No,5.5,1
13028,23,Female,Single,49031.11,Part-time,West,Yes,2.0,0
17451,23,Male,Married,63052.34,Full-time,Midwest,No,9.4,0
17127,44,Male,Married,64349.51,Part-time,Northeast,Yes,1.6,1
19800,38,Male,Single,62992.18,Full-time,Midwest,Yes,5.5,1
13884,33,Female,Single,62233.25,Full-time,Midwest,Yes,1.9,1
10469,64,Male,Married,80039.58,Full-time,Northeast,No,1.7,1
19362,24,Female,Single,90278.36,Full-time,South,Yes,7.7,1
15583,30,Male,Married,66190.39,Full-time,Midwest,No,6.7,0
16802,50,Male,Married,65258.95,Full-time,Northeast,No,0.9,1
14243,46,Female,Married,61736.49,Full-time,South,No,5.1,1
11322,46,Male,Married,67957.56,Part-time,West,No,4.4,0
10500,57,Female,Married,43508.9,Part-time,Midwest,Yes,3.7,0
12745,55,Male,Widowed,69070.01,Full-time,South,Yes,8.1,1
12264,55,Male,Married,67827.64,Full-time,Northeast,No,0.6,1
11949,55,Male,Single,60079.24,Full-time,South,Yes,1.5,1
14246,26,Male,Married,74200.65,Full-time,Northeast,No,4.7,0
12725,45,Male,Widowed,66032.31,Full-time,South,No,3.2,1
13215,24,Male,Married,55121.86,Full-time,South,No,10.0,0
16753,61,Male,Married,64287.75,Part-time,Midwest,No,1.4,0
14851,61,Female,Married,38017.11,Part-time,Midwest,No,1.9,0
10447,25,Female,Divorced,55647.9,Full-time,West,No,15.0,0
12207,32,Male,Single,55682.84,Full-time,Midwest,No,7.9,0
17035,34,Female,Married,83990.94,Full-time,West,Yes,4.4,1
13560,61,Female,Single,49584.22,Full-time,Midwest,Yes,1.3,1
13444,25,Female,Married,47739.56,Contract,South,No,1.3,0
14449,32,Other,Single,32232.1,Full-time,Midwest,No,1.3,0
10791,47,Male,Married,53526.95,Full-time,West,Yes,0.4,1
10144,34,Other,Widowed,66930.36,Full-time,Midwest,Yes,2.8,1
13677,62,Female,Divorced,59552.74,Part-time,Northeast,Yes,6.0,0
12252,54,Female,Single,73324.57,Full-time,South,No,8.2,1
12714,46,Male,Married,67070.34,Full-time,South,Yes,12.3,1
15275,35,Male,Single,85931.38,Full-time,Northeast,Yes,5.5,1
18036,56,Male,Married,68927.34,Full-time,West,Yes,4.1,1
16915,24,Male,Divorced,50676.12,Part-time,West,Yes,1.3,0
15604,22,Female,Married,84406.52,Part-time,West,No,0.5,0
17540,62,Female,Single,76924.38,Part-time,West,Yes,3.0,1
12037,28,Female,Single,45901.53,Full-time,South,Yes,3.0,0
15756,32,Male,Married,70021.16,Full-time,West,Yes,0.2,1
17004,26,Male,Married,74999.05,Full-time,Midwest,Yes,0.3,1
18156,40,Male,Single,76671.77,Full-time,Northeast,Yes,1.0,1
12627,24,Female,Single,45766.82,Full-time,Northeast,Yes,8.4,0
19430,38,Female,Single,63655.23,Full-time,South,Yes,3.4,1
17645,39,Female,Single,71906.08,Contract,South,No,1.2,0
14426,44,Male,Married,51462.19,Full-time,West,No,4.3,0
18445,61,Female,Married,81748.44,Full-time,Midwest,Yes,0.2,1
11809,35,Male,Married,82274.31,Full-time,Northeast,Yes,1.3,1
11802,47,Male,Divorced,78395.76,Full-time,South,Yes,1.2,1
10669,48,Male,Single,74359.27,Part-time,Northeast,Yes,1.0,1
13405,47,Female,Single,71489.23,Full-time,South,Yes,2.4,1
19333,32,Female,Married,47669.49,Full-time,Northeast,No,2.6,0
15987,46,Male,Single,68286.25,Part-time,Northeast,Yes,0.3,1
11201,56,Male,Married,89832.74,Full-time,Northeast,Yes,0.4,1
18323,28,Female,Single,61341.45,Full-time,Midwest,No,3.0,0
18046,38,Male,Married,68803.69,Part-time,Midwest,Yes,5.9,1
12845,24,Male,Widowed,71738.87,Full-time,Midwest,Yes,12.0,1
16726,27,Male,Married,59067.89,Contract,West,Yes,0.2,0
10679,38,Female,Single,40233.04,Full-time,South,Yes,2.0,1
11183,39,Male,Married,79678.83,Full-time,West,Yes,1.7,1
12813,64,Male,Single,71762.31,Part-time,South,Yes,3.3,1
13487,40,Female,Single,47065.33,Full-time,Midwest,Yes,0.8,1
13790,41,Female,Single,53023.92,Full-time,South,Yes,0.6,1
16552,29,Female,Widowed,42398.66,Full-time,West,No,0.4,0
13507,32,Female,Married,45810.15,Full-time,Midwest,No,1.0,0
12931,57,Male,Married,55537.19,Full-time,South,Yes,6.9,1
19680,54,Female,Single,69033.48,Full-time,Midwest,Yes,1.7,1
18047,44,Other,Single,68825.35,Full-time,South,Yes,2.4,1
17893,43,Male,Single,52984.29,Full-time,South,Yes,0.3,1
18443,35,Female,Married,75164.13,Full-time,West,Yes,3.8,1
14208,28,Female,Married,73596.57,Full-time,Northeast,Yes,1.9,1
18468,63,Female,Widowed,83979.77,Full-time,Northeast,Yes,3.2,1
18108,24,Male,Single,92692.06,Full-time,Northeast,Yes,2.3,1
18401,60,Female,Single,58120.13,Full-time,Northeast,Yes,2.5,1
14632,43,Female,Single,67210.62,Full-time,Northeast,Yes,1.5,1
15516,56,Female,Single,97027.31,Full-time,Midwest,Yes,0.9,1
18692,58,Male,Divorced,42832.34,Full-time,South,Yes,3.1,1
14168,39,Male,Single,41371.66,Full-time,Midwest,No,5.9,0
14958,24,Female,Single,44218.71,Full-time,Midwest,Yes,2.8,0
17266,27,Female,Single,79469.57,Part-time,Northeast,No,0.0,0
17582,33,Male,Divorced,61228.81,Full-time,Midwest,No,10.3,1
10008,40,Male,Married,60616.13,Full-time,West,No,3.1,1
19335,52,Male,Married,66556.31,Full-time,Northeast,Yes,0.1,1
14993,45,Male,Widowed,48384.41,Full-time,West,Yes,0.5,1
11844,51,Female,Widowed,59038.38,Full-time,South,No,1.8,0
14607,41,Female,Married,70234.78,Part-time,South,Yes,1.2,1
10743,38,Male,Single,57353.25,Full-time,South,Yes,7.9,1
11582,28,Female,Married,60466.51,Full-time,South,Yes,6.6,1
13092,60,Female,Married,60805.22,Part-time,Midwest,Yes,0.6,1
13283,40,Female,Divorced,49721.82,Full-time,Midwest,No,1.7,0
15375,49,Female,Married,54630.65,Full-time,Midwest,No,2.0,0
10953,47,Other,Single,82677.93,Full-time,South,No,7.0,1
17551,45,Female,Married,62784.3,Full-time,South,Yes,1.2,1
17333,36,Female,Single,56978.48,Full-time,South,No,7.9,0
11470,30,Male,Married,45985.7,Part-time,South,Yes,5.7,0
10132,53,Male,Single,55173.27,Full-time,South,Yes,3.6,1
15069,48,Male,Divorced,46572.69,Part-time,Northeast,Yes,1.6,0
15701,60,Female,Single,92680.1,Full-time,Midwest,Yes,5.4,1
10609,57,Male,Divorced,81474.78,Contract,South,No,1.2,0
14525,52,Male,Single,37706.27,Full-time,Midwest,Yes,0.9,1
17842,47,Male,Single,64053.81,Contract,Midwest,No,5.0,0
15490,44,Male,Single,70893.62,Full-time,West,No,0.3,1
12840,59,Female,Single,69873.81,Part-time,Northeast,No,0.4,0
11237,46,Male,Married,61454.38,Full-time,South,Yes,11.2,1
13615,37,Female,Married,48132.85,Part-time,Northeast,Yes,3.5,0
15239,47,Female,Divorced,46239.02,Full-time,South,Yes,0.3,1
13833,26,Male,Single,85826.58,Full-time,Midwest,No,2.0,0
16225,46,Male,Single,58694.61,Full-time,Midwest,Yes,0.6,1
15649,50,Female,Single,63266.86,Full-time,Midwest,No,0.9,1
10491,46,Male,Married,60438.5,Contract,West,Yes,6.1,1
16174,38,Female,Married,71171.79,Contract,West,Yes,6.2,1
17870,39,Female,Single,73391.96,Full-time,South,Yes,1.9,1
18662,34,Male,Married,49288.3,Full-time,Northeast,Yes,9.2,1
17546,34,Male,Single,65240.38,Full-time,Midwest,No,0.5,1
10361,33,Male,Single,61299.76,Contract,Northeast,No,8.7,0
17855,31,Female,Married,92237.79,Full-time,Midwest,Yes,3.2,1
18134,53,Female,Married,56060.68,Full-time,South,Yes,0.1,1
10391,51,Other,Single,60695.15,Full-time,Midwest,Yes,3.1,1
12389,44,Female,Widowed,73582.69,Full-time,South,Yes,0.8,1
19987,59,Male,Single,61189.93,Full-time,West,No,3.8,1
10182,23,Female,Single,94569.24,Part-time,South,Yes,0.2,0
13648,53,Male,Married,40204.37,Part-time,West,Yes,0.4,0
13081,32,Female,Married,69986.38,Full-time,Northeast,Yes,5.4,1
10806,44,Male,Widowed,50216.99,Part-time,Midwest,No,5.7,0
17441,37,Male,Married,75348.87,Full-time,West,Yes,0.7,1
10849,47,Male,Single,96015.91,Part-time,Northeast,Yes,1.8,1
17459,29,Male,Single,61772.25,Part-time,Northeast,No,0.6,0
13108,57,Male,Single,63086.16,Full-time,Midwest,Yes,6.5,1
10536,46,Female,Married,61184.01,Contract,South,No,0.7,0
17789,40,Male,Married,77887.58,Part-time,Northeast,No,4.1,0
16561,37,Female,Married,75707.41,Part-time,Northeast,No,12.6,0
19958,43,Female,Single,71391.32,Full-time,South,Yes,12.2,1
17821,54,Female,Single,72767.44,Full-time,Northeast,No,1.6,1
14601,33,Female,Single,69886.04,Full-time,West,Yes,1.7,1
12347,42,Female,Single,61875.09,Full-time,South,No,2.9,1
11978,35,Male,Married,74696.73,Part-time,Northeast,Yes,3.3,1
13700,24,Female,Widowed,71058.92,Contract,Northeast,No,4.1,0
18282,63,Female,Divorced,59140.57,Full-time,Midwest,Yes,12.1,1
17277,64,Male,Single,66624.51,Full-time,West,No,5.6,1
17425,31,Male,Single,73187.35,Part-time,South,No,4.8,0
16352,46,Female,Married,64855.05,Full-time,West,No,8.9,1
15285,63,Male,Married,76447.04,Contract,West,Yes,7.7,1
14383,41,Male,Married,63786.12,Full-time,South,Yes,2.1,1
14020,43,Female,Married,56643.14,Full-time,West,Yes,0.1,1
18180,32,Female,Married,43822.48,Part-time,South,Yes,6.2,0
18324,55,Male,Single,73725.07,Contract,Midwest,Yes,2.2,1
16703,41,Female,Divorced,64499.7,Full-time,West,No,4.1,1
12915,33,Female,Single,59242.95,Full-time,Northeast,Yes,6.6,1
15358,52,Male,Single,55737.97,Part-time,South,Yes,3.0,0
13367,34,Male,Divorced,53977.75,Full-time,South,Yes,7.8,1
18643,58,Male,Married,56115.78,Full-time,Northeast,Yes,6.0,1
15231,23,Female,Single,82449.22,Full-time,Midwest,Yes,3.2,1
13870,62,Male,Single,67854.53,Full-time,Northeast,Yes,2.8,1
14169,59,Female,Married,44711.28,Full-time,Midwest,No,5.1,0
11917,29,Other,Married,79391.02,Full-time,South,No,0.3,0
14295,55,Male,Married,57281.29,Full-time,South,Yes,11.5,1
14004,54,Male,Single,62864.86,Contract,West,Yes,7.0,1
19574,52,Female,Married,53369.11,Full-time,West,Yes,1.6,1
16480,32,Other,Married,61620.69,Full-time,Midwest,Yes,13.0,1
16556,37,Male,Widowed,59599.55,Full-time,Northeast,No,2.5,0
13867,44,Male,Married,67324.23,Part-time,South,Yes,0.2,1
10304,26,Female,Single,68782.83,Full-time,Midwest,No,8.9,0
14683,61,Male,Married,57281.17,Full-time,South,No,1.0,0
14139,25,Other,Divorced,59648.63,Full-time,West,Yes,10.4,0
17180,64,Male,Married,45396.66,Full-time,West,No,2.8,0
16393,58,Male,Married,64567.99,Full-time,West,No,0.8,1
18473,55,Female,Divorced,67431.18,Part-time,Northeast,Yes,2.8,1
14279,42,Male,Single,74699.62,Full-time,South,Yes,1.4,1
19155,47,Male,Single,53493.76,Full-time,West,No,9.4,0
14885,54,Male,Single,47295.43,Full-time,Northeast,Yes,1.4,1
11034,64,Female,Single,54050.4,Full-time,Northeast,No,5.0,0
10416,47,Male,Single,79317.78,Full-time,West,Yes,1.2,1
11412,45,Female,Single,61774.24,Part-time,Midwest,Yes,6.2,1
12412,57,Female,Widowed,82676.7,Full-time,South,Yes,0.4,1
19352,36,Female,Single,49067.62,Full-time,Midwest,Yes,2.4,1
13959,64,Male,Single,76379.71,Contract,West,No,21.6,0
19654,44,Male,Divorced,69124.93,Part-time,West,No,1.0,0
14623,58,Female,Married,68035.75,Full-time,West,No,8.5,1
12817,49,Male,Married,54689.95,Full-time,South,Yes,1.7,1
11203,45,Female,Divorced,55890.52,Full-time,Northeast,Yes,6.0,1
10127,36,Male,Married,74799.03,Full-time,West,Yes,18.7,1
10137,58,Male,Single,64528.67,Full-time,South,Yes,0.3,1
19205,59,Male,Single,67491.36,Full-time,South,Yes,9.7,1
10229,60,Male,Married,50093.14,Part-time,Northeast,Yes,7.8,0
13861,45,Female,Married,64433.4,Full-time,Northeast,No,2.2,1
13289,32,Male,Married,61727.97,Full-time,South,Yes,3.9,1
12425,59,Male,Single,91529.92,Full-time,Northeast,No,6.6,1
13661,46,Male,Single,70732.44,Full-time,West,No,0.7,1
10023,42,Female,Married,68120.48,Full-time,West,No,0.3,1
19327,54,Female,Married,67556.34,Full-time,Northeast,Yes,2.6,1
16594,45,Female,Divorced,47964.46,Part-time,Northeast,No,0.6,0
14630,61,Male,Single,52265.14,Full-time,South,Yes,3.6,1
16018,39,Male,Divorced,64417.96,Contract,Midwest,No,0.3,0
13845,60,Female,Single,52414.56,Part-time,Midwest,Yes,7.8,0
14012,54,Male,Married,73966.51,Part-time,South,No,4.7,0
11870,50,Male,Single,64372.46,Contract,Northeast,Yes,6.1,1
16744,31,Male,Divorced,70591.12,Contract,South,No,10.9,0
19257,32,Male,Married,48766.18,Full-time,Midwest,Yes,0.2,1
16538,39,Male,Single,32894.53,Full-time,Midwest,Yes,3.3,1
14572,25,Male,Single,70460.07,Part-time,Midwest,Yes,2.4,0
16938,38,Female,Married,88738.28,Full-time,Midwest,No,2.7,1
13385,32,Female,Married,51313.42,Part-time,South,No,9.5,0
17830,39,Female,Married,91476.27,Full-time,Midwest,No,5.0,1
12698,36,Female,Single,75341.49,Part-time,South,No,4.5,0
19860,32,Male,Single,73182.54,Full-time,West,Yes,4.1,1
12239,56,Male,Single,77307.89,Full-time,Midwest,No,13.4,1
12069,58,Male,Single,69425.94,Full-time,West,Yes,4.2,1
10383,27,Male,Married,74632.47,Part-time,West,Yes,0.1,0
18799,35,Female,Single,76417.07,Part-time,Northeast,Yes,6.7,1
18263,49,Female,Single,60111.56,Full-time,West,Yes,2.9,1
14611,33,Male,Married,75651.62,Full-time,South,Yes,1.8,1
11554,55,Other,Single,47797.1,Full-time,West,No,2.5,0
15256,33,Male,Married,64018.2,Part-time,Northeast,No,4.5,0
13711,52,Other,Single,53805.15,Full-time,Northeast,No,0.4,0
17631,30,Female,Widowed,55158.53,Full-time,West,Yes,0.4,0
14361,23,Male,Widowed,26047.91,Full-time,South,Yes,3.0,0
13651,36,Female,Married,89519.92,Part-time,Midwest,No,1.4,0
11864,35,Male,Married,93677.2,Contract,West,Yes,2.6,1
15958,58,Male,Married,58801.21,Full-time,West,No,0.5,0
11968,50,Male,Single,100061.18,Full-time,West,No,2.4,1
13954,53,Male,Married,65121.27,Full-time,West,No,1.8,1
16417,48,Female,Married,57963.84,Full-time,West,Yes,2.8,1
18390,56,Female,Single,65658.1,Full-time,Midwest,No,1.1,1
10798,22,Male,Married,59317.93,Full-time,South,Yes,0.2,0
19545,51,Female,Divorced,67985.76,Full-time,South,Yes,1.0,1
15811,37,Female,Married,94043.26,Full-time,Northeast,Yes,12.4,1
11892,44,Female,Widowed,48427.91,Full-time,West,No,8.5,0
17191,22,Female,Married,42295.52,Part-time,Northeast,Yes,0.7,0
12024,29,Female,Married,67548.19,Part-time,Midwest,No,0.9,0
15387,32,Female,Single,73738.34,Full-time,Northeast,No,1.6,1
17357,23,Female,Married,61671.62,Full-time,West,No,2.9,0
15264,26,Female,Single,74030.59,Full-time,Midwest,No,0.8,0
15591,32,Female,Single,84225.85,Full-time,Northeast,No,1.2,1
10707,55,Male,Single,71187.15,Full-time,Midwest,Yes,2.1,1
12576,59,Female,Single,66010.71,Part-time,West,Yes,5.7,1
14912,23,Female,Married,68169.76,Full-time,South,No,4.4,0
16769,45,Male,Single,77787.98,Full-time,Midwest,No,2.2,1
10393,38,Male,Single,64566.06,Full-time,Northeast,Yes,3.4,1
10131,34,Female,Single,85173.32,Part-time,Midwest,Yes,15.1,1
11908,31,Female,Divorced,73428.76,Full-time,Midwest,Yes,2.9,1
13698,52,Female,Single,73656.41,Full-time,South,Yes,2.0,1
17642,62,Female,Single,73285.9,Full-time,West,No,9.8,1
11472,61,Female,Single,66405.85,Full-time,West,Yes,8.1,1
15452,35,Male,Single,58994.21,Part-time,Northeast,No,4.8,0
17052,59,Male,Single,64017.38,Part-time,West,Yes,1.3,1
12417,49,Male,Single,50287.11,Full-time,West,Yes,1.8,1
10043,30,Male,Married,47909.78,Full-time,Midwest,No,0.7,0
19294,30,Female,Married,46299.7,Full-time,Midwest,Yes,0.4,0
14371,29,Male,Divorced,60049.4,Full-time,South,Yes,1.8,1
12051,63,Male,Married,59484.39,Full-time,Midwest,No,23.5,0
14347,46,Female,Married,66594.55,Part-time,Northeast,Yes,1.5,1
15575,29,Female,Divorced,67046.45,Contract,Midwest,Yes,0.4,0
11359,56,Female,Divorced,77945.24,Full-time,Midwest,Yes,5.5,1
13875,28,Female,Married,76041.51,Full-time,Northeast,Yes,0.9,1
12533,63,Female,Single,80816.77,Part-time,West,No,3.7,0
10670,34,Female,Single,57504.26,Part-time,West,No,2.1,0
15788,50,Female,Married,76584.81,Full-time,Northeast,Yes,4.1,1
10813,24,Male,Widowed,82778.42,Full-time,Northeast,Yes,8.1,1
11631,33,Male,Single,49720.04,Full-time,Northeast,Yes,2.1,1
13945,24,Female,Married,80093.59,Full-time,Northeast,Yes,8.1,1
18648,38,Male,Married,77491.57,Full-time,Northeast,Yes,0.8,1
13957,39,Female,Divorced,53105.94,Full-time,Northeast,No,10.3,0
11295,63,Male,Married,72010.48,Full-time,Northeast,No,0.8,1
11395,46,Male,Married,51834.09,Full-time,Midwest,No,0.5,0
17107,51,Male,Single,88200.62,Full-time,Midwest,No,0.5,1
19336,46,Female,Married,53574.96,Part-time,South,Yes,4.8,0
19440,51,Male,Married,54514.6,Full-time,West,No,2.2,0
12897,61,Female,Married,40074.14,Part-time,South,No,7.4,0
12687,25,Female,Divorced,41988.65,Part-time,West,Yes,3.6,0
16469,38,Male,Single,51553.85,Part-time,South,Yes,1.6,0
17834,49,Female,Married,54178.39,Full-time,West,Yes,0.7,1
11443,63,Female,Married,44205.14,Full-time,West,Yes,1.4,1
11265,61,Female,Single,73009.06,Part-time,West,Yes,1.0,1
18989,54,Female,Single,85778.94,Full-time,Northeast,No,1.0,1
15482,35,Other,Single,77127.38,Full-time,South,Yes,0.2,1
17802,49,Male,Single,49067.66,Full-time,Midwest,No,3.0,0
11971,53,Male,Married,54012.08,Full-time,Northeast,Yes,6.5,1
13573,23,Male,Married,81899.77,Contract,West,Yes,0.7,0
12564,41,Female,Divorced,47778.52,Full-time,Northeast,Yes,1.1,1
19400,34,Female,Single,68839.72,Full-time,West,Yes,0.6,1
19663,38,Female,Married,55540.6,Full-time,Midwest,Yes,1.0,1
17958,52,Female,Married,71797.49,Full-time,West,Yes,0.3,1
11859,58,Female,Divorced,94383.75,Part-time,Midwest,No,7.8,0
15787,28,Male,Single,56029.03,Full-time,South,No,1.2,0
10659,26,Male,Married,71024.79,Full-time,South,Yes,0.5,1
18368,31,Male,Divorced,85130.41,Contract,West,Yes,3.7,1
18777,24,Male,Married,66722.09,Full-time,West,No,2.5,0
18392,36,Female,Single,58146.08,Full-time,Northeast,Yes,1.8,1
18870,59,Male,Single,65674.82,Full-time,South,No,7.2,1
10697,25,Female,Divorced,48621.55,Full-time,South,Yes,5.6,0
14408,29,Male,Divorced,81702.91,Full-time,West,No,0.2,0
14930,63,Other,Single,59954.2,Part-time,South,Yes,5.4,0
10600,54,Female,Single,53131.38,Full-time,South,No,4.3,0
17429,27,Male,Single,78307.01,Part-time,West,Yes,13.2,0
11911,38,Female,Divorced,72240.18,Contract,West,Yes,3.9,1
14069,59,Female,Single,76725.77,Full-time,West,Yes,3.9,1
11413,25,Female,Married,52591.31,Full-time,Northeast,Yes,2.2,0
14821,38,Female,Single,91122.43,Full-time,South,No,1.9,1
14363,36,Female,Married,81151.92,Full-time,South,No,3.4,1
15184,43,Female,Single,61579.52,Full-time,Northeast,Yes,8.6,1
16058,58,Male,Single,69788.68,Full-time,West,Yes,20.8,1
13731,50,Female,Single,41332.74,Full-time,West,Yes,1.3,1
11292,46,Female,Married,62353.39,Full-time,South,No,3.1,1
15025,33,Female,Single,55901.97,Contract,South,Yes,0.6,0
14376,57,Male,Single,53129.36,Full-time,West,No,4.5,0
17637,54,Female,Married,83659.41,Full-time,Midwest,Yes,0.1,1
10298,55,Male,Single,53366.08,Full-time,Midwest,Yes,2.8,1
11549,51,Male,Divorced,33397.16,Part-time,South,No,6.3,0
13496,48,Male,Widowed,71367.42,Full-time,South,Yes,2.3,1
12689,48,Male,Married,65180.38,Full-time,Midwest,Yes,5.0,1
17150,53,Male,Single,52396.87,Part-time,West,Yes,0.0,0
10412,43,Male,Single,87506.42,Contract,Northeast,Yes,2.9,1
19601,42,Male,Single,84327.44,Full-time,West,Yes,4.8,1
16590,47,Female,Single,75184.06,Full-time,Northeast,No,0.4,1
15740,33,Male,Married,52957.43,Full-time,Northeast,Yes,8.9,1
17292,34,Male,Single,70064.85,Full-time,South,No,0.1,1
17483,62,Female,Widowed,58677.79,Part-time,Northeast,Yes,9.3,0
18208,25,Male,Single,50348.52,Part-time,South,No,2.6,0
11300,58,Female,Single,60243.33,Full-time,Midwest,No,0.4,1
17857,36,Female,Married,56549.26,Full-time,Midwest,Yes,0.5,1
17775,29,Male,Single,72940.63,Part-time,South,Yes,3.8,0
11239,33,Male,Married,66763.56,Full-time,Northeast,No,5.7,1
11268,60,Male,Married,98179.97,Part-time,Northeast,No,0.3,0
15525,26,Male,Single,66585.57,Part-time,Midwest,No,7.3,0
14442,61,Female,Married,76504.14,Contract,South,Yes,5.4,1
17147,60,Male,Married,51747.59,Full-time,South,No,15.8,0
17432,26,Male,Widowed,57884.01,Full-time,Midwest,Yes,1.8,0
13902,29,Female,Single,86696.19,Part-time,Midwest,Yes,0.4,0
13393,40,Female,Divorced,51949.22,Full-time,South,No,3.2,0
12137,53,Male,Single,62689.16,Contract,South,Yes,0.5,1
17580,60,Male,Widowed,79067.91,Contract,West,Yes,0.6,1
15364,25,Male,Married,75645.52,Contract,Northeast,Yes,9.3,0
13293,38,Male,Married,87538.74,Full-time,Northeast,No,9.5,1
11038,61,Female,Divorced,50023.84,Full-time,Midwest,No,0.5,0
13621,30,Male,Single,89448.32,Full-time,Northeast,Yes,2.3,1
17471,36,Other,Widowed,77335.75,Full-time,Midwest,Yes,3.0,1
15359,64,Male,Married,70350.1,Part-time,South,No,0.5,0
11841,50,Male,Widowed,53633.55,Contract,Northeast,Yes,2.6,0
14937,37,Female,Single,82887.8,Full-time,South,Yes,9.5,1
16799,51,Male,Single,49040.22,Full-time,Northeast,No,2.6,0
16413,47,Male,Single,56839.33,Full-time,South,No,3.3,0
12680,30,Female,Single,82175.71,Contract,Northeast,Yes,4.3,0
12832,37,Female,Single,69483.72,Full-time,Midwest,No,1.2,1
13756,30,Female,Married,69359.14,Full-time,West,No,11.8,0
12240,23,Female,Married,52086.75,Contract,West,Yes,2.6,0
10754,64,Female,Married,61237.73,Full-time,Midwest,No,3.2,1
18051,50,Male,Single,59277.94,Full-time,Northeast,Yes,0.4,1
15964,46,Female,Single,57406.87,Full-time,Northeast,Yes,0.7,1
16302,51,Male,Married,45302.82,Part-time,South,No,4.3,0
10792,43,Female,Married,86373.41,Contract,Midwest,Yes,1.7,1
11984,47,Female,Single,53914.53,Part-time,Northeast,Yes,2.7,0
15503,36,Male,Single,60725.1,Part-time,Northeast,Yes,1.7,1
19061,60,Female,Single,42372.76,Full-time,South,Yes,1.7,1
15103,61,Female,Married,72640.34,Contract,West,Yes,2.5,1
19709,64,Male,Married,58140.44,Full-time,West,No,0.7,0
12790,31,Female,Single,57385.22,Part-time,South,Yes,7.9,0
11850,64,Male,Single,70085.97,Full-time,South,No,2.3,1
16192,36,Male,Married,81514.54,Full-time,Northeast,Yes,10.6,1
17804,47,Male,Single,53867.42,Full-time,Northeast,Yes,3.7,1
10309,49,Male,Single,48579.95,Full-time,Northeast,Yes,9.2,1
11898,29,Male,Single,47594.37,Part-time,West,No,1.2,0
18271,63,Female,Married,54924.57,Full-time,West,Yes,0.8,1
17694,35,Female,Widowed,48217.71,Contract,Midwest,Yes,2.4,0
16505,39,Male,Married,46769.53,Full-time,Midwest,Yes,0.2,1
14060,24,Male,Single,55654.98,Full-time,Northeast,Yes,3.1,0
18234,50,Female,Married,53192.23,Full-time,Midwest,No,1.0,0
12063,63,Female,Married,90098.11,Part-time,West,Yes,1.0,1
18536,40,Male,Married,66220.57,Part-time,Northeast,No,1.6,0
12380,42,Female,Single,82961.04,Contract,Northeast,No,1.7,0
14081,40,Female,Single,71415.54,Full-time,West,No,2.0,1
12923,54,Female,Married,88474.36,Full-time,Midwest,Yes,2.3,1
18619,57,Male,Widowed,60186.57,Full-time,Northeast,Yes,2.4,1
14721,52,Male,Married,88353.48,Part-time,West,No,2.6,0
13352,40,Male,Widowed,75776.13,Full-time,South,Yes,0.7,1
13492,44,Male,Married,64423.54,Full-time,West,No,4.5,1
19652,45,Male,Married,48797.41,Full-time,West,Yes,2.2,1
17059,50,Female,Married,43998.68,Part-time,Northeast,Yes,2.1,0
16530,58,Female,Widowed,45155.68,Full-time,Northeast,Yes,5.9,1
11209,38,Female,Single,72367.79,Full-time,Midwest,Yes,1.7,1
15002,49,Male,Single,53031.18,Full-time,South,No,5.5,0
19568,42,Male,Married,54534.33,Full-time,South,Yes,1.7,1
19832,59,Male,Divorced,52499.92,Full-time,Northeast,Yes,3.6,1
12193,33,Male,Single,64898.99,Part-time,West,Yes,1.7,1
10055,25,Male,Married,57618.61,Full-time,West,Yes,2.0,0
11127,23,Female,Married,33820.15,Full-time,Northeast,Yes,1.9,0
10539,44,Male,Married,73180.63,Contract,West,Yes,1.4,1
11801,56,Male,Married,65344.16,Full-time,West,No,0.2,1
10250,30,Female,Married,63656.78,Full-time,South,No,2.3,0
13264,55,Male,Single,65119.28,Full-time,Northeast,No,3.5,1
14415,58,Male,Single,68114.98,Part-time,Northeast,No,8.4,0
12736,55,Other,Single,67044.91,Full-time,South,Yes,5.9,1
17966,23,Female,Married,68855.81,Full-time,Northeast,No,12.0,0
17985,26,Female,Married,56753.88,Full-time,Northeast,No,0.0,0
19079,22,Other,Single,77773.91,Full-time,Midwest,Yes,6.2,1
12335,42,Female,Married,67170.41,Full-time,Northeast,No,9.7,1
15199,54,Male,Married,63155.17,Part-time,South,Yes,5.8,1
19485,45,Female,Single,65544.5,Part-time,Northeast,No,1.7,0
11852,22,Female,Single,77421.0,Full-time,South,Yes,2.0,1
19214,25,Female,Married,61668.51,Full-time,Midwest,Yes,1.1,1
16181,52,Other,Married,79915.8,Full-time,South,Yes,7.6,1
16097,25,Male,Married,92878.29,Full-time,West,No,8.8,0
15368,52,Male,Married,40149.89,Full-time,Northeast,Yes,3.0,1
10476,44,Female,Married,56996.62,Full-time,West,No,0.3,0
12568,47,Male,Married,50509.67,Full-time,Northeast,No,11.5,0
13503,34,Female,Divorced,56946.16,Full-time,Northeast,Yes,0.1,1
10205,26,Male,Single,76759.55,Full-time,South,Yes,4.0,1
15716,47,Female,Married,42918.35,Full-time,Northeast,No,0.5,0
11636,29,Female,Married,33257.81,Full-time,Midwest,Yes,1.4,0
19839,37,Female,Single,95141.51,Full-time,West,Yes,10.3,1
17454,47,Male,Married,60728.06,Contract,West,No,1.4,0
13371,30,Female,Divorced,56307.65,Full-time,Midwest,Yes,10.3,0
15632,49,Male,Married,54654.97,Full-time,Midwest,Yes,5.4,1
19662,26,Female,Married,96456.72,Full-time,Midwest,Yes,2.8,1
11054,50,Female,Married,36040.22,Full-time,Midwest,No,0.5,0
11071,30,Female,Married,68311.57,Part-time,Midwest,Yes,3.5,0
15920,46,Male,Married,69552.07,Contract,Northeast,Yes,1.8,1
16612,24,Female,Single,50629.21,Full-time,West,No,10.7,0
13258,25,Female,Married,55457.39,Part-time,Northeast,No,6.4,0
10995,48,Male,Single,67539.94,Full-time,Northeast,Yes,0.8,1
15272,51,Male,Divorced,45134.33,Full-time,South,Yes,6.7,1
19612,25,Female,Married,53687.35,Full-time,South,Yes,7.1,0
10086,45,Female,Married,71778.2,Part-time,West,Yes,6.3,1
14210,45,Female,Single,62170.18,Part-time,South,No,7.5,0
10013,57,Other,Married,67044.67,Full-time,Midwest,No,16.2,1
17511,48,Male,Married,78965.82,Full-time,West,Yes,5.3,1
18596,44,Male,Married,44526.1,Full-time,West,Yes,2.6,1
16011,62,Other,Single,69644.95,Part-time,Northeast,No,2.5,0
19346,55,Male,Single,57174.52,Full-time,Northeast,Yes,4.9,1
15087,38,Male,Married,82686.56,Full-time,Northeast,No,1.9,1
13525,56,Female,Married,60333.15,Full-time,South,No,3.5,1
19833,43,Female,Divorced,48232.68,Full-time,West,Yes,1.2,1
14705,44,Male,Single,104554.2,Full-time,Northeast,No,0.1,1
15271,58,Male,Married,59740.64,Full-time,West,No,0.1,0
12673,37,Female,Single,82966.79,Full-time,Northeast,No,0.2,1
16419,23,Female,Single,71500.41,Full-time,West,Yes,4.4,1
13476,22,Male,Widowed,68427.16,Part-time,Northeast,Yes,20.4,0
11848,41,Female,Single,79395.74,Full-time,West,Yes,7.3,1
15680,30,Male,Married,85044.26,Full-time,West,Yes,14.6,1
16868,47,Male,Married,75296.91,Full-time,Northeast,Yes,3.5,1
17067,62,Female,Married,55901.5,Contract,Northeast,No,3.2,0
19162,35,Female,Married,66709.61,Full-time,Northeast,Yes,1.2,1
11627,55,Female,Single,82366.61,Full-time,South,Yes,5.4,1
14040,31,Female,Married,56153.67,Part-time,Northeast,No,3.1,0
14166,51,Other,Widowed,57880.42,Full-time,Northeast,No,1.6,0
10039,39,Male,Married,66660.07,Part-time,Midwest,No,14.1,0
17664,54,Male,Single,96080.17,Full-time,Midwest,No,3.8,1
16134,32,Male,Married,68297.19,Contract,South,No,2.2,0
14487,33,Female,Married,43890.95,Full-time,Midwest,No,0.4,0
16232,58,Female,Single,60220.8,Full-time,Northeast,Yes,3.3,1
18729,31,Other,Married,88238.3,Full-time,Midwest,Yes,1.7,1
11766,56,Male,Married,39495.48,Full-time,South,Yes,5.5,1
18722,28,Female,Married,74578.24,Part-time,Midwest,No,1.1,0
12511,58,Female,Divorced,62490.43,Contract,Midwest,No,2.9,0
12841,52,Female,Single,44181.84,Full-time,South,Yes,0.4,1
17114,45,Female,Married,48456.13,Part-time,Midwest,No,6.8,0
10042,35,Male,Married,94759.31,Full-time,West,Yes,6.9,1
12592,39,Female,Single,67414.71,Contract,South,Yes,0.6,1
15646,24,Female,Married,78862.62,Full-time,Midwest,Yes,7.4,1
13713,27,Female,Single,54999.52,Full-time,South,Yes,1.1,0
18014,53,Male,Married,68348.8,Full-time,West,Yes,6.5,1
16208,36,Female,Married,90454.96,Full-time,West,Yes,5.6,1
15609,32,Female,Single,46348.24,Full-time,Northeast,No,2.9,0
16315,64,Female,Married,95614.21,Full-time,Midwest,Yes,4.1,1
10197,53,Female,Married,44636.65,Part-time,Midwest,Yes,2.6,0
10557,59,Female,Married,62351.63,Part-time,South,No,1.7,0
19011,60,Female,Single,50757.62,Full-time,South,Yes,0.1,1
18372,54,Female,Married,54123.02,Full-time,Midwest,Yes,7.1,1
14935,29,Other,Married,63669.89,Part-time,Midwest,Yes,4.5,0
18456,25,Male,Single,57962.27,Full-time,Northeast,Yes,4.4,0
11591,47,Male,Single,82422.83,Full-time,Midwest,Yes,2.0,1
17170,35,Female,Single,58735.4,Part-time,South,Yes,1.6,0
16839,49,Male,Single,44267.72,Full-time,South,Yes,7.6,1
14603,43,Female,Married,64990.65,Part-time,West,No,2.0,0
18542,57,Other,Married,75417.97,Full-time,South,No,1.5,1
19077,31,Male,Married,52922.49,Part-time,West,Yes,0.8,0
10336,23,Male,Divorced,80159.55,Part-time,South,Yes,1.5,0
19235,63,Female,Married,43387.3,Full-time,Midwest,No,2.3,0
17205,51,Female,Married,77516.56,Full-time,South,Yes,0.9,1
14355,62,Male,Single,66239.67,Full-time,South,Yes,1.6,1
15028,34,Male,Single,52054.91,Full-time,Northeast,No,7.1,0
19213,31,Female,Single,88411.92,Contract,Midwest,Yes,3.2,1
15970,32,Male,Divorced,50933.05,Full-time,South,No,6.7,0
14087,43,Male,Single,59179.36,Full-time,West,Yes,0.9,1
12025,37,Male,Married,94722.18,Full-time,Midwest,No,1.3,1
16273,45,Female,Divorced,65101.08,Full-time,South,Yes,2.1,1
13767,63,Female,Single,77894.19,Full-time,Northeast,Yes,0.6,1
15809,29,Male,Single,64812.94,Full-time,West,Yes,3.4,1
12462,39,Male,Married,55242.66,Full-time,Midwest,Yes,0.0,1
19463,44,Male,Married,56667.44,Full-time,Northeast,Yes,7.4,1
10221,24,Female,Married,68880.65,Full-time,Northeast,Yes,1.1,1
10429,47,Female,Single,28107.88,Full-time,West,Yes,3.0,1
11794,33,Male,Married,66180.92,Part-time,West,Yes,0.5,1
10595,22,Female,Divorced,94096.52,Full-time,South,No,0.4,0
19934,38,Male,Single,18260.77,Part-time,South,Yes,2.6,0
13606,27,Other,Divorced,57722.84,Full-time,South,No,3.0,0
15179,38,Male,Divorced,70506.76,Part-time,South,No,0.3,0
14055,41,Female,Married,69257.23,Full-time,West,Yes,0.2,1
14832,49,Female,Married,77953.37,Full-time,West,Yes,10.7,1
18210,35,Female,Single,64484.36,Full-time,Midwest,Yes,3.0,1
19995,27,Male,Single,72587.3,Full-time,West,Yes,2.9,1
13037,27,Female,Married,66650.66,Contract,West,Yes,4.8,0
13253,53,Male,Single,63478.79,Full-time,West,No,5.3,1
14980,51,Male,Married,65648.83,Full-time,Midwest,Yes,0.2,1
16140,59,Female,Married,46593.64,Part-time,West,Yes,10.7,0
19363,31,Female,Married,68647.83,Contract,Midwest,No,11.7,0
17615,39,Male,Married,59075.11,Full-time,West,Yes,2.7,1
18299,60,Female,Married,86383.61,Part-time,Midwest,Yes,0.3,1
19854,38,Female,Single,59193.47,Full-time,Midwest,Yes,1.8,1
19972,56,Male,Divorced,62020.39,Part-time,West,Yes,3.1,1
19734,55,Female,Married,71107.04,Full-time,South,Yes,4.8,1
19758,45,Female,Single,71653.43,Full-time,South,Yes,2.5,1
10899,59,Female,Divorced,58684.06,Part-time,Midwest,Yes,1.6,0
16963,37,Male,Married,55562.38,Full-time,West,Yes,2.5,1
12375,23,Female,Single,79231.99,Full-time,Northeast,No,3.6,0
18607,41,Male,Single,52725.67,Full-time,West,Yes,1.5,1
13273,40,Female,Single,65335.18,Full-time,Midwest,Yes,0.6,1
17952,52,Female,Single,64102.11,Contract,South,Yes,2.3,1
18306,39,Male,Married,68456.98,Contract,South,Yes,1.8,1
18715,23,Female,Married,71070.09,Full-time,Midwest,Yes,8.6,1
18450,56,Male,Married,83411.45,Part-time,Northeast,Yes,6.7,1
15847,64,Male,Married,67834.0,Full-time,Northeast,No,0.5,1
18341,25,Female,Single,63035.57,Contract,Northeast,Yes,0.8,0
10228,61,Female,Single,54163.61,Contract,Midwest,No,3.2,0
16021,52,Male,Single,57234.02,Part-time,Northeast,Yes,0.8,0
18999,25,Male,Divorced,35347.32,Contract,Midwest,Yes,2.5,0
13175,62,Female,Married,92094.78,Full-time,Northeast,Yes,4.1,1
15500,44,Other,Married,36649.41,Contract,West,Yes,8.0,0
10324,54,Male,Single,62174.66,Part-time,West,Yes,5.6,1
17208,28,Female,Married,74666.38,Full-time,Midwest,Yes,0.9,1
18933,50,Male,Married,53972.46,Full-time,South,Yes,1.9,1
18339,61,Female,Single,44934.33,Part-time,Midwest,No,3.3,0
10638,49,Other,Single,76671.45,Full-time,South,Yes,0.9,1
15391,63,Female,Married,82198.5,Full-time,West,No,3.8,1
16514,39,Male,Single,58963.39,Full-time,Northeast,No,5.5,0
13048,63,Female,Single,75022.32,Full-time,West,Yes,6.3,1
13391,53,Other,Single,61042.77,Full-time,Midwest,No,0.3,1
18852,62,Male,Single,60769.96,Part-time,South,No,5.6,0
13830,28,Male,Single,58271.6,Full-time,South,No,4.9,0
18200,36,Female,Married,59770.09,Full-time,Midwest,Yes,6.1,1
17515,48,Female,Divorced,87343.7,Part-time,West,No,0.9,0
12772,49,Male,Married,83336.84,Full-time,Midwest,No,2.1,1
16224,35,Male,Divorced,74205.98,Full-time,Midwest,Yes,10.6,1
13669,52,Female,Married,20710.56,Full-time,Midwest,No,0.4,0
11193,33,Male,Widowed,54018.24,Full-time,Midwest,No,6.1,0
18718,27,Female,Divorced,49371.15,Full-time,Midwest,Yes,4.8,0
10294,59,Male,Married,75163.14,Full-time,Midwest,Yes,6.3,1
12513,24,Male,Married,54889.6,Full-time,Midwest,No,0.8,0
13570,58,Male,Divorced,61828.09,Full-time,Midwest,Yes,0.2,1
11762,62,Male,Married,74431.73,Full-time,South,Yes,4.3,1
14835,23,Female,Married,32117.54,Contract,Midwest,No,3.2,0
13953,57,Female,Single,61441.8,Full-time,West,No,1.7,1
15310,57,Female,Single,76648.23,Full-time,Northeast,No,2.0,1
11296,46,Male,Married,74219.71,Full-time,Northeast,Yes,2.5,1
19291,31,Male,Single,55345.29,Part-time,South,Yes,11.6,0
17427,57,Male,Married,62801.96,Part-time,South,No,0.0,0
13077,60,Male,Married,36929.23,Full-time,West,Yes,4.5,1
17401,57,Female,Single,62227.94,Full-time,South,No,0.2,1
18203,42,Female,Single,51636.4,Full-time,Northeast,No,1.6,0
13823,32,Male,Married,53881.92,Contract,Northeast,No,1.0,0
17978,53,Other,Married,99907.58,Full-time,Northeast,Yes,6.5,1
13270,61,Male,Married,77846.91,Full-time,South,Yes,2.8,1
17997,34,Female,Married,85448.65,Full-time,Northeast,Yes,17.3,1
14950,45,Female,Single,49633.62,Full-time,South,Yes,0.1,1
12385,43,Male,Married,74808.87,Part-time,West,No,0.9,0
18813,64,Female,Married,75758.65,Full-time,Northeast,Yes,1.0,1
19635,29,Female,Married,55810.55,Full-time,Northeast,No,4.3,0
14236,33,Female,Married,83744.45,Part-time,Northeast,Yes,8.7,1
18761,46,Female,Divorced,72490.63,Full-time,South,No,5.4,1
11986,23,Female,Single,50889.43,Full-time,Northeast,Yes,1.5,0
16157,24,Male,Single,81641.64,Full-time,Northeast,No,1.1,0
13070,58,Female,Married,85006.27,Full-time,Northeast,No,1.4,1
13160,49,Male,Single,56753.07,Part-time,West,No,11.5,0
12400,44,Female,Single,79383.96,Full-time,Northeast,No,0.5,1
11562,41,Male,Married,65187.58,Full-time,Midwest,Yes,1.6,1
18447,25,Female,Divorced,42634.96,Full-time,Northeast,Yes,9.2,0
15423,61,Female,Single,60456.98,Full-time,West,Yes,6.3,1
16581,41,Female,Divorced,50914.91,Contract,West,No,5.7,0
11004,59,Female,Married,73578.58,Full-time,West,No,2.4,1
13629,43,Male,Married,80633.72,Contract,West,No,13.0,0
19369,26,Female,Single,46428.09,Part-time,South,Yes,2.2,0
17089,38,Female,Married,83327.5,Full-time,Northeast,No,13.9,1
19720,32,Male,Married,68429.56,Full-time,South,No,1.7,1
16525,34,Female,Married,87079.68,Full-time,Midwest,No,5.0,1
16578,28,Female,Married,73856.04,Part-time,Northeast,Yes,2.5,0
12104,42,Male,Single,85464.52,Full-time,South,Yes,10.3,1
13895,35,Female,Single,73741.44,Full-time,South,No,3.4,1
10022,23,Male,Married,83543.55,Full-time,West,No,2.3,0
19585,41,Male,Married,65933.67,Full-time,Northeast,Yes,3.7,1
15729,51,Female,Single,71841.17,Part-time,South,No,5.3,0
19792,51,Male,Married,81620.71,Full-time,West,Yes,4.7,1
10649,50,Female,Married,55733.35,Full-time,West,Yes,5.3,1
15677,22,Male,Married,60813.28,Contract,Midwest,No,3.0,0
14682,29,Male,Married,79398.92,Full-time,Midwest,Yes,0.7,1
18720,49,Other,Single,87148.9,Full-time,West,Yes,7.7,1
10663,53,Other,Divorced,49635.76,Full-time,West,No,2.7,0
16312,43,Female,Married,74780.06,Part-time,West,Yes,5.8,1
10555,31,Female,Married,70155.87,Full-time,West,No,1.0,1
16543,63,Male,Married,93155.03,Full-time,Midwest,No,2.9,1
13488,27,Female,Divorced,50693.26,Part-time,Northeast,Yes,0.4,0
10691,38,Male,Married,65054.11,Full-time,West,No,0.5,1
16621,27,Female,Married,40531.92,Part-time,South,Yes,2.6,0
18498,35,Female,Single,57724.93,Contract,South,Yes,3.8,0
17517,44,Female,Single,50231.84,Full-time,South,Yes,2.2,1
12017,55,Male,Widowed,48190.49,Contract,South,No,5.2,0
11822,38,Female,Married,54959.35,Full-time,Northeast,Yes,1.4,1
12808,28,Female,Married,59158.01,Part-time,Northeast,Yes,7.2,0
13722,46,Female,Divorced,86570.46,Full-time,South,Yes,7.8,1
18982,60,Female,Single,75815.74,Full-time,Northeast,No,17.9,1
14034,40,Male,Married,81051.63,Full-time,South,Yes,3.3,1
17671,46,Other,Single,62519.66,Full-time,West,No,1.7,1
18693,38,Other,Single,68028.64,Contract,Midwest,Yes,3.9,1
18204,53,Female,Married,62088.94,Part-time,West,Yes,4.1,1
14018,62,Male,Married,79737.18,Full-time,Midwest,No,4.9,1
13580,46,Other,Married,52710.84,Full-time,West,No,5.5,0
11451,59,Female,Single,64038.86,Full-time,West,No,0.1,1
11279,56,Male,Single,80335.26,Full-time,West,No,5.9,1
15058,47,Male,Divorced,70504.54,Part-time,Midwest,Yes,2.3,1
19095,63,Male,Married,82926.5,Full-time,South,Yes,0.0,1
12844,46,Female,Single,43488.22,Full-time,Midwest,No,0.1,0
17901,62,Female,Widowed,65161.83,Part-time,West,No,2.5,0
12182,51,Female,Married,54102.08,Full-time,Midwest,No,0.7,0
10468,31,Female,Married,73918.1,Full-time,Midwest,Yes,8.3,1
15871,26,Male,Single,62227.93,Part-time,Midwest,Yes,1.4,0
11675,46,Female,Divorced,78463.58,Full-time,South,Yes,2.3,1
11260,57,Male,Married,84691.41,Part-time,South,Yes,0.3,1
17986,34,Male,Married,66993.72,Part-time,Northeast,Yes,3.9,1
18244,27,Male,Single,66954.72,Full-time,Midwest,No,2.9,0
11702,51,Male,Married,52796.67,Full-time,Midwest,Yes,5.9,1
17313,62,Female,Married,50764.8,Full-time,Northeast,No,1.6,0
19359,39,Female,Married,34955.39,Part-time,Midwest,Yes,4.4,0
19773,38,Female,Single,47460.16,Full-time,South,Yes,1.4,1
15459,43,Male,Divorced,57038.97,Part-time,Northeast,No,12.1,0
19629,60,Male,Divorced,51456.39,Full-time,West,No,1.4,0
10427,37,Male,Single,49771.74,Part-time,Midwest,Yes,0.9,0
17764,51,Male,Single,78626.19,Part-time,Midwest,Yes,4.5,1
10417,37,Female,Married,44316.22,Full-time,West,Yes,2.6,1
16912,55,Female,Married,57865.79,Contract,Midwest,Yes,1.9,0
17850,61,Male,Married,58132.09,Full-time,Midwest,Yes,1.8,1
10189,44,Female,Widowed,66137.22,Part-time,South,No,4.6,0
10321,42,Male,Single,54554.99,Full-time,South,No,4.3,0
10523,62,Male,Married,75769.84,Full-time,West,Yes,0.7,1
12701,63,Male,Single,68617.74,Full-time,Northeast,Yes,3.4,1
17230,28,Female,Married,59600.44,Full-time,Northeast,No,2.7,0
11941,32,Male,Married,53876.71,Full-time,South,No,1.0,0
16476,44,Other,Divorced,53956.27,Full-time,West,Yes,5.2,1
15529,22,Male,Married,80633.13,Full-time,South,No,11.5,0
13517,33,Female,Single,69443.87,Contract,Northeast,Yes,1.4,1
17088,30,Male,Single,73218.44,Full-time,West,No,0.7,0
10169,48,Male,Single,62409.84,Contract,Midwest,Yes,1.2,1
15417,55,Female,Single,59507.45,Full-time,West,Yes,0.7,1
11170,35,Female,Married,77030.2,Part-time,Midwest,No,1.8,0
16928,63,Male,Single,74257.75,Part-time,Midwest,Yes,3.0,1
18936,31,Male,Married,76823.24,Full-time,Northeast,No,0.1,1
14834,37,Male,Widowed,74367.93,Part-time,West,Yes,0.8,1
18176,49,Male,Married,64946.58,Full-time,West,Yes,4.6,1
18015,45,Female,Married,89345.5,Full-time,Midwest,Yes,9.6,1
13819,62,Female,Single,64328.31,Contract,Midwest,No,3.7,0
10843,61,Female,Widowed,48772.38,Part-time,Midwest,Yes,5.9,0
18651,28,Female,Single,40347.41,Full-time,South,No,2.4,0
13674,59,Female,Widowed,51135.19,Full-time,Midwest,Yes,10.6,1
19261,29,Female,Married,47574.92,Full-time,Midwest,No,3.1,0
16904,52,Male,Single,99262.8,Full-time,Northeast,Yes,3.3,1
15486,27,Male,Single,48722.51,Part-time,Northeast,Yes,2.9,0
15208,51,Male,Married,50083.36,Full-time,Northeast,Yes,7.1,1
16453,47,Male,Single,90851.96,Contract,Northeast,Yes,4.6,1
15473,59,Male,Single,68626.25,Part-time,West,Yes,25.5,1
14891,44,Male,Married,62996.15,Full-time,West,Yes,1.3,1
16641,24,Male,Single,60822.11,Full-time,Northeast,No,14.3,0
16308,63,Male,Married,56868.58,Part-time,West,No,5.1,0
19131,23,Female,Single,96955.36,Full-time,South,Yes,2.2,1
15678,28,Male,Married,52531.64,Part-time,Northeast,No,6.0,0
10684,24,Male,Single,69370.45,Full-time,Midwest,No,0.2,0
10877,25,Male,Divorced,68547.0,Contract,Midwest,Yes,1.7,0
17987,40,Female,Single,54237.55,Full-time,Midwest,Yes,1.0,1
15042,61,Male,Single,49466.55,Full-time,Northeast,Yes,9.3,1
11936,34,Male,Married,33767.31,Part-time,Northeast,Yes,7.8,0
13725,44,Female,Single,72360.58,Full-time,South,No,2.7,1
14761,46,Other,Married,78450.49,Contract,Northeast,No,1.3,0
11778,25,Male,Single,73313.24,Full-time,Northeast,No,4.2,0
14132,31,Male,Married,60260.89,Full-time,West,Yes,1.9,1
18155,44,Male,Married,55616.37,Full-time,West,Yes,4.5,1
17819,34,Female,Married,71098.91,Part-time,Midwest,Yes,4.1,1
19723,27,Female,Single,55640.68,Full-time,West,No,10.8,0
10191,53,Male,Single,50351.41,Contract,West,No,2.8,0
14386,50,Female,Married,81216.91,Full-time,Northeast,Yes,10.5,1
16077,38,Female,Single,75131.04,Full-time,South,Yes,5.9,1
16457,42,Female,Single,48421.49,Full-time,South,No,3.6,0
12914,57,Female,Divorced,80729.89,Full-time,South,Yes,3.7,1
15781,26,Male,Divorced,66009.84,Part-time,South,Yes,3.2,0
10957,46,Female,Married,67416.31,Full-time,West,No,0.6,1
17794,44,Male,Single,54169.83,Full-time,Midwest,Yes,0.1,1
16342,63,Male,Single,89145.31,Contract,South,No,0.9,0
18228,57,Male,Married,75477.53,Contract,South,Yes,11.3,1
10164,62,Male,Married,46839.26,Full-time,West,No,0.4,0
18075,25,Female,Married,57264.19,Full-time,Northeast,No,1.0,0
11075,62,Male,Single,80341.3,Full-time,West,No,7.2,1
12450,34,Female,Single,53280.73,Part-time,South,No,0.7,0
15894,33,Female,Single,61065.54,Full-time,Midwest,Yes,0.1,1
16814,33,Female,Single,69448.92,Full-time,Northeast,Yes,3.8,1
11156,54,Female,Divorced,84534.14,Full-time,West,No,1.8,1
18273,50,Male,Married,56301.82,Full-time,South,Yes,6.9,1
18354,39,Male,Single,87078.61,Full-time,South,No,1.1,1
11648,41,Female,Single,73520.78,Full-time,Northeast,Yes,4.2,1
17663,30,Male,Widowed,89115.38,Full-time,West,Yes,0.3,1
19097,56,Male,Divorced,66938.74,Full-time,Midwest,No,5.4,1
14618,47,Male,Married,79850.86,Full-time,South,No,1.2,1
18739,39,Male,Single,66556.85,Full-time,West,No,0.2,1
11947,40,Female,Married,41485.86,Part-time,West,Yes,5.7,0
15508,38,Male,Divorced,59420.92,Full-time,South,Yes,12.2,1
11963,33,Male,Single,86505.35,Part-time,Midwest,Yes,12.6,1
13335,43,Female,Married,68760.33,Full-time,Northeast,No,7.4,1
10486,28,Female,Single,61125.28,Full-time,South,Yes,10.1,1
19329,28,Female,Married,85945.55,Full-time,West,No,1.2,0
11755,39,Female,Married,57829.34,Full-time,Northeast,Yes,1.8,1
16818,47,Male,Married,30780.37,Full-time,Northeast,Yes,7.6,1
14320,22,Male,Divorced,70566.01,Full-time,Midwest,Yes,11.1,1
11996,36,Male,Single,38484.19,Full-time,West,Yes,7.8,1
19277,34,Female,Married,57627.17,Full-time,Midwest,No,1.2,0
13770,29,Male,Married,64451.13,Part-time,Midwest,Yes,0.2,0
19482,23,Male,Married,48263.77,Full-time,Northeast,No,3.4,0
19638,47,Male,Widowed,94227.89,Full-time,Midwest,No,0.6,1
13593,41,Male,Single,83067.09,Full-time,Midwest,No,10.3,1
12961,38,Male,Married,88702.46,Full-time,West,No,0.5,1
10046,41,Male,Married,66767.12,Full-time,South,Yes,0.5,1
12688,54,Male,Married,51940.71,Full-time,West,No,6.9,0
15951,52,Female,Divorced,49529.48,Part-time,South,Yes,2.6,0
19303,51,Female,Divorced,70714.83,Full-time,South,Yes,2.2,1
19379,58,Female,Married,69890.66,Full-time,Northeast,No,3.1,1
12379,61,Female,Married,91505.13,Contract,West,Yes,0.3,1
13184,55,Male,Single,66249.73,Full-time,Northeast,Yes,0.9,1
10140,36,Male,Married,90630.37,Part-time,Midwest,Yes,7.4,1
12990,41,Male,Widowed,117588.07,Full-time,Northeast,Yes,0.1,1
17276,49,Male,Married,69535.08,Part-time,Northeast,Yes,4.5,1
14262,44,Female,Single,67375.4,Full-time,Northeast,Yes,11.4,1
18356,23,Female,Married,44311.28,Full-time,West,Yes,7.8,0
10423,26,Female,Divorced,69553.15,Full-time,Midwest,Yes,0.2,1
12320,59,Female,Married,72564.67,Contract,Northeast,Yes,2.4,1
17818,37,Female,Married,79207.49,Full-time,West,Yes,15.1,1
18656,30,Female,Single,62058.59,Part-time,South,No,2.4,0
18787,48,Female,Divorced,70991.1,Part-time,Midwest,Yes,0.8,1
19849,22,Male,Single,69696.28,Full-time,South,Yes,1.2,1
12711,58,Female,Single,72143.1,Full-time,West,Yes,1.4,1
15054,37,Female,Married,55753.34,Full-time,Midwest,Yes,7.7,1
10339,23,Male,Single,64395.03,Part-time,West,Yes,3.6,0
19416,51,Female,Married,71450.63,Full-time,Northeast,No,2.5,1
15084,27,Female,Married,72425.09,Full-time,Northeast,Yes,3.2,1
13235,39,Male,Divorced,58147.39,Full-time,Northeast,No,1.8,0
13090,54,Male,Married,64151.45,Full-time,South,No,9.7,1
13190,22,Female,Widowed,95745.64,Full-time,Midwest,Yes,8.5,1
13828,40,Female,Married,50783.95,Contract,West,Yes,0.2,0
10538,57,Female,Married,38984.76,Full-time,Northeast,Yes,8.6,1
15628,49,Male,Married,79942.5,Full-time,Midwest,Yes,5.3,1
19130,27,Male,Married,60475.32,Full-time,West,No,5.2,0
10903,34,Male,Married,69485.02,Full-time,Northeast,Yes,2.3,1
12272,33,Female,Divorced,57127.06,Full-time,West,No,2.0,0
15457,55,Female,Single,53978.81,Full-time,South,Yes,2.6,1
16600,61,Male,Married,70362.19,Full-time,Midwest,Yes,7.2,1
17924,44,Female,Widowed,79514.67,Part-time,South,Yes,4.1,1
17245,34,Male,Single,70829.95,Full-time,South,No,3.9,1
17032,40,Female,Single,45425.65,Full-time,Midwest,No,3.9,0
12605,57,Other,Married,54318.89,Full-time,West,Yes,0.7,1
15178,25,Male,Married,59505.49,Contract,South,No,3.4,0
14524,56,Female,Married,57673.9,Full-time,Midwest,No,0.1,0
13857,57,Male,Single,52802.92,Full-time,South,Yes,4.8,1
14353,37,Female,Married,34508.76,Full-time,West,No,1.5,0
17252,56,Female,Married,74924.4,Part-time,Midwest,No,5.1,0
12584,24,Female,Divorced,56410.38,Part-time,South,Yes,2.4,0
15764,23,Other,Married,64797.56,Full-time,West,Yes,1.9,1
16187,35,Male,Single,59855.41,Part-time,South,Yes,5.3,0
18121,52,Male,Married,75187.74,Full-time,Northeast,Yes,3.6,1
11432,55,Female,Married,28375.27,Contract,Midwest,Yes,0.7,0
12415,40,Male,Divorced,64351.66,Contract,Midwest,Yes,1.9,1
10689,31,Female,Married,66684.83,Full-time,Midwest,Yes,0.5,1
10572,43,Female,Married,67890.76,Full-time,Northeast,No,3.1,1
12779,63,Male,Single,60538.18,Full-time,Midwest,Yes,4.4,1
17856,30,Male,Single,56185.31,Full-time,West,Yes,0.2,0
16694,32,Male,Widowed,59732.89,Full-time,South,No,10.3,0
17317,37,Male,Single,83282.86,Full-time,South,No,4.2,1
19381,30,Other,Single,66291.79,Part-time,Midwest,Yes,1.6,0
12606,51,Female,Married,76797.3,Full-time,Northeast,Yes,2.2,1
14675,53,Male,Married,68676.95,Full-time,Northeast,Yes,8.6,1
18151,52,Male,Single,50575.21,Contract,South,No,12.9,0
14204,32,Female,Married,44508.17,Full-time,Northeast,No,2.6,0
12501,42,Male,Divorced,72893.67,Full-time,South,Yes,1.2,1
11445,39,Female,Widowed,50983.39,Full-time,West,No,3.8,0
10545,52,Female,Single,63340.71,Full-time,West,Yes,0.1,1
11273,43,Male,Single,51604.14,Part-time,South,No,3.5,0
18471,30,Female,Divorced,69961.32,Contract,West,No,3.6,0
18932,49,Male,Married,77999.58,Part-time,Northeast,Yes,0.6,1
15483,60,Female,Single,42064.92,Full-time,South,Yes,3.8,1
19322,39,Male,Married,72118.99,Full-time,Midwest,Yes,3.5,1
15235,32,Male,Single,60247.15,Full-time,South,Yes,1.1,1
17087,41,Male,Divorced,48517.4,Full-time,West,Yes,1.4,1
19132,51,Female,Married,49679.19,Part-time,Midwest,No,0.5,0
17826,27,Other,Married,81735.81,Full-time,Northeast,No,9.5,0
12793,49,Male,Single,82093.01,Full-time,West,No,4.8,1
12633,40,Female,Married,58069.11,Part-time,West,No,0.3,0
14771,35,Male,Single,51138.03,Full-time,West,Yes,1.4,1
17634,58,Female,Divorced,77016.53,Part-time,South,Yes,0.3,1
12509,43,Female,Single,65810.72,Full-time,South,No,7.9,1
16968,37,Male,Single,44915.68,Full-time,South,No,0.6,0
19780,25,Female,Single,72752.22,Part-time,Northeast,Yes,6.5,0
15738,30,Male,Married,79953.56,Full-time,Midwest,Yes,0.1,1
10732,59,Male,Married,75655.0,Full-time,Midwest,No,6.2,1
14811,34,Female,Married,69414.79,Full-time,Midwest,No,5.1,1
19606,49,Male,Widowed,92657.66,Full-time,Midwest,Yes,12.2,1
16025,30,Female,Married,73915.74,Full-time,West,No,1.5,0
18663,44,Female,Married,69815.1,Part-time,South,Yes,12.5,1
17447,34,Female,Married,29783.99,Part-time,West,No,0.2,0
10273,23,Female,Single,51103.42,Full-time,West,Yes,13.2,0
16243,27,Female,Single,86013.19,Full-time,West,Yes,1.8,1
19209,58,Female,Married,74228.83,Full-time,South,No,5.2,1
19175,32,Male,Married,63928.51,Full-time,South,Yes,5.7,1
19249,38,Female,Single,74579.91,Contract,West,Yes,4.5,1
10671,54,Male,Single,61836.21,Full-time,South,Yes,4.6,1
13394,59,Female,Divorced,41574.58,Part-time,South,Yes,6.9,0
17366,45,Male,Single,49304.4,Full-time,West,No,6.4,0
16508,31,Male,Married,92002.0,Part-time,Northeast,No,0.3,0
15810,44,Female,Divorced,56726.34,Full-time,South,Yes,11.6,1
10627,29,Other,Married,56788.99,Part-time,Northeast,Yes,4.7,0
18885,51,Female,Single,55599.13,Full-time,West,Yes,1.7,1
17576,62,Female,Married,37576.91,Full-time,South,No,1.9,0
19195,56,Male,Single,65212.35,Contract,West,Yes,0.3,1
16935,60,Male,Single,55106.46,Full-time,South,No,3.2,0
15172,63,Male,Widowed,71860.15,Full-time,West,Yes,20.5,1
17139,40,Female,Married,43432.43,Contract,West,Yes,0.2,0
14451,37,Female,Single,85102.0,Full-time,Northeast,Yes,3.8,1
14568,26,Female,Married,45419.64,Full-time,West,Yes,0.4,0
15912,49,Female,Single,56785.18,Full-time,Midwest,Yes,3.1,1
19647,52,Female,Single,63920.72,Full-time,South,Yes,2.7,1
11611,48,Male,Married,86605.34,Full-time,Northeast,No,1.7,1
10752,34,Male,Married,39003.63,Full-time,West,No,1.4,0
10617,52,Male,Married,74058.4,Full-time,West,Yes,4.8,1
12430,29,Female,Single,52660.43,Part-time,Northeast,Yes,4.0,0
15832,33,Female,Widowed,53989.92,Full-time,West,Yes,8.1,1
17710,50,Male,Single,45824.19,Full-time,Midwest,Yes,1.8,1
15488,37,Female,Married,40359.66,Full-time,South,No,5.0,0
11178,42,Male,Widowed,60627.74,Full-time,South,No,0.5,1
13636,55,Female,Divorced,60659.25,Full-time,Northeast,Yes,1.3,1
18319,24,Female,Married,64527.26,Part-time,Midwest,Yes,6.0,0
16515,38,Male,Single,47087.74,Full-time,Midwest,Yes,6.4,1
15859,54,Female,Married,53459.69,Part-time,South,Yes,6.7,0
11182,50,Female,Married,97126.2,Full-time,Midwest,No,3.1,1
16616,57,Female,Single,65640.02,Full-time,Northeast,Yes,5.0,1
19894,49,Female,Married,54731.3,Full-time,West,Yes,8.0,1
13299,40,Male,Single,61573.41,Part-time,Northeast,No,2.8,0
14940,48,Male,Widowed,53656.2,Part-time,Midwest,Yes,2.7,0
18422,42,Female,Single,74478.68,Contract,Midwest,Yes,3.8,1
16982,36,Male,Married,87747.83,Part-time,Midwest,Yes,0.9,1
12010,32,Female,Single,67082.11,Full-time,West,Yes,9.7,1
18465,33,Female,Single,59485.07,Full-time,West,No,0.8,0
16229,42,Female,Single,78748.48,Full-time,Northeast,No,1.2,1
14708,52,Female,Single,72036.14,Full-time,South,Yes,8.2,1
10009,44,Female,Single,83459.03,Full-time,South,Yes,0.3,1
19221,38,Female,Single,53115.23,Full-time,West,No,6.3,0
14119,30,Male,Married,60665.82,Part-time,Northeast,Yes,0.0,0
10777,63,Other,Single,67677.01,Full-time,West,No,4.4,1
13113,61,Female,Single,53564.71,Full-time,Northeast,No,1.4,0
13841,50,Female,Married,50560.56,Full-time,South,Yes,1.2,1
18384,38,Male,Divorced,43380.72,Part-time,South,No,5.5,0
14360,40,Female,Married,76857.0,Full-time,Midwest,No,1.1,1
15342,56,Female,Married,60235.75,Part-time,South,Yes,0.2,1
19923,64,Female,Divorced,75536.2,Full-time,West,Yes,0.6,1
15916,42,Male,Married,57400.43,Full-time,Northeast,Yes,0.3,1
15800,50,Female,Single,79024.56,Contract,West,Yes,6.6,1
18021,36,Female,Married,74180.82,Full-time,South,Yes,1.7,1
13992,23,Male,Single,80739.72,Full-time,Northeast,No,0.2,0
18704,45,Female,Married,71867.55,Full-time,Northeast,Yes,1.1,1
18410,55,Female,Married,66957.84,Contract,Midwest,Yes,4.2,1
17077,34,Male,Married,51480.58,Full-time,South,Yes,2.6,1
11718,27,Female,Married,41799.91,Contract,Midwest,No,1.7,0
17534,41,Female,Single,70987.93,Full-time,Midwest,Yes,4.3,1
18002,45,Female,Single,88826.22,Full-time,Midwest,No,0.8,1
15827,31,Male,Single,82154.43,Contract,South,Yes,2.3,1
10318,52,Male,Single,69575.62,Full-time,Northeast,No,3.0,1
16359,22,Other,Single,88435.38,Part-time,South,No,15.1,0
15422,33,Female,Married,64222.42,Full-time,West,Yes,5.6,1
19310,29,Female,Married,67811.43,Full-time,Midwest,Yes,7.8,1
18352,58,Male,Single,62092.93,Part-time,West,No,1.7,0
17891,45,Male,Married,65839.67,Full-time,West,No,12.1,1
11397,41,Male,Single,56118.09,Full-time,Midwest,No,1.4,0
13366,58,Female,Single,46873.24,Full-time,South,Yes,6.2,1
11929,49,Male,Married,76139.45,Full-time,West,Yes,5.8,1
18462,54,Male,Single,72686.8,Contract,Northeast,No,8.7,0
18802,50,Male,Married,64345.63,Contract,South,Yes,3.1,1
12730,60,Male,Divorced,88790.67,Part-time,Midwest,Yes,9.0,1
15232,33,Male,Married,65105.39,Full-time,Midwest,Yes,3.8,1
14537,52,Male,Married,67044.64,Part-time,West,Yes,8.3,1
14176,22,Male,Single,84481.44,Full-time,West,Yes,8.4,1
19094,49,Other,Married,65087.28,Contract,Northeast,Yes,11.0,1
18755,25,Female,Single,48463.52,Full-time,Midwest,Yes,7.1,0
17679,39,Male,Divorced,85340.28,Full-time,Northeast,Yes,0.9,1
17574,55,Male,Single,54682.65,Contract,Midwest,No,0.6,0
18459,43,Male,Married,70650.42,Part-time,West,No,0.1,0
11808,35,Female,Married,78310.94,Full-time,South,Yes,4.3,1
10497,45,Female,Married,39056.84,Full-time,Midwest,No,3.9,0
11692,54,Female,Single,73134.37,Full-time,Northeast,Yes,23.6,1
15365,28,Male,Single,58702.28,Full-time,South,No,6.8,0
12559,27,Female,Single,51832.3,Full-time,South,Yes,1.7,0
13015,42,Male,Single,54980.46,Full-time,South,Yes,1.1,1
14899,32,Male,Divorced,64782.54,Full-time,West,Yes,1.3,1
17519,63,Male,Single,51121.67,Part-time,Northeast,Yes,2.5,0
16558,22,Female,Single,60806.48,Part-time,Midwest,No,7.2,0
18899,25,Male,Single,62529.53,Full-time,West,Yes,0.7,1
15477,37,Female,Married,54386.99,Full-time,South,Yes,4.3,1
15462,57,Female,Single,73104.23,Full-time,West,Yes,4.9,1
16841,56,Female,Single,64694.43,Full-time,West,Yes,7.5,1
16740,53,Male,Divorced,42382.19,Full-time,Northeast,Yes,0.5,1
15257,34,Male,Single,60635.97,Full-time,Midwest,Yes,8.7,1
14973,33,Other,Married,53680.43,Full-time,Northeast,No,0.4,0
12899,60,Male,Married,72528.02,Full-time,West,No,3.5,1
16888,54,Female,Married,56353.03,Full-time,Midwest,No,1.7,0
17435,47,Male,Single,73728.49,Full-time,Northeast,Yes,0.4,1
10488,32,Male,Married,78128.22,Full-time,West,Yes,0.3,1
17836,38,Other,Married,68175.87,Full-time,Midwest,Yes,6.3,1
14744,41,Male,Married,40459.87,Part-time,South,Yes,6.6,0
18425,27,Male,Single,66928.42,Full-time,South,Yes,0.0,1
12174,51,Female,Married,54821.81,Full-time,Midwest,Yes,2.5,1
11689,43,Male,Single,73050.7,Part-time,Northeast,No,4.7,0
11522,31,Male,Single,74885.43,Full-time,Midwest,Yes,1.9,1
10935,56,Male,Married,85000.16,Full-time,South,Yes,0.7,1
11308,31,Male,Single,58848.85,Full-time,West,Yes,5.8,1
11057,62,Male,Single,60437.68,Contract,Northeast,Yes,3.5,1
11523,53,Other,Single,83219.53,Part-time,South,No,4.7,0
12186,43,Female,Widowed,65644.77,Full-time,West,Yes,0.9,1
19834,64,Male,Divorced,73379.28,Full-time,West,No,8.9,1
15731,54,Female,Married,60968.65,Full-time,South,Yes,1.1,1
11503,40,Female,Married,79793.48,Full-time,Northeast,No,4.6,1
15679,51,Male,Married,32174.42,Part-time,West,Yes,2.9,0
14504,28,Male,Widowed,58633.92,Full-time,West,Yes,6.1,0
13369,29,Male,Widowed,45962.01,Part-time,Northeast,No,1.7,0
13459,52,Female,Married,78023.32,Full-time,Northeast,Yes,3.4,1
12797,42,Male,Married,49042.26,Full-time,Midwest,No,19.1,0
13950,24,Female,Single,59850.7,Contract,South,No,2.4,0
13751,41,Male,Widowed,72957.01,Contract,Midwest,Yes,2.4,1
19064,60,Female,Single,50099.86,Full-time,Northeast,Yes,5.2,1
10068,36,Female,Married,81789.05,Full-time,West,No,4.7,1
10527,28,Female,Married,61184.61,Full-time,Northeast,Yes,4.6,1
19078,41,Male,Single,50849.07,Part-time,Northeast,Yes,1.3,0
14389,24,Female,Divorced,63568.62,Full-time,West,No,2.1,0
16211,55,Male,Single,74743.96,Part-time,Northeast,Yes,18.2,1
20000,54,Male,Single,69163.41,Full-time,South,Yes,0.8,1
14133,48,Male,Married,74426.35,Full-time,Midwest,No,3.8,1
10490,57,Female,Married,74122.43,Full-time,South,Yes,0.6,1
10408,22,Female,Married,57289.72,Full-time,Midwest,Yes,2.4,0
13715,37,Female,Divorced,68692.7,Full-time,Northeast,Yes,1.3,1
14448,31,Male,Married,58834.12,Full-time,Midwest,No,21.4,0
14303,36,Female,Married,66643.04,Part-time,South,No,1.4,0
12275,49,Female,Married,77836.15,Part-time,West,Yes,5.4,1
19442,54,Male,Married,80464.65,Full-time,West,Yes,1.5,1
13008,36,Female,Divorced,54943.6,Full-time,Northeast,Yes,3.2,1
18563,26,Female,Single,40271.6,Full-time,West,Yes,4.3,0
16898,26,Female,Single,45268.44,Full-time,South,Yes,0.7,0
19267,48,Female,Single,68022.51,Full-time,South,Yes,0.5,1
19140,34,Female,Single,54457.54,Full-time,Midwest,No,9.4,0
11351,56,Male,Married,78238.86,Full-time,South,No,2.7,1
16773,44,Female,Married,51348.59,Full-time,West,Yes,6.6,1
11282,64,Male,Single,69750.19,Full-time,Northeast,No,5.1,1
14853,36,Male,Married,102801.62,Full-time,West,Yes,4.9,1
16397,53,Male,Divorced,82265.34,Full-time,South,No,3.4,1
12956,40,Male,Divorced,80035.16,Full-time,Northeast,No,2.4,1
12483,42,Female,Divorced,79572.83,Full-time,Northeast,No,10.2,1
16104,57,Other,Married,87625.55,Full-time,Midwest,Yes,3.8,1
10869,57,Male,Married,68391.85,Contract,South,No,5.4,0
16688,33,Female,Married,27176.42,Part-time,South,No,0.6,0
15813,24,Male,Married,66349.16,Full-time,Northeast,Yes,1.4,1
13816,38,Female,Widowed,81709.49,Full-time,West,Yes,4.4,1
14872,29,Male,Single,82682.28,Full-time,West,Yes,6.9,1
18780,54,Male,Single,83444.73,Full-time,South,Yes,9.0,1
18094,64,Male,Single,69965.72,Full-time,South,Yes,7.9,1
19020,62,Male,Divorced,44192.4,Full-time,Midwest,Yes,4.0,1
15897,54,Male,Widowed,64992.44,Contract,Midwest,Yes,7.3,1
12814,61,Female,Married,51761.6,Full-time,South,No,8.0,0
12545,30,Male,Single,102271.18,Full-time,West,Yes,6.1,1
12251,46,Other,Married,111745.22,Part-time,South,Yes,4.1,1
12249,46,Female,Married,84371.36,Full-time,West,No,0.5,1
12979,43,Female,Married,58136.17,Full-time,West,Yes,6.0,1
17908,44,Male,Single,66186.25,Part-time,Northeast,Yes,5.2,1
12645,27,Female,Single,45612.8,Full-time,West,Yes,1.2,0
10858,25,Female,Single,52157.23,Contract,South,Yes,0.5,0
10855,42,Male,Married,44050.0,Contract,Midwest,No,2.3,0
15611,25,Male,Single,58605.46,Full-time,Northeast,Yes,1.3,0
19473,53,Female,Single,81219.62,Full-time,Midwest,No,0.6,1
13540,30,Female,Single,68507.54,Contract,West,Yes,3.0,0
14758,37,Male,Single,51269.59,Full-time,South,No,3.0,0
14679,24,Female,Single,85070.99,Full-time,Midwest,Yes,7.2,1
18434,32,Male,Married,57922.96,Part-time,Midwest,Yes,10.0,0
19998,52,Male,Single,60903.6,Full-time,Midwest,Yes,2.2,1
14351,50,Male,Single,68964.11,Part-time,Northeast,No,4.4,0
17394,54,Male,Single,73114.25,Contract,South,Yes,1.6,1
18150,32,Male,Single,79906.91,Full-time,Midwest,Yes,10.8,1
12009,57,Female,Widowed,63309.85,Full-time,Midwest,Yes,1.0,1
18775,29,Male,Married,47856.08,Full-time,Midwest,Yes,0.6,0
16931,26,Male,Divorced,91720.75,Full-time,West,No,17.3,0
14419,49,Female,Divorced,90616.55,Full-time,Midwest,Yes,0.6,1
11339,28,Male,Single,62831.9,Full-time,South,Yes,4.6,1
17195,63,Male,Divorced,74647.01,Contract,South,Yes,1.7,1
18045,42,Female,Married,56400.58,Part-time,Midwest,Yes,1.4,0
16193,57,Male,Single,72011.67,Full-time,West,Yes,0.5,1
15493,53,Female,Married,47692.69,Full-time,Midwest,No,3.2,0
16692,27,Male,Divorced,89526.74,Full-time,West,Yes,1.3,1
15381,25,Male,Married,69452.21,Full-time,West,Yes,2.2,1
16301,44,Female,Single,63620.67,Part-time,Midwest,No,2.2,0
12586,58,Male,Married,53534.18,Full-time,West,Yes,7.4,1
16496,30,Male,Widowed,82007.2,Full-time,West,No,8.4,0
14827,29,Female,Married,89519.48,Full-time,Midwest,Yes,0.2,1
12234,28,Male,Single,41016.09,Full-time,West,Yes,6.1,0
12178,26,Male,Married,57097.57,Full-time,Northeast,No,4.5,0
15064,27,Male,Divorced,90765.32,Full-time,West,Yes,0.0,1
18117,36,Female,Married,74878.8,Full-time,South,No,1.0,1
10315,58,Female,Single,45903.3,Contract,Northeast,Yes,1.2,0
16896,59,Female,Married,55266.05,Full-time,West,No,0.9,0
18671,33,Male,Single,77104.42,Full-time,West,No,2.4,1
12648,60,Female,Widowed,86788.05,Full-time,South,Yes,6.5,1
15241,27,Male,Single,68000.93,Part-time,West,Yes,11.3,0
10379,29,Male,Married,64527.81,Part-time,West,Yes,0.1,0
13555,24,Male,Married,80436.55,Contract,South,Yes,2.9,0
10856,27,Female,Married,67953.72,Contract,West,No,13.0,0
10890,25,Female,Single,51355.18,Full-time,West,No,9.0,0
17773,32,Male,Married,58617.05,Full-time,Midwest,Yes,8.8,1
15670,55,Male,Divorced,60731.4,Full-time,South,No,3.3,1
11009,36,Female,Married,70555.17,Full-time,South,Yes,11.1,1
13222,63,Other,Single,77491.83,Full-time,West,Yes,2.4,1
19436,56,Female,Married,70611.93,Part-time,Midwest,No,4.9,0
13620,57,Male,Divorced,62023.96,Contract,West,No,4.8,0
16119,28,Female,Single,83543.45,Full-time,Northeast,No,2.3,0
11759,43,Male,Married,62306.73,Full-time,Northeast,No,0.6,1
14017,54,Male,Married,48921.82,Full-time,Northeast,No,15.5,0
15207,44,Female,Single,65068.14,Full-time,South,Yes,15.0,1
12784,46,Female,Married,45929.42,Full-time,Northeast,Yes,11.1,1
16220,48,Female,Married,53453.32,Full-time,South,Yes,0.2,1
15019,23,Male,Married,86669.93,Part-time,West,Yes,0.5,0
13191,22,Male,Married,58307.57,Full-time,South,No,3.2,0
14549,42,Other,Married,61625.21,Full-time,West,Yes,1.2,1
14533,51,Female,Divorced,53861.07,Contract,West,No,0.9,0
10896,22,Male,Married,77666.6,Full-time,Midwest,Yes,3.3,1
10666,47,Male,Single,48285.45,Full-time,South,Yes,10.6,1
14580,32,Female,Married,74483.31,Full-time,Midwest,Yes,4.7,1
10905,24,Male,Married,97003.96,Contract,West,No,0.7,0
13928,61,Female,Single,81892.37,Part-time,South,Yes,3.0,1
15921,62,Male,Single,59924.42,Part-time,Northeast,Yes,3.4,0
18184,31,Male,Single,58082.35,Full-time,West,No,4.1,0
17444,58,Female,Married,56317.99,Full-time,Midwest,No,7.1,0
17040,57,Male,Married,61239.54,Full-time,Northeast,Yes,7.7,1
16039,50,Female,Single,51116.86,Contract,South,Yes,0.2,0
15640,35,Female,Widowed,52070.81,Full-time,Northeast,Yes,0.4,1
14352,43,Male,Married,84577.38,Contract,South,Yes,0.6,1
12682,64,Male,Married,54890.34,Full-time,South,No,3.6,0
15841,27,Male,Divorced,80511.75,Full-time,Midwest,Yes,2.2,1
11342,28,Female,Single,68098.5,Full-time,Northeast,Yes,1.3,1
10962,61,Male,Single,68593.32,Full-time,South,Yes,0.8,1
13868,26,Male,Married,65463.87,Full-time,Northeast,No,0.3,0
15223,56,Female,Divorced,59900.47,Full-time,Midwest,Yes,7.6,1
10359,37,Female,Married,74653.36,Contract,South,Yes,2.7,1
14135,42,Male,Single,56329.46,Contract,Northeast,No,2.1,0
12453,37,Other,Single,68098.55,Full-time,South,Yes,0.5,1
18723,30,Male,Married,76917.01,Full-time,West,No,0.4,0
19316,37,Female,Married,40104.12,Part-time,Midwest,No,0.4,0
16061,28,Male,Single,87052.65,Full-time,Midwest,Yes,0.7,1
16583,25,Female,Single,67445.68,Full-time,South,Yes,1.2,1
18831,29,Female,Single,63280.17,Full-time,West,Yes,4.0,1
15353,38,Male,Married,45425.39,Part-time,Midwest,No,0.8,0
18666,58,Male,Married,59117.26,Full-time,Midwest,Yes,1.0,1
19753,51,Female,Single,58847.37,Full-time,West,Yes,4.6,1
19287,34,Female,Married,80165.15,Full-time,Midwest,Yes,1.9,1
10154,41,Female,Married,67252.86,Part-time,West,No,4.9,0
16942,63,Female,Married,40347.87,Contract,Midwest,Yes,4.8,0
15957,41,Female,Married,95167.82,Part-time,West,No,1.6,0
13436,41,Male,Married,75041.16,Full-time,Midwest,Yes,4.4,1
17433,47,Female,Single,75255.02,Full-time,South,Yes,1.4,1
17943,26,Male,Divorced,26276.46,Full-time,Midwest,No,10.9,0
15990,50,Female,Single,58339.8,Full-time,South,Yes,6.8,1
10045,23,Male,Married,72724.62,Full-time,South,Yes,0.1,1
17621,42,Female,Single,50418.09,Contract,Midwest,No,2.3,0
19042,36,Female,Married,63808.69,Part-time,Northeast,No,1.7,0
12038,52,Male,Widowed,73890.17,Full-time,Northeast,No,0.4,1
18836,63,Female,Single,49508.79,Contract,Northeast,No,1.1,0
11580,56,Female,Married,97599.92,Full-time,South,Yes,0.5,1
18065,53,Female,Married,48222.58,Full-time,South,Yes,10.0,1
15159,27,Female,Divorced,88857.44,Part-time,South,No,2.9,0
14946,35,Other,Single,67098.63,Full-time,Midwest,No,3.8,1
19744,54,Female,Married,32886.03,Contract,Midwest,Yes,7.1,0
12710,47,Female,Married,27587.07,Part-time,West,No,6.0,0
11738,47,Male,Married,84679.05,Full-time,Midwest,No,0.2,1
17848,44,Male,Married,78919.22,Full-time,West,No,18.3,1
19002,34,Male,Married,57581.05,Full-time,West,No,4.3,0
13474,49,Male,Single,55749.94,Full-time,West,Yes,4.3,1
12255,35,Male,Married,78150.06,Part-time,Midwest,No,4.1,0
19737,31,Male,Single,83525.56,Full-time,West,Yes,0.0,1
19602,48,Male,Married,56695.99,Part-time,South,No,3.0,0
16570,37,Male,Single,72796.75,Part-time,South,Yes,6.3,1
12590,55,Male,Divorced,59629.48,Full-time,West,Yes,1.9,1
17485,50,Male,Married,44328.05,Full-time,South,Yes,22.9,1
13415,50,Male,Married,67630.93,Full-time,Northeast,Yes,0.5,1
18340,31,Male,Divorced,90843.49,Full-time,Northeast,No,0.1,1
11171,52,Male,Married,28755.32,Full-time,West,Yes,0.7,1
18288,54,Female,Single,56797.44,Full-time,West,Yes,4.6,1
15967,32,Female,Married,33079.05,Full-time,Northeast,No,2.0,0
19171,37,Other,Single,63639.89,Full-time,Midwest,Yes,5.9,1
16741,33,Male,Married,73140.95,Full-time,Midwest,No,1.1,1
14332,47,Female,Single,75575.19,Full-time,Midwest,No,2.5,1
11275,54,Male,Married,55908.96,Full-time,Midwest,Yes,4.0,1
16655,32,Male,Widowed,74353.85,Part-time,West,Yes,9.6,1
13740,34,Female,Married,61856.65,Full-time,South,Yes,0.6,1
10818,56,Male,Single,59745.56,Contract,Midwest,Yes,12.9,0
11833,44,Female,Single,73573.35,Full-time,Midwest,No,4.2,1
17404,22,Female,Married,93689.28,Part-time,South,No,1.4,0
16087,39,Male,Divorced,63202.52,Full-time,Northeast,Yes,2.2,1
16380,28,Male,Single,62976.95,Part-time,Northeast,No,14.5,0
14974,44,Female,Widowed,56978.22,Full-time,West,No,0.5,0
19566,53,Female,Single,42318.77,Full-time,Northeast,No,1.5,0
11769,54,Female,Married,50178.33,Part-time,Midwest,No,9.8,0
11657,30,Female,Married,52188.55,Contract,South,Yes,1.6,0
18463,50,Male,Married,64880.18,Full-time,West,Yes,9.3,1
17873,33,Female,Single,77030.45,Full-time,Midwest,Yes,3.7,1
16443,64,Female,Married,63474.24,Full-time,Midwest,No,1.1,1
13327,40,Female,Divorced,59908.57,Full-time,Northeast,No,10.9,0
10833,46,Male,Married,53934.18,Full-time,Midwest,Yes,10.7,1
12449,23,Female,Married,83342.68,Full-time,South,Yes,6.0,1
11927,62,Male,Married,76426.98,Full-time,South,No,2.6,1
12712,45,Female,Single,45591.22,Full-time,Northeast,Yes,0.2,1
18262,64,Male,Married,24912.75,Full-time,West,No,0.1,0
19268,42,Female,Married,33671.69,Full-time,South,Yes,1.0,1
17504,50,Female,Married,88710.4,Part-time,Midwest,Yes,17.9,1
16887,25,Female,Married,57107.49,Full-time,West,No,8.2,0
17360,62,Female,Married,51110.84,Part-time,Midwest,No,3.8,0
12691,27,Male,Single,74296.18,Full-time,South,Yes,0.0,1
16520,25,Female,Single,69578.18,Part-time,Midwest,Yes,2.4,0
11613,38,Other,Divorced,63877.65,Full-time,Northeast,No,0.6,1
13944,41,Female,Single,59372.22,Part-time,West,Yes,1.8,0
15819,28,Male,Married,48410.34,Full-time,Northeast,Yes,7.7,0
17513,46,Female,Single,106505.49,Full-time,Midwest,Yes,0.2,1
15218,46,Female,Married,46635.5,Contract,Northeast,Yes,1.2,0
12850,55,Male,Single,76929.15,Part-time,Midwest,No,1.3,0
10867,61,Female,Married,58496.79,Part-time,South,No,0.1,0
19710,43,Male,Single,78382.69,Full-time,South,No,0.9,1
10637,49,Male,Single,57759.94,Full-time,Midwest,No,0.1,0
12271,25,Female,Married,39522.35,Contract,Northeast,Yes,4.8,0
16203,53,Female,Married,83191.69,Full-time,Midwest,Yes,1.4,1
19922,39,Male,Single,66655.54,Full-time,West,Yes,1.8,1
16318,47,Female,Married,57729.01,Full-time,West,Yes,6.0,1
15075,43,Female,Single,72449.35,Full-time,Midwest,Yes,5.3,1
11228,39,Male,Single,64183.34,Full-time,Northeast,Yes,1.2,1
14368,39,Female,Married,66614.66,Contract,West,Yes,0.8,1
11106,43,Male,Single,58691.13,Contract,Northeast,Yes,0.4,0
16094,37,Female,Married,50496.25,Part-time,West,Yes,1.7,0
15769,37,Female,Widowed,61615.72,Part-time,Northeast,Yes,3.4,1
18009,33,Female,Married,47601.87,Full-time,West,Yes,5.9,1
14716,45,Female,Single,65837.95,Contract,South,Yes,0.8,1
13859,50,Female,Married,52297.44,Full-time,South,No,0.8,0
14596,28,Male,Single,56115.28,Full-time,Midwest,Yes,1.6,0
15131,36,Male,Widowed,55985.44,Part-time,Midwest,Yes,3.2,0
10731,55,Male,Single,66834.64,Part-time,South,Yes,4.0,1
13453,39,Male,Single,87617.47,Full-time,West,Yes,5.7,1
13985,64,Female,Married,37526.4,Contract,West,Yes,5.2,0
18636,60,Male,Married,61300.46,Full-time,Midwest,Yes,8.1,1
13975,26,Female,Single,67265.3,Full-time,West,No,1.0,0
12734,27,Male,Married,60790.76,Part-time,West,Yes,4.6,0
13470,62,Male,Married,69606.57,Full-time,West,Yes,16.7,1
12675,52,Male,Divorced,88264.12,Full-time,South,No,0.0,1
19229,39,Female,Single,88653.53,Full-time,Midwest,Yes,2.3,1
11384,34,Female,Single,60921.88,Contract,West,Yes,0.6,1
16916,30,Male,Married,80951.63,Full-time,South,Yes,14.8,1
10415,33,Male,Married,56412.73,Full-time,Northeast,No,10.2,0
10327,46,Male,Divorced,93068.73,Part-time,West,Yes,0.8,1
18081,48,Female,Married,42915.1,Part-time,Midwest,Yes,2.4,0
10146,28,Female,Single,56557.56,Full-time,Midwest,No,3.1,0
11635,48,Female,Married,68086.72,Full-time,West,No,2.1,1
19109,38,Female,Single,52142.07,Full-time,Northeast,No,8.1,0
18110,27,Male,Married,42956.82,Full-time,West,Yes,1.1,0
18083,47,Female,Single,64786.65,Full-time,West,Yes,0.9,1
19750,54,Other,Single,65162.65,Full-time,Midwest,Yes,3.1,1
16767,56,Female,Married,64507.52,Full-time,West,Yes,3.9,1
11710,60,Female,Divorced,67067.63,Full-time,South,No,0.7,1
16836,63,Male,Married,47789.03,Full-time,Northeast,Yes,2.1,1
12082,26,Male,Married,48430.93,Full-time,Midwest,Yes,0.2,0
19700,51,Male,Married,53307.02,Full-time,Midwest,Yes,3.4,1
13655,62,Female,Married,44943.11,Contract,Northeast,Yes,1.5,0
18474,34,Female,Single,86147.07,Full-time,South,Yes,1.9,1
10399,44,Female,Single,65595.46,Full-time,Northeast,No,2.5,1
14333,24,Male,Single,80997.49,Full-time,West,Yes,7.8,1
14664,51,Male,Married,90760.92,Contract,Midwest,Yes,10.0,1
19783,63,Other,Single,94994.95,Part-time,Northeast,No,4.4,0
18223,27,Female,Married,74114.37,Full-time,West,Yes,2.0,1
17753,32,Male,Married,68537.52,Part-time,West,Yes,3.5,1
18756,57,Male,Married,67439.75,Part-time,South,Yes,7.2,1
19337,45,Female,Single,69253.0,Full-time,Midwest,No,0.1,1
18896,44,Female,Single,32260.75,Full-time,Midwest,Yes,0.2,1
16408,47,Female,Single,57169.39,Contract,West,Yes,5.7,0
14991,46,Male,Single,44207.05,Full-time,West,Yes,5.5,1
12195,55,Female,Divorced,49120.37,Full-time,South,No,2.2,0
16412,48,Female,Single,63688.67,Full-time,Northeast,Yes,1.1,1
14908,27,Female,Single,58419.8,Contract,West,Yes,1.4,0
15760,55,Female,Married,42017.78,Full-time,South,No,2.0,0
12140,59,Other,Married,27956.69,Full-time,Midwest,No,4.5,0
19786,37,Female,Married,40665.11,Full-time,Midwest,Yes,0.9,1
19977,50,Male,Single,77729.29,Full-time,West,No,6.3,1
13644,47,Female,Single,68331.07,Full-time,South,Yes,0.2,1
19417,58,Female,Divorced,61324.06,Part-time,South,Yes,3.0,1
13710,32,Female,Single,64982.76,Part-time,West,No,3.2,0
18860,36,Female,Married,71486.97,Contract,Midwest,No,7.2,0
13709,34,Female,Single,39793.81,Full-time,South,No,5.3,0
13234,25,Female,Married,76136.55,Part-time,South,No,1.6,0
11032,44,Male,Married,65664.88,Full-time,South,No,7.1,1
11981,30,Male,Single,46564.42,Full-time,Midwest,No,3.2,0
11729,49,Male,Single,61140.75,Full-time,Northeast,No,0.6,1
13595,37,Female,Married,58169.84,Part-time,South,Yes,2.7,0
16266,59,Male,Married,54132.17,Full-time,West,No,6.7,0
11881,45,Female,Married,72408.24,Full-time,South,No,0.9,1
10878,36,Female,Married,48135.39,Full-time,West,Yes,3.2,1
16389,40,Female,Single,66105.2,Full-time,South,Yes,0.4,1
16241,55,Male,Widowed,77699.43,Full-time,West,Yes,3.9,1
19981,43,Female,Married,38407.48,Part-time,Northeast,No,8.6,0
15151,64,Male,Married,67674.28,Full-time,West,Yes,1.9,1
17175,41,Female,Single,58092.42,Full-time,South,Yes,8.9,1
18717,25,Male,Married,78862.25,Full-time,Northeast,No,1.5,0
11863,41,Other,Married,75784.24,Full-time,South,Yes,5.6,1
13869,52,Female,Married,74555.47,Full-time,South,No,0.8,1
19024,28,Male,Married,72507.33,Full-time,Northeast,Yes,2.1,1
12750,45,Male,Married,37988.85,Part-time,Midwest,Yes,0.2,0
19538,43,Female,Married,67101.34,Full-time,Midwest,No,11.5,1
15284,34,Male,Single,67072.66,Full-time,Northeast,Yes,17.5,1
14274,34,Male,Single,69944.27,Full-time,West,Yes,8.8,1
14803,46,Female,Widowed,74529.75,Full-time,Northeast,Yes,13.0,1
10822,49,Female,Single,63611.98,Full-time,West,Yes,0.7,1
10502,60,Female,Married,59783.04,Full-time,Northeast,Yes,0.2,1
14145,49,Male,Married,53176.55,Full-time,South,Yes,3.5,1
13714,62,Male,Single,60862.58,Full-time,Northeast,Yes,3.1,1
18503,52,Female,Divorced,36455.63,Part-time,South,Yes,0.1,0
15555,26,Male,Single,55690.87,Full-time,West,Yes,10.9,0
14255,27,Male,Single,49813.3,Full-time,Northeast,Yes,7.4,0
15548,41,Female,Single,63328.08,Part-time,West,No,6.9,0
14412,53,Male,Married,81052.86,Full-time,Northeast,No,0.5,1
10886,47,Female,Single,95691.71,Part-time,Midwest,Yes,2.3,1
17314,53,Male,Single,79856.81,Full-time,Northeast,Yes,0.7,1
13065,63,Male,Married,83769.16,Full-time,Northeast,Yes,2.8,1
11235,38,Female,Married,61088.21,Part-time,South,No,4.2,0
18953,28,Female,Widowed,42867.62,Full-time,West,Yes,9.0,0
10354,28,Female,Single,71792.71,Full-time,Northeast,Yes,0.9,1
14126,63,Male,Widowed,80118.03,Part-time,West,Yes,1.1,1
11776,41,Male,Married,69471.46,Full-time,South,Yes,1.6,1
10854,43,Female,Single,61703.72,Part-time,South,Yes,9.0,1
13694,39,Female,Divorced,73761.92,Full-time,West,Yes,3.5,1
10579,52,Female,Married,91967.56,Full-time,West,Yes,6.3,1
18084,51,Female,Married,96506.91,Contract,West,No,6.8,0
18987,43,Female,Single,58470.19,Full-time,Northeast,Yes,0.5,1
12394,22,Female,Married,61824.6,Full-time,Northeast,No,1.3,0
13382,51,Female,Married,46096.13,Full-time,West,Yes,1.4,1
12835,51,Male,Married,70678.33,Full-time,South,No,8.6,1
18873,39,Male,Divorced,63509.86,Part-time,Northeast,Yes,1.8,1
12388,38,Female,Single,51302.82,Full-time,Midwest,Yes,8.4,1
15502,35,Male,Married,54961.57,Full-time,South,Yes,13.0,1
18673,28,Female,Single,87025.41,Part-time,Midwest,Yes,0.7,0
18992,41,Female,Single,58316.75,Full-time,South,Yes,1.4,1
16107,40,Male,Widowed,53089.93,Full-time,South,No,3.5,0
10297,48,Female,Married,71991.82,Full-time,Northeast,Yes,0.4,1
15110,53,Male,Married,42070.27,Full-time,Northeast,No,0.8,0
10056,23,Male,Married,65363.63,Part-time,West,Yes,9.2,0
16890,62,Male,Married,70680.53,Full-time,Northeast,No,1.3,1
16369,61,Male,Married,74635.45,Full-time,South,Yes,5.9,1
14921,53,Male,Married,46470.65,Full-time,Midwest,No,7.5,0
14216,35,Male,Divorced,61900.54,Part-time,Northeast,Yes,15.3,1
13665,34,Other,Single,86247.62,Full-time,West,No,5.5,1
18920,23,Male,Married,65134.16,Part-time,South,No,1.9,0
18773,50,Female,Married,58139.12,Full-time,Northeast,Yes,2.0,1
17549,31,Female,Married,63599.01,Full-time,West,Yes,0.4,1
14773,25,Male,Married,77367.48,Full-time,Midwest,Yes,3.7,1
16959,64,Female,Married,70721.4,Full-time,South,Yes,3.0,1
16559,46,Male,Married,54789.56,Full-time,West,No,1.4,0
16775,23,Other,Married,76284.67,Full-time,South,Yes,3.0,1
14136,46,Female,Married,73884.87,Part-time,Midwest,Yes,3.3,1
15511,44,Female,Married,20674.61,Full-time,West,Yes,1.2,1
15204,31,Female,Married,74617.42,Full-time,South,Yes,0.2,1
17048,49,Female,Married,54162.8,Full-time,West,Yes,2.4,1
16739,49,Female,Single,71274.65,Part-time,Midwest,Yes,1.7,1
18881,64,Other,Single,59089.63,Part-time,Midwest,Yes,2.5,0
13403,23,Female,Single,77702.81,Contract,West,Yes,0.4,0
16098,36,Female,Widowed,82345.39,Contract,Northeast,Yes,9.4,1
10802,43,Female,Single,62291.0,Part-time,Midwest,Yes,5.9,1
19872,24,Male,Single,40018.57,Full-time,Midwest,No,9.5,0
18958,22,Female,Single,68275.89,Full-time,West,No,5.7,0
13325,53,Male,Married,77413.42,Full-time,Midwest,Yes,1.2,1
12270,36,Male,Divorced,54690.16,Full-time,Northeast,No,4.7,0
16509,38,Male,Married,61479.01,Full-time,Midwest,No,0.5,1
12497,34,Other,Married,62989.21,Part-time,Northeast,Yes,3.2,1
19721,27,Male,Single,75301.56,Full-time,West,No,3.0,0
18789,54,Female,Married,40409.96,Full-time,West,No,12.3,0
19746,46,Male,Single,43104.01,Full-time,Northeast,No,0.8,0
12124,57,Male,Married,56773.05,Full-time,Midwest,No,5.9,0
10505,44,Female,Married,57667.92,Full-time,Midwest,Yes,3.8,1
16586,23,Female,Married,67236.31,Part-time,Midwest,Yes,4.4,0
13914,43,Other,Married,84458.49,Full-time,West,Yes,12.9,1
11589,32,Male,Married,34691.08,Full-time,South,Yes,1.4,1
18709,40,Male,Single,76186.21,Full-time,West,No,0.7,1
14567,49,Male,Married,45491.79,Part-time,Midwest,No,0.7,0
17686,59,Male,Married,64920.88,Part-time,South,Yes,0.7,1
16644,58,Other,Divorced,82597.28,Full-time,Midwest,No,0.2,1
15004,43,Male,Married,60134.59,Full-time,South,Yes,5.8,1
15222,31,Male,Single,35700.13,Full-time,Midwest,Yes,2.2,1
11206,51,Male,Single,78025.96,Full-time,Midwest,Yes,8.7,1
14186,49,Female,Single,89933.25,Part-time,Northeast,Yes,1.0,1
11216,60,Male,Married,81014.72,Full-time,Midwest,Yes,8.3,1
13099,51,Male,Married,78435.84,Full-time,Midwest,No,13.0,1
17090,48,Male,Divorced,60355.06,Full-time,Midwest,No,1.6,1
12456,55,Female,Single,42715.17,Part-time,South,Yes,4.8,0
10702,49,Male,Single,93206.94,Full-time,West,Yes,1.6,1
16837,28,Male,Married,43354.88,Full-time,South,No,5.1,0
19539,64,Male,Married,72318.54,Full-time,Northeast,Yes,9.3,1
12413,32,Female,Married,56291.15,Full-time,Midwest,Yes,5.3,1
15719,27,Female,Single,65155.45,Part-time,Northeast,No,2.0,0
10057,27,Male,Single,49511.76,Part-time,West,Yes,11.4,0
17431,31,Female,Married,56233.27,Full-time,West,No,1.7,0
15886,45,Male,Married,60316.74,Full-time,Midwest,Yes,10.6,1
16024,61,Male,Married,39314.8,Full-time,West,No,8.4,0
16698,29,Female,Single,56268.97,Full-time,West,Yes,4.5,0
10614,62,Male,Single,59881.16,Full-time,West,Yes,0.9,1
18552,53,Female,Single,47020.59,Part-time,West,No,1.1,0
12308,37,Female,Single,45317.63,Full-time,South,Yes,14.2,1
18539,59,Other,Married,73693.46,Full-time,Northeast,No,2.8,1
16829,34,Male,Single,63243.82,Part-time,Midwest,Yes,1.6,1
19869,38,Male,Divorced,81387.42,Full-time,South,Yes,2.3,1
16550,47,Female,Married,71535.33,Contract,South,No,1.5,0
10185,38,Female,Divorced,44509.88,Full-time,South,Yes,3.1,1
11053,30,Female,Single,74851.43,Part-time,Northeast,Yes,2.6,0
17071,59,Male,Married,89368.77,Part-time,West,No,14.5,0
11837,24,Male,Married,45987.55,Contract,South,Yes,6.4,0
10162,48,Male,Single,68504.38,Full-time,South,No,0.8,1
18990,23,Male,Single,78297.13,Full-time,Northeast,Yes,9.2,1
16571,28,Male,Single,59725.63,Full-time,Midwest,Yes,4.3,0
14941,30,Male,Single,66967.43,Full-time,Northeast,Yes,2.1,1
16008,42,Female,Married,69878.98,Full-time,Northeast,Yes,0.4,1
13157,44,Female,Married,55215.58,Full-time,Northeast,Yes,0.6,1
14593,43,Other,Divorced,54248.83,Full-time,Midwest,No,2.7,0
17236,45,Male,Married,63891.2,Full-time,Midwest,Yes,0.8,1
14718,44,Female,Single,85760.85,Full-time,Midwest,No,0.6,1
10115,22,Male,Married,78724.07,Full-time,West,Yes,0.2,1
19123,33,Female,Married,52241.86,Full-time,Northeast,Yes,4.4,1
13062,47,Male,Single,52431.55,Contract,Midwest,Yes,1.2,0
10938,61,Male,Divorced,53304.39,Full-time,Midwest,Yes,2.0,1
11693,31,Male,Single,69467.99,Full-time,Midwest,Yes,0.8,1
15744,36,Female,Single,72289.28,Full-time,Northeast,Yes,7.0,1
16038,23,Female,Married,75500.09,Part-time,Midwest,No,1.1,0
11653,28,Female,Married,87379.32,Full-time,Northeast,No,2.6,0
11719,30,Female,Single,57216.65,Full-time,Northeast,No,2.3,0
18976,28,Female,Married,77294.92,Part-time,West,Yes,4.9,0
16079,46,Male,Single,61170.71,Full-time,Northeast,No,3.1,1
12515,44,Female,Divorced,89522.92,Part-time,Midwest,No,0.3,0
11851,33,Female,Divorced,61554.71,Part-time,Midwest,No,6.9,0
13704,29,Female,Married,96206.91,Contract,Northeast,No,17.1,0
18182,39,Male,Widowed,75240.63,Full-time,West,No,0.1,1
15526,48,Other,Married,53364.97,Full-time,Midwest,No,0.9,0
18657,33,Female,Single,87785.1,Full-time,Midwest,Yes,7.3,1
14489,49,Male,Married,62880.69,Full-time,West,No,0.5,1
11344,29,Female,Single,55134.44,Full-time,West,No,6.4,0
10590,41,Other,Married,64741.31,Part-time,Northeast,Yes,1.8,1
15258,64,Female,Married,50205.56,Full-time,Northeast,Yes,3.6,1
14394,52,Female,Married,45044.07,Full-time,West,Yes,1.8,1
14495,42,Female,Married,80059.83,Part-time,West,Yes,3.8,1
13354,47,Female,Married,52575.76,Full-time,South,No,9.4,0
13061,54,Male,Married,39463.95,Full-time,Midwest,Yes,1.3,1
11398,26,Female,Married,80983.69,Full-time,South,Yes,4.4,1
18056,34,Male,Single,61983.4,Part-time,West,Yes,0.4,1
15119,37,Male,Single,41294.73,Full-time,South,Yes,1.3,1
17304,63,Male,Married,85179.37,Full-time,Midwest,Yes,0.8,1
10563,48,Female,Married,64564.25,Full-time,Northeast,Yes,0.1,1
18979,37,Female,Single,102842.72,Full-time,Northeast,No,6.7,1
10695,22,Male,Single,67848.66,Full-time,Northeast,No,0.1,0
17363,49,Female,Married,69797.96,Full-time,South,No,2.3,1
19916,25,Female,Married,68994.79,Full-time,Northeast,Yes,2.9,1
11680,32,Male,Widowed,55814.53,Contract,South,Yes,2.8,0
13375,23,Male,Single,61329.79,Full-time,West,Yes,5.7,1
19686,49,Female,Single,60648.86,Part-time,Midwest,Yes,3.9,1
11527,52,Female,Single,51738.03,Full-time,West,No,1.6,0
12609,49,Female,Married,71283.4,Full-time,Northeast,No,0.9,1
12169,33,Male,Married,80591.37,Full-time,West,Yes,6.7,1
13431,53,Male,Divorced,71448.86,Full-time,South,No,5.1,1
19185,57,Male,Single,34295.73,Part-time,South,No,3.9,0
14854,30,Female,Single,36359.86,Full-time,Midwest,Yes,0.8,0
12613,27,Male,Single,74408.09,Full-time,Midwest,Yes,5.4,1
11796,39,Male,Married,41209.71,Full-time,South,Yes,0.3,1
17452,48,Female,Single,57606.2,Full-time,Midwest,No,0.6,0
15168,31,Female,Single,67317.9,Full-time,Northeast,Yes,4.9,1
12508,34,Male,Married,79173.9,Full-time,Northeast,Yes,6.6,1
19927,61,Female,Married,87651.44,Full-time,West,Yes,1.3,1
10512,56,Female,Married,47758.77,Full-time,Northeast,No,4.7,0
18928,58,Male,Married,44746.75,Full-time,Midwest,Yes,3.6,1
19725,43,Female,Married,59901.74,Full-time,Midwest,Yes,8.7,1
14340,24,Male,Married,76188.18,Full-time,Midwest,Yes,2.7,1
16901,31,Female,Married,41883.91,Full-time,South,Yes,1.4,1
19033,27,Male,Single,59531.46,Full-time,Midwest,Yes,1.4,0
17028,52,Male,Married,52507.2,Full-time,Northeast,Yes,5.3,1
17768,41,Male,Single,46731.91,Part-time,Midwest,Yes,7.4,0
12829,30,Other,Single,62341.79,Full-time,Northeast,No,20.2,0
17053,46,Male,Single,50316.36,Full-time,South,Yes,1.0,1
13422,34,Male,Married,69387.49,Part-time,Midwest,Yes,4.6,1
14560,46,Female,Divorced,84511.82,Part-time,South,No,5.6,0
17674,63,Female,Single,80602.56,Full-time,South,No,1.5,1
10027,46,Female,Single,58389.96,Full-time,Northeast,Yes,1.2,1
19598,64,Female,Married,82033.46,Part-time,West,No,2.6,0
14071,47,Male,Married,74872.67,Full-time,Midwest,Yes,0.0,1
12809,37,Female,Single,73913.06,Contract,Northeast,Yes,7.1,1
19824,32,Female,Divorced,52551.03,Full-time,Midwest,Yes,0.7,1
12996,25,Female,Single,52268.54,Part-time,Northeast,Yes,0.6,0
16067,42,Female,Married,55224.3,Contract,West,Yes,0.9,0
13462,39,Female,Single,97391.22,Full-time,West,No,5.0,1
10265,41,Male,Single,57079.04,Full-time,Northeast,Yes,0.1,1
15660,38,Female,Widowed,68251.05,Full-time,South,No,2.6,1
13227,58,Male,Single,90300.36,Full-time,South,Yes,1.1,1
19630,24,Male,Married,81022.74,Full-time,West,Yes,2.6,1
18828,46,Male,Single,71451.28,Full-time,West,No,0.7,1
11858,33,Male,Married,52007.62,Full-time,Northeast,No,10.9,0
15831,46,Female,Married,51973.8,Full-time,Midwest,Yes,8.0,1
16392,38,Female,Single,84764.56,Part-time,South,No,0.3,0
17396,60,Male,Married,59023.05,Part-time,Midwest,No,0.7,0
16756,52,Male,Single,69098.81,Full-time,South,Yes,3.0,1
16934,22,Female,Married,63067.76,Full-time,Midwest,Yes,2.6,1
10151,27,Female,Married,59466.01,Full-time,Midwest,Yes,1.4,0
17801,63,Female,Widowed,60296.95,Part-time,South,Yes,0.5,1
13244,58,Male,Married,74464.56,Full-time,West,Yes,5.3,1
10235,46,Female,Single,65232.24,Full-time,Northeast,Yes,2.0,1
16196,24,Male,Married,83282.98,Full-time,West,Yes,2.0,1
15156,25,Female,Divorced,53268.14,Full-time,Northeast,Yes,1.8,0
18626,61,Female,Single,55147.56,Full-time,South,No,2.6,0
14035,50,Male,Single,79529.25,Full-time,Midwest,No,0.7,1
15545,38,Other,Married,74620.75,Full-time,South,Yes,4.3,1
19399,30,Female,Married,69389.61,Part-time,Midwest,Yes,1.5,0
18728,39,Male,Married,64604.24,Full-time,Midwest,Yes,2.4,1
19921,42,Other,Single,39306.92,Full-time,West,Yes,5.3,1
17402,32,Male,Widowed,65105.19,Full-time,West,Yes,1.1,1
15111,57,Male,Married,61713.7,Full-time,Midwest,Yes,2.8,1
10451,23,Male,Married,63673.09,Full-time,Midwest,Yes,0.0,1
12530,61,Male,Married,55285.69,Full-time,South,Yes,1.3,1
16103,59,Female,Married,46810.1,Full-time,West,No,1.3,0
12989,26,Female,Single,54539.83,Full-time,West,Yes,6.7,0
10793,51,Male,Married,69370.17,Full-time,South,No,0.5,1
12342,26,Female,Married,93702.07,Full-time,West,No,0.3,0
10096,26,Male,Divorced,65961.4,Full-time,Northeast,No,0.9,0
16920,55,Female,Single,68570.29,Full-time,West,Yes,5.6,1
15388,24,Female,Single,47640.08,Full-time,Northeast,No,0.6,0
18387,55,Other,Single,41650.8,Part-time,West,Yes,0.7,0
14179,63,Male,Single,79202.91,Full-time,South,No,9.2,1
15932,64,Female,Married,78752.13,Full-time,West,No,7.8,1
10848,27,Male,Married,64830.62,Full-time,West,Yes,9.8,1
16160,48,Female,Widowed,67833.63,Full-time,Midwest,Yes,2.4,1
11700,62,Male,Single,60244.98,Part-time,West,Yes,11.2,1
10982,29,Female,Single,38253.57,Full-time,South,No,0.9,0
15868,60,Male,Divorced,96546.32,Full-time,West,Yes,9.0,1
11942,25,Female,Single,52204.81,Part-time,Midwest,Yes,0.1,0
19626,46,Female,Single,62286.38,Full-time,West,No,2.6,1
18206,34,Female,Married,54903.2,Full-time,Midwest,No,0.6,0
18561,55,Female,Married,44477.48,Full-time,South,Yes,3.3,1
19951,57,Male,Single,68751.57,Full-time,West,Yes,1.7,1
17416,23,Female,Married,77751.41,Contract,Northeast,No,7.5,0
13976,48,Male,Divorced,89089.01,Full-time,Midwest,Yes,7.5,1
19145,40,Female,Married,91450.05,Full-time,West,No,2.0,1
19878,40,Female,Married,68399.26,Full-time,West,No,0.8,1
10779,42,Female,Married,29773.92,Full-time,Midwest,No,7.8,0
13955,53,Male,Married,67960.39,Full-time,South,No,0.5,1
19817,31,Female,Married,59198.55,Full-time,Northeast,No,9.3,0
17578,44,Male,Married,45292.08,Full-time,Midwest,Yes,5.8,1
16653,29,Male,Single,84059.64,Full-time,Midwest,Yes,2.1,1
15906,37,Male,Married,57082.92,Full-time,South,Yes,0.5,1
14830,60,Female,Single,52400.14,Full-time,South,Yes,5.4,1
14988,59,Other,Married,65270.13,Full-time,West,Yes,2.4,1
15220,56,Female,Married,65918.76,Full-time,Northeast,Yes,1.9,1
13743,51,Female,Widowed,61517.87,Part-time,West,Yes,0.1,1
10986,54,Other,Single,46776.33,Full-time,West,No,1.6,0
13400,63,Female,Single,70802.63,Part-time,South,Yes,2.0,1
15556,48,Male,Single,48029.66,Full-time,West,No,5.6,0
12890,56,Male,Single,64414.56,Full-time,Midwest,No,7.6,1
13186,58,Male,Married,78394.34,Part-time,Midwest,Yes,0.8,1
17599,56,Male,Single,69759.41,Full-time,Midwest,Yes,0.8,1
18878,61,Male,Single,41429.86,Full-time,Midwest,No,1.8,0
13562,57,Female,Married,79626.72,Contract,West,No,3.0,0
15608,28,Female,Divorced,54507.03,Full-time,South,Yes,0.2,0
16690,31,Female,Married,91567.33,Full-time,South,No,1.2,1
14074,48,Female,Married,85071.03,Contract,Northeast,Yes,2.5,1
15882,56,Male,Single,62827.4,Contract,Midwest,No,1.7,0
12763,61,Male,Divorced,65070.74,Full-time,South,No,5.2,1
13808,41,Other,Married,77161.39,Full-time,Midwest,No,5.4,1
18170,25,Male,Married,60143.25,Full-time,Northeast,No,1.8,0
10544,35,Male,Single,58884.42,Contract,Northeast,No,1.8,0
13962,35,Female,Married,79731.77,Full-time,West,Yes,3.2,1
15177,25,Male,Married,59958.95,Full-time,Northeast,No,0.1,0
19784,36,Female,Married,56445.06,Full-time,Midwest,Yes,2.2,1
14622,23,Male,Married,65710.62,Full-time,Northeast,Yes,2.8,1
12043,28,Female,Single,89036.38,Full-time,South,Yes,6.5,1
19933,36,Female,Single,67199.56,Contract,Midwest,No,0.9,0
16921,62,Female,Single,89958.32,Full-time,Northeast,No,0.1,1
16481,31,Female,Married,65264.45,Full-time,Midwest,Yes,2.5,1
17212,55,Male,Married,39876.98,Contract,South,No,1.4,0
14778,53,Female,Married,74861.05,Part-time,Midwest,No,1.2,0
13131,60,Male,Married,70960.83,Full-time,South,No,1.4,1
12433,30,Male,Married,47612.27,Contract,South,Yes,0.2,0
19382,62,Female,Married,67729.97,Full-time,South,No,7.9,1
16656,59,Male,Single,61170.48,Full-time,Midwest,No,11.8,1
19742,22,Male,Married,70043.67,Contract,Northeast,No,0.8,0
10632,29,Male,Single,53971.78,Full-time,Midwest,No,6.8,0
10509,34,Male,Single,43691.16,Full-time,Midwest,No,2.0,0
19728,58,Male,Married,63907.18,Full-time,West,Yes,7.5,1
17322,38,Male,Divorced,58418.03,Full-time,Midwest,Yes,1.1,1
16294,58,Female,Divorced,64704.36,Full-time,South,Yes,0.4,1
18303,59,Female,Married,51460.22,Part-time,Northeast,Yes,2.5,0
15588,36,Male,Single,75660.45,Full-time,Northeast,No,11.1,1
19446,47,Female,Married,83361.71,Full-time,South,No,6.3,1
10952,35,Male,Married,54359.76,Full-time,Northeast,No,0.8,0
16178,24,Male,Married,84499.5,Full-time,Midwest,Yes,7.7,1
11439,44,Male,Married,68903.85,Full-time,Midwest,Yes,16.7,1
19593,27,Female,Married,67209.47,Contract,Midwest,Yes,6.1,0
19823,52,Female,Married,84589.34,Full-time,West,Yes,1.0,1
12880,39,Male,Divorced,81591.99,Contract,Midwest,Yes,10.1,1
18763,60,Female,Divorced,73849.65,Full-time,West,No,16.3,1
11223,55,Female,Single,90212.3,Full-time,South,Yes,0.5,1
18824,27,Female,Married,56362.79,Full-time,South,Yes,0.3,0
11015,33,Male,Married,92295.09,Full-time,Midwest,Yes,7.8,1
12849,41,Male,Divorced,62179.44,Full-time,South,Yes,5.0,1
16545,38,Male,Single,37676.11,Full-time,South,Yes,2.5,1
18327,30,Male,Married,65208.24,Part-time,West,Yes,0.5,0
17931,57,Male,Single,51594.24,Full-time,West,Yes,1.4,1
16950,25,Male,Married,43927.35,Full-time,South,No,0.3,0
13588,46,Female,Single,49209.39,Full-time,South,No,5.9,0
18681,36,Male,Single,84408.34,Full-time,West,Yes,3.1,1
15010,46,Female,Married,78318.99,Full-time,West,No,2.6,1
10338,63,Male,Single,71585.88,Part-time,Northeast,No,3.4,0
13963,54,Female,Married,57203.34,Contract,West,Yes,3.2,0
13989,52,Male,Married,53224.24,Contract,South,Yes,0.2,0
11336,47,Male,Married,59550.19,Full-time,West,No,4.5,0
14125,30,Female,Married,36413.94,Full-time,West,Yes,7.7,0
14134,56,Male,Single,64192.15,Full-time,Northeast,Yes,0.2,1
15431,41,Female,Married,76409.07,Full-time,South,Yes,3.5,1
14385,63,Female,Single,44444.94,Full-time,South,No,0.5,0
15280,24,Female,Widowed,51070.34,Full-time,Northeast,No,10.7,0
14763,61,Female,Divorced,71015.36,Contract,South,No,1.3,0
14755,28,Male,Single,76442.91,Full-time,Northeast,Yes,10.2,1
13653,49,Male,Married,79089.58,Part-time,Northeast,No,0.3,0
19445,22,Female,Married,40269.43,Full-time,Northeast,No,7.6,0
19193,49,Female,Married,66942.05,Full-time,West,Yes,9.4,1
13353,29,Female,Single,41542.97,Contract,West,Yes,1.2,0
15234,39,Male,Single,73250.7,Full-time,Northeast,Yes,3.3,1
13060,41,Female,Married,83190.14,Full-time,West,No,8.6,1
16957,52,Female,Married,70198.6,Full-time,Midwest,Yes,5.2,1
11094,54,Male,Married,80968.04,Full-time,South,Yes,1.9,1
19199,42,Female,Married,61939.64,Full-time,West,No,1.1,1
11420,45,Male,Single,52615.79,Full-time,South,Yes,1.1,1
14471,48,Female,Single,62263.77,Full-time,South,Yes,4.5,1
11746,44,Male,Single,90916.64,Full-time,Midwest,Yes,0.3,1
15130,45,Female,Married,54315.6,Contract,Northeast,No,2.3,0
11736,27,Female,Single,67719.17,Full-time,South,No,2.4,0
14814,34,Male,Divorced,91600.2,Contract,West,No,13.0,0
17766,55,Other,Married,62366.15,Full-time,Northeast,No,1.7,1
12743,23,Male,Married,94887.43,Full-time,West,Yes,7.6,1
11248,61,Male,Widowed,45504.06,Full-time,South,Yes,0.7,1
14165,39,Male,Single,80210.72,Full-time,Northeast,Yes,1.8,1
13395,37,Male,Married,75952.82,Full-time,Northeast,No,0.9,1
19573,49,Female,Single,74434.68,Full-time,Midwest,No,11.5,1
14094,54,Male,Married,54029.81,Full-time,South,Yes,16.6,1
12865,55,Female,Widowed,44945.28,Full-time,West,No,2.3,0
10426,33,Female,Single,46034.49,Full-time,West,Yes,4.2,1
12766,43,Female,Single,92547.41,Full-time,South,No,0.0,1
14757,39,Other,Single,62967.67,Contract,West,No,3.4,0
11108,61,Female,Single,65714.11,Part-time,Midwest,Yes,1.5,1
15541,41,Female,Single,44648.16,Contract,South,Yes,2.5,0
15129,29,Male,Married,87485.26,Contract,South,Yes,2.6,0
18380,54,Male,Single,78610.87,Part-time,Northeast,Yes,1.6,1
14388,40,Female,Married,52275.31,Full-time,West,Yes,4.0,1
10999,23,Male,Married,45472.88,Full-time,South,Yes,4.0,0
13248,43,Female,Widowed,73828.39,Full-time,Midwest,No,3.7,1
11871,22,Other,Married,63399.66,Full-time,Midwest,Yes,0.4,1
12405,45,Female,Single,77528.55,Full-time,Midwest,Yes,2.2,1
16682,43,Female,Married,38166.76,Full-time,Northeast,Yes,3.1,1
13189,58,Male,Single,64710.82,Full-time,South,Yes,10.8,1
17110,45,Female,Single,85256.81,Contract,West,Yes,2.3,1
11433,47,Female,Married,65057.99,Part-time,South,Yes,4.4,1
12703,35,Male,Single,73321.49,Full-time,West,Yes,0.4,1
11921,22,Male,Married,64372.97,Full-time,Midwest,Yes,1.5,1
15350,23,Female,Single,44793.62,Full-time,Midwest,No,6.1,0
11386,53,Female,Single,54307.68,Full-time,Midwest,Yes,5.6,1
14569,26,Male,Married,68870.05,Contract,South,Yes,6.2,0
10532,37,Female,Single,33259.38,Full-time,Northeast,Yes,3.8,1
10718,42,Male,Single,72924.85,Full-time,Midwest,Yes,16.4,1
16435,62,Male,Married,67549.13,Full-time,Midwest,Yes,7.1,1
16105,28,Female,Married,66985.86,Full-time,Midwest,Yes,9.5,1
14513,59,Male,Single,112101.07,Full-time,Northeast,Yes,6.4,1
11528,39,Female,Single,79691.46,Full-time,West,Yes,7.3,1
16582,24,Female,Married,63759.82,Full-time,Midwest,No,11.2,0
15106,28,Female,Married,26529.38,Full-time,West,No,2.2,0
14895,58,Female,Married,82190.42,Contract,Midwest,Yes,0.9,1
13172,24,Female,Single,79776.32,Full-time,South,Yes,3.0,1
17014,59,Male,Single,71687.32,Part-time,Northeast,No,9.3,0
10495,58,Female,Single,71489.72,Full-time,South,No,0.2,1
17358,51,Female,Divorced,77691.67,Part-time,West,Yes,4.9,1
10908,31,Female,Widowed,57465.61,Full-time,Midwest,Yes,2.9,1
19896,37,Male,Single,64211.46,Part-time,South,No,4.5,0
17096,60,Male,Single,36149.46,Full-time,Northeast,Yes,1.3,1
12778,54,Male,Married,64958.1,Full-time,South,Yes,5.2,1
11679,29,Female,Single,47311.13,Part-time,Midwest,No,2.7,0
17495,45,Female,Single,48989.45,Part-time,Midwest,No,1.6,0
15449,45,Female,Single,63576.2,Full-time,Northeast,No,0.9,1
16977,25,Male,Single,73293.35,Part-time,Midwest,Yes,10.1,0
19752,62,Female,Single,94333.78,Full-time,South,Yes,3.0,1
16430,24,Female,Single,86887.65,Full-time,West,Yes,0.3,1
14245,53,Male,Married,34160.41,Full-time,West,Yes,3.3,1
15704,51,Male,Married,58940.8,Full-time,South,No,7.1,0
11274,26,Male,Single,93084.81,Full-time,West,No,7.0,0
14298,49,Male,Married,48041.02,Full-time,Midwest,No,6.5,0
12843,26,Male,Married,84617.14,Part-time,Northeast,No,4.9,0
13169,55,Female,Single,64975.9,Full-time,Midwest,Yes,9.2,1
10864,30,Male,Single,94084.13,Contract,Northeast,Yes,2.2,0
15426,47,Female,Single,57098.48,Full-time,West,No,1.8,0
10123,35,Male,Single,54508.1,Full-time,South,No,5.1,0
12248,31,Female,Married,70986.34,Full-time,West,Yes,1.3,1
10452,49,Female,Single,88196.71,Part-time,West,Yes,7.4,1
14907,38,Female,Married,72258.29,Full-time,West,Yes,1.2,1
12540,48,Female,Single,87463.41,Full-time,Midwest,No,8.1,1
12085,54,Female,Single,64424.42,Full-time,Midwest,Yes,0.0,1
17234,31,Male,Married,64844.65,Full-time,West,Yes,3.5,1
18867,36,Female,Divorced,76394.16,Part-time,Midwest,No,6.6,0
19659,57,Male,Single,56150.64,Full-time,Midwest,Yes,8.4,1
15266,37,Female,Married,35171.1,Full-time,Midwest,No,0.9,0
10562,30,Male,Married,56352.6,Full-time,Midwest,Yes,3.9,0
10224,53,Male,Married,62990.39,Full-time,Northeast,Yes,10.9,1
17160,28,Female,Single,62100.95,Part-time,Midwest,Yes,3.1,0
15351,23,Male,Divorced,52682.13,Full-time,Northeast,Yes,5.9,0
11605,53,Male,Divorced,86203.6,Full-time,Northeast,No,2.5,1
16546,54,Female,Single,90419.63,Part-time,Northeast,No,2.3,0
13481,55,Female,Widowed,62378.4,Full-time,Midwest,Yes,0.8,1
17717,24,Male,Widowed,47228.03,Full-time,West,Yes,0.5,0
12902,41,Male,Married,42320.04,Part-time,West,Yes,13.3,0
11932,30,Male,Single,18888.35,Full-time,Midwest,Yes,1.6,0
19993,50,Male,Married,66466.59,Full-time,Northeast,No,2.9,1
17343,58,Male,Single,82166.34,Full-time,West,No,0.1,1
10049,29,Female,Married,46598.02,Contract,West,Yes,8.8,0
13263,34,Female,Single,74039.32,Full-time,Midwest,Yes,3.0,1
10188,49,Female,Widowed,92606.82,Full-time,South,Yes,0.9,1
18188,32,Female,Married,55599.45,Part-time,South,Yes,5.6,0
12229,51,Female,Married,60519.68,Full-time,West,No,16.8,1
17646,37,Female,Single,59583.51,Contract,Northeast,No,1.9,0
19405,54,Male,Married,40732.1,Full-time,Northeast,Yes,0.9,1
19219,59,Male,Single,63602.81,Full-time,Midwest,No,1.6,1
10615,35,Female,Single,62078.38,Full-time,West,No,3.8,1
13240,53,Other,Single,57748.01,Part-time,Northeast,Yes,5.0,0
17478,41,Female,Single,80212.47,Full-time,Midwest,Yes,9.0,1
10840,43,Male,Divorced,86588.03,Part-time,West,Yes,8.0,1
19673,50,Male,Married,33156.53,Contract,South,No,2.0,0
12061,31,Male,Married,78245.69,Full-time,Northeast,Yes,3.4,1
19828,32,Male,Widowed,87347.41,Full-time,West,No,5.9,1
18186,30,Male,Single,93239.05,Full-time,Northeast,No,0.0,0
11227,27,Female,Married,60529.09,Full-time,West,No,6.5,0
17449,64,Female,Widowed,61744.35,Full-time,Northeast,No,8.2,1
10181,60,Female,Married,55375.93,Full-time,South,Yes,0.4,1
17860,34,Female,Married,56553.21,Full-time,Midwest,Yes,0.2,1
18329,62,Male,Married,82508.96,Full-time,Midwest,Yes,2.1,1
14142,48,Male,Single,40936.52,Full-time,Midwest,No,0.1,0
18612,53,Female,Single,24293.32,Full-time,Midwest,No,4.0,0
15623,25,Male,Married,68298.82,Part-time,South,Yes,7.3,0
11807,63,Female,Widowed,50601.29,Contract,Northeast,Yes,2.8,0
14709,32,Male,Married,92383.46,Contract,Northeast,Yes,2.1,1
14936,45,Female,Married,65734.6,Contract,South,Yes,4.2,1
18448,51,Male,Single,82322.66,Full-time,Northeast,No,6.9,1
17120,33,Female,Single,85406.87,Full-time,West,No,0.8,1
14030,36,Female,Married,71730.43,Full-time,South,Yes,2.2,1
16426,50,Male,Married,31614.52,Full-time,Midwest,No,11.4,0
19968,52,Female,Widowed,57534.56,Full-time,West,No,4.3,0
17611,57,Male,Married,76244.97,Full-time,Midwest,Yes,5.5,1
15479,25,Male,Single,61916.07,Part-time,West,Yes,1.3,0
15311,30,Female,Single,79362.83,Full-time,South,Yes,1.3,1
13584,33,Male,Married,73065.6,Full-time,West,Yes,0.4,1
10733,54,Male,Married,53427.04,Full-time,West,No,0.7,0
17467,29,Male,Single,77329.23,Full-time,Midwest,No,5.2,0
11145,53,Male,Single,28448.15,Full-time,West,Yes,4.0,1
14712,26,Female,Married,79772.89,Part-time,West,No,0.9,0
17489,59,Male,Divorced,72450.52,Full-time,Northeast,Yes,2.1,1
19858,30,Male,Divorced,63502.11,Full-time,Northeast,No,7.8,0
10994,58,Male,Single,31891.53,Contract,Northeast,No,2.8,0
18931,63,Female,Divorced,72267.52,Full-time,West,No,3.6,1
13376,61,Female,Single,68232.61,Contract,Midwest,Yes,5.0,1
15012,32,Male,Divorced,73598.85,Full-time,South,No,1.9,1
14432,63,Female,Single,53023.29,Part-time,West,Yes,1.7,0
15086,25,Female,Married,71432.67,Full-time,West,Yes,0.2,1
13348,56,Female,Divorced,58237.65,Part-time,South,Yes,14.2,0
16136,55,Female,Single,75285.17,Full-time,West,No,0.8,1
11485,58,Female,Divorced,79764.24,Full-time,Midwest,No,0.6,1
17255,58,Female,Single,69087.11,Full-time,South,Yes,4.8,1
18128,35,Female,Married,69591.29,Part-time,South,No,6.0,0
11608,41,Male,Single,49992.21,Full-time,West,Yes,4.0,1
10342,61,Male,Married,37117.07,Full-time,West,No,15.4,0
18921,37,Female,Single,61053.49,Part-time,West,No,4.8,0
18812,31,Other,Single,54615.31,Full-time,West,Yes,10.2,1
12947,24,Male,Married,77390.34,Full-time,South,Yes,4.9,1
18909,57,Female,Single,47112.47,Full-time,South,Yes,2.4,1
14898,56,Male,Married,67118.49,Full-time,Northeast,No,17.9,1
14075,50,Female,Married,63558.76,Full-time,Midwest,No,1.8,1
12959,57,Male,Married,64218.07,Full-time,Midwest,No,4.0,1
11924,37,Female,Single,43803.48,Contract,Northeast,No,2.5,0
14760,25,Male,Single,79647.3,Full-time,West,Yes,3.5,1
10343,54,Female,Married,83050.43,Full-time,West,No,14.5,1
17016,42,Female,Married,45817.92,Full-time,West,No,4.7,0
16669,38,Male,Single,68758.1,Full-time,Northeast,Yes,2.5,1
14329,28,Other,Divorced,84854.45,Contract,Northeast,Yes,1.5,0
12674,37,Female,Married,42982.8,Full-time,West,No,0.3,0
11661,45,Female,Married,75489.02,Part-time,South,Yes,5.7,1
12281,50,Male,Married,62118.43,Full-time,Northeast,No,4.1,1
12233,37,Male,Married,54282.92,Full-time,Midwest,Yes,1.6,1
18705,27,Male,Married,67754.36,Part-time,South,Yes,6.9,0
13646,30,Female,Married,38392.31,Part-time,Midwest,Yes,3.0,0
19420,33,Female,Single,42967.77,Full-time,South,Yes,5.3,1
11370,50,Male,Married,73817.26,Full-time,Midwest,Yes,1.5,1
11880,41,Male,Married,42193.55,Full-time,Northeast,Yes,0.5,1
19147,32,Female,Single,67076.86,Full-time,South,No,0.2,1
11060,44,Female,Married,81495.29,Full-time,Midwest,Yes,8.2,1
19867,63,Female,Single,50933.31,Part-time,Midwest,Yes,4.8,0
18404,59,Male,Married,95376.58,Full-time,West,Yes,19.6,1
10565,26,Other,Married,60807.15,Full-time,Northeast,Yes,1.3,1
13450,52,Female,Divorced,80902.78,Full-time,Northeast,Yes,19.3,1
13718,47,Male,Married,60561.65,Full-time,West,Yes,2.3,1
14306,29,Male,Single,92566.15,Full-time,West,Yes,3.0,1
13534,58,Female,Single,60000.15,Full-time,West,Yes,0.8,1
19472,25,Female,Married,74429.83,Part-time,Northeast,Yes,2.3,0
19283,49,Female,Married,84848.7,Full-time,West,Yes,6.2,1
12554,55,Female,Single,96930.42,Full-time,South,No,1.6,1
16028,25,Male,Married,78332.24,Full-time,Northeast,Yes,18.0,1
17162,39,Male,Single,35719.59,Full-time,South,No,4.3,0
12151,56,Male,Single,82593.06,Part-time,South,Yes,4.1,1
15039,33,Female,Married,70352.5,Contract,South,Yes,1.1,1
13151,36,Female,Single,74698.42,Part-time,Northeast,No,13.1,0
10961,60,Male,Single,72679.34,Full-time,West,Yes,2.4,1
12670,49,Female,Married,79680.67,Full-time,Northeast,Yes,0.9,1
18312,24,Male,Single,80215.51,Part-time,West,Yes,0.2,0
13402,59,Male,Divorced,48822.44,Full-time,South,Yes,2.0,1
10494,31,Male,Married,67943.26,Part-time,Midwest,Yes,2.9,1
15316,36,Male,Married,75644.41,Full-time,Northeast,No,1.5,1
12018,35,Male,Married,44809.89,Part-time,Midwest,No,4.2,0
11915,33,Female,Married,70569.72,Full-time,South,Yes,0.4,1
19192,30,Female,Divorced,46406.79,Full-time,West,Yes,1.0,0
18241,51,Female,Divorced,64234.67,Full-time,Midwest,Yes,0.5,1
11646,45,Female,Single,73136.72,Full-time,South,No,0.1,1
14423,50,Female,Single,75673.9,Full-time,Midwest,Yes,0.7,1
19847,43,Male,Single,61163.89,Part-time,Midwest,No,9.9,0
10341,38,Female,Single,72678.4,Contract,Midwest,No,2.0,0
13213,51,Male,Single,63166.28,Full-time,West,No,1.0,1
18927,50,Female,Married,97415.96,Full-time,Midwest,Yes,1.1,1
10566,50,Other,Married,59720.68,Contract,Northeast,Yes,26.0,0
16611,41,Male,Single,78190.67,Full-time,West,No,0.6,1
19889,32,Male,Single,61878.95,Part-time,South,No,8.3,0
14024,60,Male,Single,73086.8,Part-time,West,No,0.3,0
11430,31,Female,Single,46514.85,Full-time,South,No,2.3,0
16355,24,Male,Widowed,115182.12,Part-time,Northeast,No,10.5,0
14783,24,Female,Single,81857.1,Full-time,West,Yes,4.3,1
17063,24,Male,Married,78214.75,Full-time,Northeast,Yes,5.8,1
15973,61,Female,Married,52392.19,Full-time,Northeast,No,2.8,0
12475,53,Male,Married,40757.89,Part-time,Northeast,No,0.9,0
10117,58,Female,Married,55933.81,Part-time,Midwest,No,0.2,0
17693,25,Male,Single,77326.66,Full-time,West,Yes,1.6,1
14038,45,Female,Single,47993.35,Full-time,West,Yes,21.3,1
18796,24,Male,Single,55892.19,Full-time,West,No,4.1,0
12172,24,Female,Single,53078.36,Full-time,West,Yes,1.6,0
18826,62,Male,Married,64883.31,Full-time,South,No,7.5,1
10267,46,Male,Single,64668.42,Part-time,West,Yes,1.9,1
12733,55,Male,Married,55069.24,Full-time,Midwest,Yes,0.1,1
15420,46,Male,Married,81431.54,Part-time,Midwest,Yes,1.3,1
18297,61,Male,Divorced,61929.21,Full-time,Midwest,No,0.4,1
17297,56,Female,Single,40365.65,Part-time,South,Yes,6.4,0
17881,48,Female,Single,72795.23,Full-time,Northeast,Yes,2.8,1
19154,55,Female,Single,68271.18,Full-time,Northeast,Yes,0.8,1
11165,64,Female,Married,67299.21,Full-time,Midwest,No,8.0,1
10951,40,Male,Single,85510.95,Full-time,West,Yes,3.2,1
10750,27,Male,Single,73109.17,Full-time,Northeast,Yes,5.2,1
15112,34,Male,Single,75402.59,Full-time,Northeast,No,1.7,1
17367,48,Male,Single,59846.04,Full-time,West,No,0.1,0
15053,56,Male,Married,56448.46,Part-time,West,No,1.7,0
16510,39,Female,Single,76889.34,Full-time,Midwest,Yes,9.6,1
17988,33,Male,Married,66222.32,Full-time,South,Yes,5.4,1
17992,51,Female,Single,74166.25,Contract,South,Yes,2.6,1
19144,26,Male,Married,76691.72,Full-time,West,Yes,5.5,1
13968,50,Male,Married,58618.94,Full-time,Midwest,No,6.9,0
13050,50,Male,Married,81941.48,Full-time,West,Yes,0.4,1
16031,36,Female,Single,46197.13,Part-time,West,No,6.1,0
19521,36,Male,Single,84581.79,Full-time,West,Yes,1.9,1
11207,44,Female,Married,59870.24,Full-time,South,Yes,1.5,1
14654,52,Female,Married,70978.3,Part-time,West,Yes,3.8,1
19200,53,Female,Widowed,46450.92,Full-time,Northeast,No,1.1,0
10388,37,Male,Single,40604.23,Full-time,Midwest,No,1.7,0
10306,25,Male,Single,91228.1,Part-time,West,No,0.6,0
19471,22,Male,Single,105309.69,Full-time,Northeast,No,1.3,0
13729,27,Female,Married,61747.18,Full-time,Northeast,No,5.5,0
11079,32,Male,Married,57506.79,Full-time,Northeast,No,8.5,0
19351,37,Male,Single,79880.49,Part-time,West,Yes,8.7,1
11434,62,Female,Married,43761.61,Full-time,South,No,3.3,0
14865,37,Male,Divorced,66349.8,Part-time,Northeast,No,7.1,0
19227,24,Male,Single,81407.15,Full-time,Northeast,Yes,1.0,1
13535,34,Male,Single,57258.66,Full-time,Northeast,Yes,9.7,1
19255,58,Female,Widowed,87937.63,Part-time,Midwest,Yes,1.4,1
12791,29,Male,Single,65007.59,Full-time,Northeast,No,12.0,0
15122,25,Female,Divorced,56142.49,Full-time,Midwest,Yes,8.6,0
12641,42,Male,Married,62656.48,Part-time,South,No,0.1,0
13052,61,Female,Widowed,42881.34,Part-time,South,Yes,1.1,0
14692,49,Female,Single,66867.43,Contract,West,No,1.8,0
12954,35,Male,Single,29754.92,Full-time,West,Yes,1.0,1
11869,47,Female,Married,101291.99,Full-time,Northeast,Yes,3.4,1
13364,22,Female,Married,53440.06,Part-time,Northeast,Yes,9.5,0
11098,47,Male,Single,68264.9,Full-time,Midwest,Yes,0.4,1
17373,59,Other,Single,63356.89,Full-time,South,Yes,3.4,1
16881,60,Male,Widowed,57666.13,Part-time,Midwest,No,0.5,0
12587,37,Male,Married,53091.78,Full-time,South,Yes,2.2,1
14589,62,Female,Married,48676.28,Full-time,Midwest,Yes,9.3,1
19965,42,Female,Divorced,39880.01,Full-time,Midwest,Yes,11.4,1
14897,62,Male,Divorced,78827.76,Full-time,Northeast,Yes,0.6,1
12854,49,Female,Married,31554.25,Part-time,West,Yes,4.9,0
12225,56,Female,Married,79243.0,Full-time,West,Yes,3.8,1
16418,26,Male,Married,86513.04,Full-time,South,No,21.4,0
11744,39,Female,Married,79892.77,Full-time,Midwest,Yes,2.1,1
13980,34,Other,Married,51831.3,Full-time,South,Yes,1.4,1
10084,28,Female,Married,73636.24,Full-time,West,Yes,2.7,1
10723,59,Male,Married,54163.53,Full-time,Midwest,No,4.4,0
12160,50,Male,Married,61364.4,Full-time,Midwest,No,3.7,1
14948,55,Male,Married,53139.99,Full-time,South,Yes,3.7,1
12125,24,Male,Married,77687.02,Contract,Northeast,Yes,0.5,0
16213,28,Other,Married,66942.21,Part-time,Northeast,Yes,0.9,0
13649,41,Female,Married,76390.1,Part-time,Northeast,Yes,0.4,1
11690,49,Other,Married,74654.67,Full-time,West,Yes,14.2,1
12108,60,Male,Married,44223.15,Full-time,South,Yes,0.0,1
15024,49,Female,Widowed,108945.17,Full-time,South,Yes,1.3,1
13543,32,Female,Married,71096.02,Full-time,South,Yes,0.0,1
19935,24,Male,Single,78771.87,Full-time,South,Yes,0.6,1
16684,39,Female,Divorced,56616.42,Contract,West,Yes,0.7,0
12134,23,Male,Married,71309.41,Part-time,South,No,1.6,0
11367,60,Female,Widowed,74767.81,Full-time,West,Yes,0.6,1
11594,50,Male,Married,61659.27,Contract,West,Yes,5.8,1
18161,58,Male,Widowed,47394.24,Full-time,South,Yes,1.7,1
12971,51,Female,Married,66023.8,Full-time,South,No,3.8,1
19594,35,Female,Married,65622.74,Full-time,South,Yes,1.7,1
10850,55,Male,Single,67942.53,Full-time,South,No,0.0,1
13774,48,Male,Single,75518.96,Full-time,Northeast,Yes,2.9,1
12012,25,Male,Widowed,59850.78,Full-time,West,No,0.0,0
13842,29,Female,Single,79723.73,Full-time,West,Yes,0.9,1
18019,34,Male,Married,65031.95,Full-time,Northeast,Yes,5.7,1
11786,57,Male,Married,69641.98,Part-time,South,Yes,9.7,1
17336,58,Male,Single,55693.26,Full-time,Northeast,No,2.5,0
11392,37,Male,Single,85835.52,Part-time,South,Yes,6.6,1
12637,26,Male,Married,66962.27,Full-time,South,Yes,0.6,1
19698,58,Male,Single,78628.07,Contract,Northeast,Yes,4.8,1
10198,27,Female,Married,90409.77,Full-time,Northeast,No,2.0,0
13154,42,Male,Divorced,62533.72,Part-time,West,Yes,0.0,1
13820,50,Male,Married,67818.38,Full-time,Northeast,Yes,2.8,1
14782,51,Male,Married,92187.08,Contract,West,Yes,3.4,1
15903,55,Other,Married,82922.96,Full-time,Northeast,Yes,1.3,1
15899,49,Female,Married,90988.83,Full-time,West,No,0.5,1
14812,63,Female,Married,77429.43,Full-time,Northeast,No,0.2,1
15485,35,Other,Single,50751.13,Full-time,South,No,10.2,0
13856,61,Female,Married,49785.08,Full-time,Midwest,No,2.1,0
12295,23,Male,Single,47729.24,Full-time,Northeast,No,4.4,0
19707,50,Female,Married,79179.9,Full-time,Northeast,Yes,6.7,1
13021,49,Male,Widowed,58132.37,Part-time,South,No,1.6,0
16365,22,Female,Married,51853.53,Full-time,Northeast,Yes,4.1,0
10774,26,Female,Single,72723.41,Full-time,Midwest,No,1.4,0
19879,61,Male,Married,73765.07,Part-time,West,No,3.3,0
18514,59,Female,Widowed,59405.82,Full-time,Northeast,Yes,3.8,1
13634,62,Male,Single,66198.73,Part-time,West,No,3.4,0
13788,24,Female,Divorced,88832.16,Part-time,South,Yes,6.9,0
16705,57,Male,Married,69836.18,Full-time,West,No,3.0,1
11865,23,Male,Married,79959.74,Part-time,Midwest,Yes,5.1,0
12042,52,Male,Married,72126.77,Full-time,South,Yes,1.9,1
13986,31,Male,Married,44714.34,Part-time,Northeast,No,0.3,0
14875,33,Male,Married,83536.41,Part-time,Midwest,Yes,5.1,1
12749,33,Male,Married,85472.86,Contract,Northeast,No,7.3,0
17911,52,Female,Married,69256.0,Full-time,Midwest,Yes,1.3,1
18000,52,Female,Married,32933.02,Full-time,South,No,10.7,0
10592,29,Female,Single,65897.78,Full-time,Midwest,Yes,3.4,1
19170,32,Female,Single,72465.0,Full-time,Midwest,Yes,0.7,1
12031,34,Male,Single,57756.31,Full-time,Northeast,No,2.8,0
16176,26,Male,Divorced,64794.58,Full-time,Midwest,No,2.2,0
19855,61,Male,Widowed,88246.81,Full-time,Midwest,No,0.3,1
10174,45,Male,Single,51090.5,Full-time,Midwest,No,1.2,0
10183,24,Female,Divorced,73079.4,Full-time,Northeast,No,6.0,0
15418,53,Male,Married,66137.44,Full-time,South,Yes,0.9,1
11232,62,Female,Single,54628.38,Full-time,Midwest,Yes,1.4,1
11241,63,Female,Married,63556.41,Full-time,West,No,0.4,1
14982,42,Male,Single,52970.98,Part-time,Midwest,No,1.6,0
12309,37,Female,Single,75004.64,Contract,West,Yes,7.0,1
15404,61,Female,Married,80973.21,Part-time,Midwest,Yes,5.0,1
18097,53,Female,Married,72676.6,Contract,Midwest,No,8.3,0
15857,41,Male,Married,56832.87,Part-time,South,Yes,7.7,0
12266,42,Male,Married,93676.37,Full-time,Midwest,Yes,0.4,1
19231,35,Male,Married,2207.79,Full-time,Northeast,Yes,5.7,1
11916,48,Female,Divorced,33081.68,Part-time,Midwest,Yes,2.1,0
14604,38,Male,Married,44040.3,Full-time,South,No,6.5,0
15633,64,Female,Married,78215.52,Part-time,Midwest,Yes,6.3,1
12007,36,Male,Single,76911.37,Contract,West,Yes,5.7,1
17189,45,Female,Divorced,45910.69,Full-time,South,No,2.2,0
15684,40,Female,Single,75196.16,Contract,Midwest,No,2.7,0
17889,58,Male,Married,64655.7,Full-time,West,No,3.7,1
15836,35,Male,Single,58195.85,Full-time,South,Yes,2.6,1
17307,29,Female,Married,71320.26,Full-time,Midwest,Yes,1.3,1
10564,23,Male,Married,62580.7,Part-time,West,Yes,2.3,0
18950,38,Female,Married,59407.04,Part-time,Northeast,Yes,0.7,0
19926,31,Female,Divorced,32735.57,Part-time,Northeast,No,1.8,0
18754,26,Male,Married,61551.2,Contract,Northeast,Yes,5.5,0
12976,29,Female,Divorced,81822.31,Full-time,Northeast,No,7.1,0
13685,48,Female,Single,66936.59,Full-time,Midwest,Yes,0.3,1
11728,29,Female,Divorced,47555.97,Part-time,South,Yes,0.8,0
11499,34,Male,Married,58334.85,Full-time,Midwest,Yes,4.8,1
12499,23,Male,Divorced,55876.42,Contract,West,Yes,1.8,0
16228,41,Female,Divorced,79986.63,Full-time,Northeast,Yes,5.4,1
10320,54,Female,Divorced,67637.55,Part-time,South,Yes,3.6,1
17141,41,Female,Married,68295.16,Part-time,South,Yes,4.6,1
16222,38,Female,Married,69017.09,Part-time,Northeast,No,1.7,0
11313,29,Female,Divorced,82902.23,Full-time,West,No,2.1,0
19905,33,Male,Single,36454.68,Part-time,Midwest,No,1.6,0
18710,27,Male,Married,53331.63,Full-time,South,Yes,7.0,0
19829,51,Male,Married,77717.24,Full-time,Northeast,Yes,1.9,1
17184,44,Male,Single,95420.72,Full-time,South,No,1.4,1
17124,45,Male,Married,80680.51,Contract,Midwest,No,2.5,0
13497,46,Female,Married,67615.78,Full-time,Northeast,Yes,0.1,1
19035,52,Male,Married,42495.71,Full-time,Midwest,No,11.4,0
18634,39,Male,Married,61719.07,Full-time,West,No,3.1,1
19319,51,Female,Married,71276.21,Contract,Midwest,Yes,2.4,1
15077,46,Male,Married,78341.2,Full-time,Midwest,Yes,1.7,1
14656,36,Female,Married,80081.2,Contract,Midwest,No,1.9,0
10411,26,Female,Married,98891.48,Contract,West,Yes,5.9,0
19308,53,Male,Married,48087.35,Full-time,South,Yes,0.5,1
17586,58,Male,Single,75239.58,Contract,Midwest,Yes,6.9,1
10859,51,Male,Married,82228.15,Full-time,West,No,1.7,1
13886,57,Female,Married,73866.14,Full-time,West,Yes,2.4,1
10337,48,Male,Single,55548.59,Full-time,Midwest,Yes,14.5,1
18879,41,Female,Married,78118.2,Full-time,Northeast,No,4.4,1
10048,28,Female,Married,60351.29,Full-time,South,No,0.3,0
18519,43,Female,Married,45720.72,Full-time,West,Yes,7.7,1
15296,53,Female,Married,63327.0,Full-time,Midwest,Yes,7.3,1
16919,56,Female,Single,77760.57,Full-time,Midwest,No,1.0,1
16258,30,Female,Single,66868.43,Part-time,West,No,0.8,0
16880,34,Male,Single,56179.94,Full-time,South,No,6.1,0
17268,57,Female,Single,86568.39,Full-time,West,Yes,2.0,1
18868,49,Female,Divorced,53772.28,Part-time,West,Yes,11.7,0
19599,33,Male,Married,61083.08,Full-time,Northeast,No,3.3,1
13672,64,Male,Single,57346.63,Full-time,South,No,5.9,0
16502,32,Female,Single,67527.27,Part-time,West,Yes,2.7,1
13281,58,Female,Single,70048.64,Part-time,Northeast,No,8.3,0
18708,60,Male,Married,69652.31,Full-time,Northeast,No,5.3,1
16330,45,Female,Single,67557.25,Part-time,South,Yes,3.5,1
15438,23,Other,Married,71285.06,Full-time,Northeast,No,1.4,0
14647,45,Male,Single,52660.11,Contract,South,Yes,11.5,0
15097,56,Female,Widowed,81254.07,Full-time,South,Yes,7.7,1
16283,62,Female,Single,45423.29,Contract,Midwest,Yes,5.3,0
13328,59,Male,Single,64455.04,Full-time,West,Yes,1.2,1
10243,47,Female,Single,84466.5,Full-time,Northeast,Yes,3.6,1
12655,62,Female,Married,52664.91,Full-time,Midwest,No,1.7,0
11789,55,Female,Single,48442.39,Part-time,West,Yes,0.1,0
19791,37,Male,Single,90191.33,Full-time,Northeast,No,0.6,1
13622,53,Female,Married,54636.47,Contract,Midwest,Yes,3.0,0
16998,41,Male,Married,68176.99,Full-time,Midwest,Yes,2.0,1
19385,23,Male,Married,72479.77,Full-time,Northeast,No,1.8,0
15442,50,Male,Widowed,91801.86,Full-time,South,Yes,2.9,1
13663,40,Female,Married,61936.5,Full-time,South,No,8.7,1
15312,60,Male,Married,84662.63,Full-time,South,No,0.7,1
11529,57,Male,Single,54999.04,Full-time,South,Yes,6.7,1
10272,39,Male,Widowed,83634.78,Part-time,Northeast,No,0.6,0
11293,64,Male,Single,66500.16,Full-time,Northeast,Yes,5.3,1
18375,40,Male,Single,98056.86,Full-time,South,Yes,1.0,1
17382,40,Female,Married,75688.81,Full-time,Midwest,No,7.3,1
10726,55,Male,Divorced,59256.3,Full-time,Midwest,Yes,5.4,1
18689,37,Male,Married,48464.02,Full-time,Northeast,Yes,7.7,1
19913,38,Male,Married,73824.01,Part-time,Northeast,Yes,0.1,1
13020,28,Female,Married,79062.59,Full-time,Northeast,Yes,0.6,1
17609,64,Male,Married,80746.02,Full-time,Midwest,Yes,0.7,1
15960,38,Male,Married,76964.45,Full-time,South,No,2.8,1
16854,48,Male,Married,51886.44,Full-time,Northeast,No,3.4,0
16687,23,Male,Widowed,66675.27,Full-time,West,No,4.2,0
18148,56,Female,Married,65872.32,Full-time,Northeast,No,0.0,1
18817,33,Male,Single,90726.67,Full-time,Midwest,Yes,0.7,1
17359,34,Male,Married,81955.3,Full-time,Northeast,No,2.7,1
16130,50,Male,Single,54091.24,Full-time,South,No,1.9,0
17009,34,Male,Single,88243.32,Full-time,South,Yes,5.1,1
12709,44,Male,Widowed,95366.71,Contract,Northeast,No,1.0,0
16633,41,Male,Married,45463.73,Part-time,South,Yes,0.7,0
10458,56,Female,Married,89296.09,Part-time,South,Yes,7.4,1
10782,26,Male,Single,70964.36,Part-time,Northeast,Yes,6.1,0
16527,48,Male,Married,53787.16,Full-time,Midwest,No,7.7,0
11104,62,Male,Single,53953.85,Part-time,Northeast,No,3.9,0
18125,63,Male,Single,64215.96,Full-time,West,No,5.3,1
13815,22,Female,Single,82025.67,Full-time,Northeast,Yes,8.3,1
12548,63,Female,Single,59445.87,Part-time,South,No,0.1,0
10155,51,Female,Divorced,52003.68,Full-time,Northeast,No,3.0,0
19330,36,Female,Divorced,65076.16,Full-time,West,No,7.1,1
12686,42,Female,Married,96837.25,Part-time,South,Yes,0.7,1
14305,45,Female,Single,59744.43,Full-time,Midwest,Yes,0.3,1
11146,28,Other,Married,73579.78,Full-time,West,Yes,4.1,1
19815,56,Female,Single,44439.98,Part-time,West,Yes,0.9,0
11972,56,Other,Divorced,76701.97,Full-time,Midwest,Yes,2.4,1
18509,64,Female,Widowed,67754.96,Full-time,West,Yes,3.4,1
13768,61,Male,Single,83674.72,Full-time,Midwest,No,4.0,1
10060,50,Female,Divorced,93554.51,Full-time,West,Yes,5.0,1
14403,52,Male,Married,83576.39,Full-time,South,No,7.3,1
14291,63,Female,Widowed,35210.58,Full-time,Northeast,No,0.0,0
10778,43,Male,Married,79216.94,Full-time,Midwest,No,4.9,1
17807,36,Female,Single,43324.38,Full-time,South,No,1.9,0
10916,41,Female,Single,71166.71,Contract,West,No,6.0,0
17414,41,Female,Widowed,53933.22,Full-time,West,Yes,7.4,1
13392,55,Male,Divorced,81869.98,Contract,South,No,5.1,0
15217,62,Female,Widowed,64821.23,Part-time,Northeast,No,4.1,0
15332,63,Male,Married,77067.06,Contract,West,Yes,0.3,1
19511,28,Male,Married,72267.02,Contract,West,Yes,2.8,0
18959,30,Male,Single,78261.62,Full-time,Northeast,No,0.8,0
16143,42,Male,Married,48433.36,Full-time,Midwest,Yes,6.3,1
15911,37,Male,Single,98582.49,Full-time,West,Yes,2.6,1
11270,56,Female,Single,45385.78,Full-time,West,Yes,0.9,1
14947,46,Male,Divorced,85189.99,Part-time,Midwest,Yes,0.9,1
18260,39,Female,Single,85750.94,Part-time,South,No,12.3,0
13912,53,Male,Married,44195.8,Full-time,South,Yes,2.4,1
12297,52,Male,Divorced,64346.06,Full-time,Northeast,Yes,7.1,1
11668,39,Other,Married,94100.14,Full-time,South,No,2.4,1
19844,40,Female,Single,83652.59,Full-time,Midwest,No,1.2,1
17415,24,Female,Married,63199.8,Contract,West,No,2.1,0
15944,63,Female,Married,58062.04,Part-time,Northeast,Yes,19.4,0
17550,56,Male,Single,58713.01,Contract,West,No,5.4,0
12632,38,Male,Divorced,45530.58,Full-time,Northeast,No,0.8,0
13984,37,Female,Married,83232.39,Full-time,Midwest,No,2.4,1
12150,38,Male,Single,49393.03,Full-time,West,No,1.2,0
10937,22,Other,Widowed,68992.2,Full-time,Midwest,Yes,1.7,1
15534,60,Male,Married,51609.41,Full-time,South,Yes,10.2,1
11109,28,Male,Married,66353.81,Full-time,West,Yes,0.3,1
10567,58,Male,Divorced,85687.8,Contract,Midwest,No,10.2,0
11716,32,Female,Married,75707.53,Full-time,West,No,1.6,1
13094,26,Female,Single,73984.98,Part-time,Midwest,No,11.4,0
11931,27,Male,Single,73335.06,Full-time,Midwest,Yes,4.5,1
16081,60,Male,Married,63338.83,Full-time,South,No,5.4,1
13946,38,Female,Married,50978.88,Full-time,Northeast,No,0.9,0
18965,30,Male,Married,88653.95,Part-time,West,Yes,2.7,0
19280,63,Female,Married,65948.84,Full-time,Midwest,Yes,0.4,1
18100,45,Male,Single,68067.82,Full-time,Northeast,Yes,0.7,1
18041,35,Male,Single,66108.53,Part-time,West,No,1.9,0
11831,33,Male,Married,67723.28,Full-time,Midwest,No,8.3,1
12578,41,Female,Married,55370.11,Full-time,South,Yes,3.9,1
16303,55,Female,Single,60084.37,Full-time,West,No,10.0,1
15732,31,Female,Single,61713.46,Full-time,Midwest,Yes,6.2,1
18243,53,Female,Married,62820.15,Full-time,Midwest,Yes,3.9,1
15985,64,Male,Married,72636.34,Full-time,Northeast,Yes,1.3,1
11475,32,Female,Married,50774.93,Full-time,Northeast,Yes,4.8,1
13297,27,Female,Single,64555.98,Full-time,Midwest,Yes,4.2,1
13214,45,Female,Married,71083.24,Part-time,West,No,3.6,0
18680,60,Female,Single,44061.58,Full-time,Midwest,Yes,0.4,1
18672,55,Female,Single,75548.73,Contract,South,Yes,0.1,1
12286,23,Female,Married,78481.47,Full-time,Northeast,Yes,2.6,1
19848,49,Female,Divorced,100551.03,Full-time,South,No,0.3,1
15884,47,Female,Married,56768.66,Full-time,South,No,6.9,0
11489,34,Male,Single,77690.74,Full-time,Midwest,Yes,3.6,1
18801,49,Male,Single,68580.13,Full-time,West,Yes,1.0,1
12607,54,Female,Married,73070.82,Full-time,Northeast,Yes,2.6,1
15562,25,Female,Married,64141.23,Full-time,Midwest,Yes,1.4,1
19258,41,Male,Married,54227.78,Part-time,West,No,0.7,0
19406,45,Female,Single,93907.85,Full-time,Northeast,Yes,1.9,1
15061,59,Female,Married,63534.94,Full-time,Midwest,No,0.3,1
16402,40,Female,Single,77609.02,Full-time,West,Yes,2.6,1
19404,25,Male,Married,82348.05,Full-time,West,Yes,2.4,1
19083,37,Female,Married,38097.36,Full-time,South,Yes,2.0,1
16711,43,Male,Widowed,57982.32,Contract,Midwest,Yes,5.8,0
12768,35,Male,Divorced,77066.99,Full-time,West,Yes,3.9,1
17963,62,Male,Single,36486.98,Contract,Midwest,No,1.9,0
18190,24,Female,Widowed,58632.6,Part-time,Northeast,Yes,0.5,0
16297,63,Female,Single,59511.34,Part-time,West,Yes,3.6,0
10570,29,Male,Married,101340.03,Full-time,Northeast,Yes,2.2,1
14552,46,Female,Married,58806.26,Part-time,Northeast,Yes,1.0,0
11643,28,Other,Single,59002.94,Full-time,West,Yes,0.5,0
14499,26,Female,Widowed,62285.26,Part-time,South,Yes,0.3,0
17342,59,Male,Married,49490.66,Full-time,Midwest,No,5.4,0
11697,23,Female,Divorced,60621.3,Part-time,West,Yes,2.4,0
13923,57,Female,Single,53218.77,Full-time,South,Yes,0.8,1
15828,64,Female,Single,59199.53,Full-time,Midwest,Yes,2.7,1
17548,45,Male,Married,68597.87,Full-time,West,No,6.9,1
17384,50,Female,Married,76369.06,Contract,Northeast,Yes,2.6,1
14535,43,Other,Married,54722.02,Full-time,Northeast,No,1.7,0
12535,64,Female,Single,52499.11,Full-time,Northeast,No,8.0,0
17707,24,Male,Married,60028.21,Full-time,Midwest,No,3.7,0
13406,34,Male,Single,48430.31,Part-time,Midwest,No,0.6,0
13510,46,Male,Divorced,94244.9,Full-time,South,No,0.9,1
18154,51,Female,Married,77938.32,Full-time,Northeast,Yes,0.0,1
10382,25,Male,Married,105376.3,Part-time,West,No,7.1,0
16735,60,Male,Married,76771.34,Full-time,Midwest,No,3.0,1
10168,29,Male,Single,47133.77,Full-time,West,Yes,6.2,0
18980,22,Male,Married,38198.61,Part-time,Northeast,Yes,4.3,0
12314,61,Female,Divorced,67734.09,Full-time,Northeast,Yes,0.2,1
18644,45,Male,Single,62449.24,Full-time,Northeast,Yes,0.4,1
11840,31,Female,Single,52579.68,Full-time,Midwest,Yes,8.2,1
16671,24,Female,Single,72769.56,Full-time,West,Yes,3.7,1
16257,23,Male,Single,58687.91,Full-time,West,Yes,0.8,0
10158,46,Male,Married,49734.25,Full-time,Midwest,No,1.9,0
10028,48,Male,Divorced,82259.36,Part-time,South,Yes,2.5,1
10330,24,Male,Widowed,50611.25,Full-time,Midwest,No,2.4,0
16883,35,Male,Single,75822.9,Contract,Midwest,Yes,1.0,1
10204,45,Male,Married,56887.99,Contract,West,Yes,3.6,0
11748,34,Female,Married,37044.55,Part-time,West,No,0.9,0
17379,53,Male,Married,80272.62,Part-time,West,No,3.9,0
16237,23,Male,Widowed,46505.56,Part-time,West,Yes,3.8,0
11843,33,Male,Widowed,95564.79,Full-time,Midwest,No,2.1,1
12859,40,Female,Single,48692.49,Full-time,South,No,4.2,0
16234,64,Other,Single,88192.74,Part-time,South,Yes,1.1,1
14960,26,Male,Single,78771.39,Full-time,West,No,13.1,0
18908,35,Female,Married,59172.78,Contract,Northeast,Yes,1.0,0
13726,59,Male,Single,50608.75,Full-time,West,No,3.5,0
14905,60,Female,Divorced,76154.33,Full-time,South,No,2.2,1
13155,52,Female,Divorced,54683.82,Part-time,Northeast,No,3.8,0
19470,50,Male,Single,47523.79,Full-time,Midwest,Yes,2.3,1
14658,51,Male,Married,90049.27,Full-time,Northeast,No,0.0,1
18364,30,Female,Married,41738.9,Full-time,Midwest,No,4.5,0
10694,30,Male,Single,61878.03,Full-time,West,Yes,1.1,1
16599,57,Female,Single,86780.5,Full-time,West,Yes,1.7,1
14201,39,Male,Divorced,69092.73,Full-time,West,Yes,10.0,1
15095,56,Male,Married,78556.11,Full-time,Northeast,No,2.1,1
17000,28,Male,Divorced,75186.91,Full-time,Northeast,No,1.7,0
13241,43,Male,Married,54887.09,Full-time,Midwest,Yes,17.9,1
19027,48,Female,Married,87090.99,Full-time,Northeast,No,3.2,1
12091,56,Male,Divorced,49263.43,Full-time,South,Yes,7.4,1
15550,29,Female,Single,71596.78,Full-time,Midwest,No,0.6,0
19265,59,Female,Married,94564.39,Full-time,West,No,4.3,1
10613,39,Female,Single,79189.28,Full-time,Northeast,Yes,0.3,1
17965,56,Male,Married,40668.34,Full-time,Midwest,Yes,1.0,1
11987,27,Male,Married,72984.29,Full-time,South,Yes,0.2,1
11226,32,Female,Single,78534.27,Full-time,South,No,3.3,1
14727,43,Female,Single,62203.87,Full-time,Northeast,Yes,7.4,1
15984,46,Other,Single,28878.52,Part-time,Midwest,No,6.5,0
18667,60,Male,Single,90754.69,Part-time,Midwest,No,0.6,0
17647,25,Male,Married,63311.56,Full-time,Northeast,Yes,2.1,1
13853,24,Male,Divorced,87814.99,Full-time,West,Yes,1.1,1
16710,42,Female,Single,47046.31,Full-time,Northeast,Yes,1.2,1
14825,44,Male,Married,38119.13,Full-time,South,Yes,0.4,1
15870,34,Female,Married,65252.15,Full-time,Midwest,No,0.6,1
12582,50,Male,Single,74504.48,Full-time,Northeast,No,11.2,1
14592,31,Male,Married,84111.13,Full-time,West,Yes,7.5,1
16356,40,Male,Married,75852.53,Part-time,Northeast,Yes,2.6,1
19253,42,Male,Married,64776.22,Full-time,Midwest,Yes,14.8,1
16022,36,Female,Married,91597.4,Full-time,West,Yes,0.4,1
15361,22,Female,Married,62216.62,Full-time,South,Yes,1.9,1
13296,33,Male,Single,60107.52,Full-time,Midwest,No,0.4,1
15201,62,Female,Married,70637.06,Full-time,Northeast,No,7.0,1
12354,32,Female,Divorced,62903.82,Full-time,Northeast,No,7.2,1
10077,47,Male,Single,65987.9,Full-time,West,No,0.2,1
13365,36,Male,Married,45998.19,Full-time,Northeast,Yes,7.4,1
12997,56,Female,Single,50369.7,Full-time,Northeast,Yes,16.4,1
16902,33,Female,Married,66384.5,Full-time,Northeast,Yes,0.3,1
16699,32,Female,Married,44541.9,Full-time,West,Yes,3.9,1
14994,26,Female,Single,57753.94,Full-time,West,No,1.6,0
14267,24,Male,Single,41300.29,Full-time,South,No,5.2,0
11893,37,Female,Single,78279.36,Full-time,Midwest,Yes,2.9,1
11920,54,Male,Widowed,52691.59,Full-time,West,Yes,1.6,1
17501,49,Female,Single,53857.55,Full-time,West,No,6.4,0
10466,54,Male,Married,62548.99,Full-time,Midwest,No,3.6,1
15433,23,Female,Divorced,62407.75,Full-time,West,Yes,1.0,1
10591,49,Male,Married,42630.17,Full-time,South,No,2.2,0
16606,34,Male,Married,52231.11,Full-time,South,No,1.4,0
18566,29,Male,Single,80185.25,Full-time,Midwest,Yes,0.9,1
11197,59,Male,Widowed,80283.98,Contract,South,No,5.5,0
12006,37,Male,Single,74044.37,Full-time,South,Yes,5.8,1
19000,34,Female,Married,56481.04,Full-time,Northeast,Yes,21.6,1
15260,38,Male,Married,49489.65,Contract,Northeast,Yes,3.1,0
18118,47,Female,Married,55792.65,Full-time,West,Yes,1.2,1
19240,29,Female,Single,83373.23,Contract,West,Yes,1.9,0
19295,54,Female,Married,91769.61,Full-time,West,Yes,5.7,1
19451,37,Female,Single,60729.32,Part-time,Midwest,Yes,1.5,1
10111,61,Female,Single,56050.71,Full-time,South,Yes,1.8,1
14828,47,Male,Married,71226.3,Full-time,South,Yes,4.7,1
17955,51,Male,Married,56343.99,Contract,Northeast,Yes,4.8,0
18494,30,Male,Single,67793.57,Full-time,West,Yes,1.1,1
10996,54,Male,Married,54547.79,Full-time,South,Yes,8.1,1
10872,27,Female,Married,71530.6,Part-time,Midwest,Yes,4.8,0
11866,30,Female,Married,77536.56,Full-time,West,Yes,4.1,1
14247,57,Female,Single,54472.33,Full-time,Northeast,No,3.8,0
15323,41,Female,Single,76199.65,Full-time,West,Yes,3.8,1
13210,52,Male,Single,47576.62,Full-time,West,No,9.2,0
13716,25,Female,Single,55332.08,Full-time,Northeast,No,0.4,0
18278,39,Male,Divorced,66049.27,Full-time,Northeast,Yes,5.9,1
19946,58,Female,Single,49731.48,Contract,South,Yes,1.2,0
19494,22,Female,Single,83865.53,Full-time,West,Yes,1.1,1
12676,63,Female,Single,76132.08,Full-time,Midwest,No,1.0,1
17072,41,Female,Married,54498.95,Part-time,Midwest,Yes,3.7,0
18391,28,Male,Single,26424.84,Part-time,South,Yes,5.6,0
14097,62,Male,Single,82315.29,Part-time,West,No,3.6,0
14669,28,Male,Married,52670.69,Contract,Midwest,Yes,6.2,0
16183,38,Male,Single,70490.72,Full-time,West,No,2.3,1
11407,46,Male,Married,37698.35,Full-time,Northeast,Yes,1.3,1
10178,45,Male,Married,48399.77,Full-time,Northeast,Yes,1.7,1
10801,36,Female,Married,53123.33,Full-time,West,Yes,2.7,1
13611,54,Male,Single,84695.67,Part-time,West,No,3.6,0
18408,49,Male,Married,56550.33,Contract,South,No,0.5,0
12574,42,Female,Married,48766.7,Full-time,South,Yes,9.2,1
11815,35,Male,Married,44908.07,Full-time,West,Yes,2.3,1
16487,45,Female,Single,72843.11,Part-time,West,Yes,2.5,1
19665,48,Female,Single,67456.03,Full-time,Northeast,Yes,13.7,1
13396,23,Male,Married,50315.9,Full-time,Northeast,No,3.1,0
10861,51,Male,Widowed,107710.61,Part-time,Midwest,No,3.9,0
17061,54,Male,Single,76384.99,Full-time,Northeast,Yes,2.2,1
12699,28,Male,Single,88585.1,Full-time,West,Yes,0.6,1
16876,56,Male,Single,70480.61,Full-time,Midwest,Yes,1.4,1
10901,32,Male,Widowed,70911.72,Part-time,West,No,0.3,0
16320,30,Female,Single,83528.81,Full-time,Northeast,No,1.8,0
13421,51,Male,Single,37264.4,Full-time,Northeast,No,1.5,0
11425,28,Female,Married,96477.64,Part-time,Midwest,Yes,3.5,0
17823,22,Male,Single,51007.82,Full-time,Midwest,Yes,0.4,0
16334,56,Male,Single,51875.28,Part-time,Midwest,Yes,1.1,0
10435,58,Female,Married,83394.21,Full-time,Midwest,No,1.8,1
15507,56,Female,Married,42258.52,Contract,Northeast,No,7.8,0
19476,38,Female,Single,73599.4,Contract,Northeast,Yes,0.6,1
12226,51,Female,Married,69679.06,Part-time,South,Yes,1.6,1
16382,55,Male,Married,73666.9,Part-time,Midwest,Yes,1.5,1
18679,23,Male,Single,69090.41,Part-time,Northeast,No,0.1,0
14841,53,Male,Single,66826.95,Full-time,South,Yes,9.9,1
17844,33,Female,Single,67266.28,Full-time,Midwest,Yes,1.5,1
11658,59,Female,Single,75284.89,Contract,Midwest,Yes,2.0,1
15838,57,Male,Single,69244.14,Full-time,Northeast,Yes,2.0,1
12402,22,Male,Single,73891.21,Full-time,Midwest,No,3.3,0
10414,24,Male,Married,84272.06,Full-time,West,Yes,11.9,1
11577,50,Female,Single,62308.81,Full-time,Northeast,Yes,0.1,1
17031,64,Male,Single,48112.36,Part-time,South,No,3.0,0
13129,39,Female,Married,63972.85,Part-time,Midwest,No,3.9,0
11629,46,Female,Single,73389.83,Contract,South,Yes,4.4,1
19877,30,Female,Married,88254.8,Full-time,South,Yes,0.6,1
18740,62,Male,Married,53241.29,Contract,South,No,5.2,0
13502,64,Female,Single,65879.63,Full-time,Midwest,No,8.7,1
18897,42,Female,Single,65909.56,Part-time,Midwest,Yes,11.3,1
10912,23,Other,Married,83340.89,Contract,Northeast,Yes,2.0,0
16070,35,Male,Divorced,64710.64,Part-time,Northeast,Yes,5.6,1
10456,45,Female,Married,101508.44,Full-time,Midwest,No,1.6,1
11221,47,Female,Single,74780.02,Full-time,South,No,0.2,1
16278,64,Male,Divorced,83810.53,Contract,Midwest,Yes,5.7,1
19450,47,Male,Married,51275.32,Full-time,Northeast,Yes,2.6,1
17797,53,Female,Married,77458.29,Full-time,South,Yes,3.0,1
13625,54,Other,Married,91830.34,Full-time,Northeast,No,5.9,1
12512,54,Male,Married,66749.37,Full-time,Midwest,Yes,5.1,1
12451,53,Male,Married,33991.4,Full-time,West,Yes,2.1,1
19419,46,Female,Married,42330.49,Full-time,West,Yes,16.6,1
11753,50,Female,Married,72920.08,Contract,South,No,1.4,0
18781,23,Other,Single,45772.37,Full-time,West,No,9.8,0
13307,45,Female,Single,48675.48,Full-time,West,Yes,0.4,1
18090,61,Male,Single,76178.59,Full-time,Northeast,Yes,0.4,1
14802,26,Female,Single,67325.33,Full-time,West,Yes,0.7,1
10483,47,Female,Divorced,53481.0,Full-time,South,No,2.8,0
16298,38,Female,Married,84890.69,Contract,Northeast,No,3.1,0
12231,27,Male,Married,80196.55,Full-time,West,No,0.4,0
19296,35,Female,Single,68233.29,Full-time,Midwest,Yes,16.3,1
11704,34,Female,Married,67351.41,Contract,Midwest,No,1.3,0
16908,57,Male,Married,69028.41,Contract,Northeast,No,7.9,0
17457,32,Female,Married,77705.89,Full-time,Northeast,Yes,2.1,1
17934,61,Male,Married,66848.78,Full-time,Northeast,No,13.1,1
17791,40,Male,Single,86657.01,Full-time,West,Yes,9.3,1
12982,50,Male,Single,77943.44,Contract,Northeast,Yes,1.5,1
18018,44,Female,Divorced,67065.97,Full-time,Midwest,Yes,0.9,1
14749,34,Female,Married,83739.09,Full-time,Northeast,Yes,4.2,1
19279,59,Male,Single,53260.53,Part-time,West,Yes,0.8,0
17296,37,Female,Single,76129.54,Full-time,South,Yes,0.2,1
19703,36,Male,Single,82793.05,Full-time,South,Yes,3.9,1
13013,43,Female,Married,64074.92,Part-time,West,No,0.4,0
13784,53,Female,Married,71516.2,Full-time,Northeast,Yes,15.6,1
12079,57,Female,Married,54264.43,Full-time,West,Yes,2.8,1
12289,52,Female,Single,52721.15,Full-time,West,Yes,0.0,1
15435,57,Female,Single,28504.2,Part-time,West,Yes,0.1,0
19938,44,Male,Married,71784.19,Full-time,West,No,4.7,1
11007,57,Male,Widowed,85485.11,Full-time,Midwest,Yes,4.4,1
15862,24,Female,Married,87839.6,Part-time,West,No,1.1,0
11305,40,Male,Married,82511.92,Full-time,Northeast,Yes,8.7,1
14284,51,Female,Single,50142.71,Full-time,Northeast,Yes,5.3,1
13519,63,Female,Single,62151.37,Full-time,South,No,2.6,1
13904,52,Male,Married,49682.6,Full-time,Northeast,No,4.8,0
19649,40,Female,Married,73921.25,Part-time,Midwest,No,0.1,0
11335,44,Male,Married,56512.8,Full-time,West,Yes,2.3,1
16013,60,Female,Single,66688.81,Full-time,Midwest,No,1.3,1
14209,64,Male,Single,86618.5,Full-time,Northeast,Yes,2.2,1
10101,28,Male,Married,66736.61,Contract,Midwest,No,4.6,0
18010,34,Female,Single,71286.74,Full-time,South,No,3.4,1
15940,48,Female,Married,84350.98,Full-time,Midwest,No,1.3,1
16531,40,Female,Married,71782.68,Full-time,South,Yes,1.5,1
13482,25,Male,Married,52540.01,Full-time,Midwest,No,8.4,0
11446,38,Female,Married,75872.52,Contract,Northeast,No,6.6,0
16155,25,Other,Married,87818.05,Full-time,Midwest,Yes,1.1,1
15321,39,Female,Divorced,81645.93,Full-time,Midwest,No,3.9,1
14393,32,Male,Single,92003.43,Full-time,Midwest,Yes,7.7,1
13274,58,Male,Married,63129.63,Full-time,West,No,2.7,1
17025,30,Male,Married,54496.3,Part-time,South,No,1.5,0
18157,33,Male,Married,52895.14,Full-time,Midwest,Yes,0.5,1
19942,52,Female,Married,54970.27,Contract,South,Yes,0.3,0
13836,25,Male,Married,68976.67,Full-time,Midwest,No,7.0,0
11315,42,Female,Married,63271.44,Full-time,West,Yes,3.1,1
19165,60,Female,Married,51347.52,Part-time,Midwest,Yes,0.3,0
19491,48,Female,Single,64163.27,Full-time,South,Yes,1.0,1
11269,61,Male,Widowed,59144.24,Contract,Midwest,Yes,5.4,0
12579,38,Male,Married,67366.65,Part-time,Midwest,Yes,4.0,1
12095,32,Female,Married,61572.96,Full-time,Northeast,Yes,1.8,1
13508,38,Female,Single,63891.83,Full-time,South,Yes,3.5,1
13168,51,Male,Single,89222.41,Contract,West,Yes,2.0,1
16992,40,Male,Married,91223.96,Full-time,South,Yes,6.4,1
19756,33,Female,Single,44912.0,Full-time,West,Yes,0.7,1
18783,43,Male,Single,63103.0,Full-time,South,Yes,1.8,1
18788,34,Female,Single,99496.71,Full-time,West,Yes,2.5,1
17115,35,Male,Married,51748.84,Full-time,Northeast,Yes,0.0,1
13238,34,Female,Married,67740.96,Full-time,Northeast,Yes,0.9,1
17131,53,Female,Married,71803.59,Full-time,South,Yes,5.2,1
10677,27,Female,Divorced,92279.42,Full-time,Midwest,Yes,10.7,1
17588,23,Male,Married,45245.28,Full-time,Northeast,Yes,3.4,0
14177,48,Female,Married,72343.51,Full-time,Northeast,No,1.8,1
15530,41,Male,Married,69380.57,Contract,South,No,0.3,0
11045,57,Female,Single,86202.95,Full-time,West,No,6.5,1
13219,48,Male,Widowed,78772.11,Part-time,Midwest,No,0.4,0
17899,52,Female,Married,43900.52,Part-time,South,Yes,4.4,0
13419,38,Male,Divorced,72318.62,Part-time,Northeast,No,0.1,0
17375,44,Male,Single,47354.93,Part-time,West,No,6.1,0
11995,58,Male,Married,68260.34,Contract,West,Yes,6.4,1
10030,49,Female,Married,46577.69,Full-time,West,No,2.9,0
19397,22,Female,Single,86549.79,Full-time,Northeast,No,3.3,0
19003,39,Male,Divorced,64084.62,Full-time,Northeast,No,7.5,1
19610,50,Female,Single,91068.25,Full-time,South,No,7.0,1
19029,27,Male,Married,69640.27,Full-time,South,Yes,4.0,1
12872,42,Female,Single,76041.54,Part-time,South,No,10.6,0
13285,55,Female,Married,60829.1,Part-time,South,Yes,5.3,1
17803,26,Female,Married,85932.66,Full-time,Northeast,Yes,12.8,1
19402,36,Male,Married,102572.54,Full-time,Northeast,Yes,0.3,1
13618,34,Male,Single,81058.0,Full-time,South,Yes,2.7,1
11521,63,Female,Single,53731.37,Full-time,South,No,6.4,0
17316,55,Male,Single,73698.64,Part-time,Northeast,Yes,1.3,1
11055,35,Female,Married,60718.65,Full-time,West,No,9.4,1
17811,64,Female,Single,74202.42,Full-time,West,Yes,1.7,1
14893,43,Male,Single,50488.08,Contract,South,Yes,3.6,0
12217,36,Male,Single,66406.18,Full-time,South,Yes,6.5,1
18690,60,Male,Single,89841.82,Full-time,South,No,3.5,1
15251,48,Female,Married,47957.64,Full-time,Northeast,Yes,3.1,1
11180,40,Male,Married,63358.64,Contract,Northeast,No,1.2,0
12467,46,Male,Married,62445.92,Full-time,West,No,2.4,1
11462,49,Male,Married,85393.95,Part-time,South,Yes,1.6,1
11706,43,Male,Married,99344.59,Part-time,Northeast,No,21.5,0
10308,38,Female,Married,72710.9,Full-time,Midwest,No,10.1,1
17020,60,Female,Single,91353.66,Part-time,Northeast,Yes,1.1,1
13138,50,Male,Divorced,64875.26,Contract,Midwest,Yes,5.8,1
11514,48,Female,Married,59484.14,Full-time,South,Yes,1.6,1
19826,57,Male,Single,48731.81,Full-time,South,No,1.2,0
10385,51,Male,Married,75185.24,Full-time,Midwest,No,3.8,1
17824,59,Female,Single,67851.29,Full-time,South,No,4.2,1
16978,52,Male,Single,61339.07,Part-time,Northeast,Yes,8.2,1
18371,58,Female,Married,30768.62,Full-time,Northeast,Yes,4.2,1
11601,36,Female,Married,47731.29,Full-time,South,No,0.5,0
11820,60,Female,Widowed,79061.16,Part-time,Northeast,No,1.0,0
14114,46,Female,Married,72868.13,Full-time,Northeast,No,2.3,1
12685,64,Female,Single,63527.64,Full-time,West,Yes,7.8,1
12461,61,Male,Single,65368.44,Full-time,Northeast,Yes,5.1,1
19499,50,Female,Married,45151.99,Full-time,Northeast,No,5.8,0
17744,24,Male,Single,59075.9,Full-time,West,Yes,1.5,0
12847,25,Male,Married,60630.62,Full-time,South,Yes,1.8,1
12008,46,Female,Married,62113.21,Full-time,West,Yes,0.5,1
16250,37,Female,Single,69166.74,Full-time,South,Yes,0.7,1
11962,22,Female,Married,57020.58,Part-time,Northeast,Yes,0.9,0
14858,51,Female,Married,55276.17,Contract,Northeast,No,1.1,0
19043,29,Female,Widowed,71004.07,Full-time,Midwest,Yes,0.9,1
19004,45,Male,Married,83696.97,Full-time,Midwest,Yes,1.4,1
16828,58,Male,Divorced,49724.69,Contract,West,Yes,1.9,0
19702,60,Male,Divorced,61201.35,Full-time,West,No,1.2,1
15662,62,Female,Single,78905.2,Part-time,Midwest,Yes,3.0,1
12769,48,Male,Married,92419.67,Full-time,Northeast,Yes,1.7,1
16797,26,Male,Single,72321.05,Full-time,Northeast,Yes,7.1,1
14301,60,Male,Married,87759.56,Full-time,Midwest,No,4.7,1
12965,46,Male,Single,60549.14,Full-time,Northeast,Yes,9.4,1
11495,61,Male,Married,59029.45,Full-time,Northeast,Yes,2.1,1
13287,33,Male,Single,71599.47,Full-time,West,Yes,8.7,1
14720,22,Male,Single,71028.18,Full-time,Midwest,No,0.8,0
15693,37,Male,Divorced,52816.57,Full-time,Midwest,Yes,7.0,1
19239,40,Female,Married,40274.43,Contract,Northeast,No,3.7,0
18093,42,Male,Married,33798.45,Full-time,Midwest,No,3.4,0
12153,44,Female,Married,73431.11,Full-time,Midwest,Yes,8.9,1
15166,30,Male,Married,50739.3,Part-time,Midwest,Yes,0.3,0
14753,59,Male,Single,54673.73,Full-time,Midwest,No,0.9,0
17324,27,Male,Married,60982.3,Full-time,South,No,3.0,0
17861,55,Female,Married,63040.88,Full-time,South,No,0.7,1
13342,42,Female,Married,70957.41,Full-time,Midwest,Yes,5.3,1
14469,42,Female,Single,66281.49,Full-time,Midwest,Yes,3.4,1
17701,26,Female,Divorced,81292.47,Full-time,Midwest,Yes,0.1,1
12034,46,Male,Widowed,60799.14,Full-time,West,Yes,5.2,1
19690,36,Female,Married,64797.69,Full-time,West,No,10.5,1
19371,40,Female,Single,40042.02,Part-time,West,Yes,5.9,0
16138,24,Male,Married,79274.6,Full-time,Midwest,No,0.1,0
14043,47,Male,Single,85237.17,Full-time,South,Yes,3.9,1
11607,35,Male,Married,63770.08,Full-time,Midwest,No,0.6,1
15915,43,Male,Single,77432.55,Contract,West,Yes,0.4,1
10578,27,Other,Married,37441.47,Full-time,West,Yes,3.2,0
11418,27,Other,Married,63115.74,Full-time,West,Yes,3.8,1
15994,46,Male,Divorced,59568.84,Full-time,West,Yes,0.4,1
16642,26,Male,Single,78114.55,Contract,South,Yes,2.8,0
19561,52,Female,Married,70673.05,Full-time,South,No,5.4,1
11845,62,Female,Widowed,95760.18,Part-time,Midwest,No,9.0,0
18414,54,Female,Single,63060.46,Full-time,West,Yes,1.3,1
18044,46,Male,Single,41453.04,Full-time,West,Yes,1.6,1
14213,36,Female,Widowed,37010.96,Full-time,West,No,1.7,0
10477,38,Male,Married,103063.39,Full-time,West,Yes,5.4,1
15458,33,Female,Divorced,60635.65,Full-time,Northeast,Yes,1.4,1
15815,35,Male,Married,78258.85,Full-time,Northeast,No,7.2,1
11453,46,Male,Married,64608.51,Full-time,Northeast,No,13.1,1
18258,45,Female,Single,48691.3,Full-time,West,Yes,0.3,1
14963,37,Male,Widowed,63700.71,Part-time,West,Yes,2.1,1
15558,41,Male,Single,68737.29,Full-time,West,No,8.0,1
15373,53,Female,Single,64875.29,Full-time,Northeast,Yes,3.6,1
14326,45,Male,Married,81292.55,Full-time,Northeast,No,4.8,1
19775,38,Other,Married,63139.6,Full-time,South,Yes,2.3,1
10598,49,Female,Divorced,55467.53,Full-time,Northeast,Yes,5.4,1
10395,49,Male,Married,70050.74,Full-time,West,No,2.3,1
12611,54,Female,Married,59215.79,Full-time,Midwest,No,0.2,0
13719,33,Female,Married,36787.42,Contract,West,Yes,2.7,0
14750,37,Female,Single,64141.58,Full-time,West,Yes,4.5,1
13338,64,Male,Single,74197.29,Full-time,Midwest,No,0.3,1
13345,23,Male,Single,76801.58,Part-time,Northeast,No,0.2,0
15821,55,Male,Married,78794.11,Full-time,South,No,11.5,1
13242,25,Male,Single,76491.21,Full-time,Northeast,No,10.3,0
15597,55,Female,Single,58365.74,Full-time,South,Yes,1.7,1
10620,37,Female,Married,60564.05,Contract,South,Yes,0.8,1
12366,63,Female,Widowed,85970.46,Contract,South,Yes,0.4,1
18736,41,Other,Married,78845.14,Full-time,West,No,1.0,1
11097,43,Male,Single,62901.68,Full-time,Midwest,Yes,5.1,1
14961,24,Female,Divorced,58611.6,Part-time,Northeast,Yes,1.7,0
10535,33,Male,Single,59292.18,Full-time,Midwest,No,0.7,0
13181,54,Female,Married,85247.45,Full-time,Northeast,No,1.7,1
17561,55,Female,Married,57253.87,Full-time,Midwest,No,3.4,0
18968,39,Male,Single,77611.38,Full-time,South,No,8.4,1
10870,45,Other,Married,61841.33,Full-time,West,No,0.9,1
10594,60,Male,Married,65923.92,Full-time,West,Yes,4.1,1
16269,28,Female,Single,72400.09,Full-time,Northeast,Yes,0.2,1
14453,47,Male,Divorced,98977.23,Full-time,Midwest,No,8.6,1
11745,33,Male,Single,92141.63,Full-time,Northeast,No,1.4,1
19530,44,Female,Married,51506.98,Full-time,Northeast,Yes,0.4,1
12236,30,Male,Single,105244.52,Full-time,West,Yes,0.3,1
17286,41,Female,Single,54137.61,Contract,South,No,2.5,0
18883,28,Female,Single,83651.68,Contract,South,Yes,5.8,0
14175,59,Female,Married,46688.3,Full-time,West,No,2.1,0
14287,51,Male,Single,72310.86,Full-time,Northeast,Yes,5.9,1
19646,26,Male,Married,53208.74,Contract,Midwest,No,8.3,0
13650,32,Male,Married,73535.63,Full-time,South,No,4.4,1
18820,48,Male,Married,59854.29,Full-time,South,Yes,4.3,1
19727,43,Female,Single,84850.69,Part-time,Northeast,No,0.6,0
13956,25,Male,Divorced,88135.18,Contract,South,No,2.9,0
15240,37,Male,Single,70563.17,Full-time,Midwest,No,4.2,1
16270,22,Male,Single,71028.3,Full-time,West,Yes,6.6,1
19985,54,Male,Divorced,63828.47,Full-time,Northeast,Yes,4.6,1
14826,29,Female,Single,66763.4,Full-time,South,No,0.8,0
18500,46,Female,Married,69064.28,Part-time,West,No,2.2,0
18026,62,Other,Married,52697.78,Full-time,Midwest,Yes,0.4,1
14913,59,Male,Single,93997.35,Contract,Midwest,Yes,1.9,1
14382,36,Female,Single,43308.46,Full-time,Northeast,Yes,2.3,1
14079,62,Female,Single,48400.47,Part-time,Midwest,Yes,6.6,0
19092,35,Female,Married,82845.94,Part-time,Midwest,Yes,7.7,1
12953,28,Female,Single,67189.86,Full-time,West,No,0.9,0
10075,39,Female,Married,46802.18,Full-time,Midwest,Yes,4.2,1
16398,62,Female,Married,61795.4,Full-time,West,No,0.0,1
13411,29,Female,Single,90762.95,Part-time,Northeast,Yes,0.2,0
16865,63,Male,Married,57527.59,Full-time,Midwest,No,15.2,0
18467,60,Male,Married,78209.52,Full-time,Midwest,Yes,0.8,1
18904,22,Female,Widowed,69835.12,Part-time,South,Yes,11.9,0
19766,63,Male,Single,48842.12,Part-time,West,Yes,1.2,0
18517,60,Male,Single,93788.25,Contract,South,Yes,1.2,1
17319,33,Female,Married,46257.15,Part-time,West,Yes,0.7,0
13000,45,Female,Married,62013.04,Contract,Northeast,Yes,6.0,1
10815,64,Female,Single,79919.34,Contract,Northeast,No,3.7,0
18845,28,Female,Married,63978.94,Full-time,Northeast,Yes,3.2,1
14500,27,Male,Married,70569.6,Part-time,Northeast,Yes,2.5,0
15367,33,Female,Divorced,48889.72,Part-time,West,Yes,18.9,0
10355,57,Male,Married,69517.59,Part-time,South,No,1.6,0
18930,60,Female,Married,57739.96,Part-time,South,Yes,2.7,0
13216,32,Female,Single,76859.22,Full-time,West,No,3.0,1
16442,39,Female,Married,64225.21,Full-time,South,Yes,15.0,1
13860,45,Male,Married,53473.67,Full-time,South,No,4.8,0
12101,23,Male,Single,66626.6,Full-time,West,Yes,3.2,1
11468,33,Female,Married,71216.68,Full-time,Midwest,Yes,5.8,1
16344,22,Female,Married,78464.23,Full-time,Midwest,Yes,3.8,1
12550,33,Female,Married,57462.82,Full-time,Northeast,Yes,3.7,1
18174,47,Male,Divorced,63841.8,Contract,Northeast,No,9.6,0
10369,43,Male,Single,54100.75,Contract,West,Yes,7.2,0
18785,39,Female,Married,58692.89,Full-time,West,Yes,0.2,1
12585,45,Male,Married,38976.39,Part-time,Midwest,No,6.3,0
16462,33,Female,Married,83127.73,Full-time,Midwest,No,5.9,1
12127,29,Female,Single,74475.48,Contract,Northeast,Yes,4.4,0
11867,58,Female,Married,62046.91,Full-time,Midwest,Yes,1.1,1
19799,33,Male,Single,82146.71,Contract,West,Yes,10.5,1
11467,55,Male,Single,82890.16,Contract,West,No,5.9,0
16730,31,Female,Married,69385.42,Part-time,Midwest,Yes,9.8,1
18246,27,Male,Single,43413.88,Full-time,Northeast,No,5.5,0
11642,48,Female,Single,90187.99,Part-time,Northeast,No,11.2,0
12522,63,Female,Single,51799.96,Full-time,Northeast,Yes,0.8,1
12378,31,Male,Single,70085.31,Contract,Midwest,No,4.9,0
15926,64,Other,Married,63218.01,Full-time,Midwest,No,5.8,1
14381,34,Male,Divorced,58606.87,Full-time,Midwest,No,5.3,0
13839,41,Female,Married,63114.64,Full-time,South,No,2.1,1
16774,32,Male,Single,76613.09,Full-time,Midwest,Yes,7.3,1
18173,44,Female,Single,71656.4,Full-time,West,No,6.4,1
13303,57,Female,Married,65337.61,Part-time,South,No,4.6,0
11979,31,Male,Single,76015.06,Full-time,Northeast,Yes,2.5,1
12067,47,Male,Married,52646.02,Full-time,West,Yes,6.0,1
19082,26,Female,Divorced,66185.5,Full-time,Midwest,Yes,8.2,1
12353,56,Female,Single,63389.05,Full-time,Northeast,Yes,4.0,1
18105,30,Female,Widowed,95461.09,Full-time,Midwest,Yes,8.0,1
17577,63,Female,Married,72414.09,Full-time,Midwest,Yes,3.9,1
12112,45,Male,Married,83697.2,Part-time,West,Yes,5.4,1
16685,26,Male,Single,63107.16,Full-time,West,No,1.3,0
15961,49,Female,Married,33053.48,Contract,Midwest,No,3.8,0
12336,59,Male,Single,79422.28,Contract,Northeast,Yes,7.0,1
10936,56,Male,Married,59933.46,Full-time,Northeast,No,2.0,0
16470,23,Male,Single,57014.47,Full-time,Midwest,Yes,0.3,0
17437,47,Female,Single,70695.76,Full-time,West,No,2.8,1
14488,54,Male,Single,56625.49,Contract,Midwest,Yes,0.5,0
11726,33,Female,Single,55219.25,Part-time,South,Yes,3.7,0
13318,28,Female,Married,45297.45,Part-time,Northeast,No,11.5,0
16974,43,Female,Single,94847.68,Full-time,West,No,14.5,1
19655,61,Female,Married,62539.96,Part-time,West,Yes,0.9,1
15730,63,Female,Married,70986.78,Full-time,Midwest,Yes,10.9,1
19223,56,Female,Single,74515.88,Full-time,South,Yes,10.8,1
16996,57,Female,Single,73593.64,Part-time,Midwest,Yes,5.5,1
19460,48,Male,Single,60033.46,Full-time,Midwest,Yes,0.8,1
15495,38,Male,Married,58523.86,Full-time,Northeast,No,6.8,0
17846,35,Female,Single,102042.51,Full-time,West,No,9.0,1
16190,27,Male,Married,59286.04,Full-time,South,No,6.8,0
14877,64,Female,Divorced,58804.59,Full-time,Northeast,Yes,0.3,1
19358,57,Female,Single,34249.45,Full-time,West,Yes,4.1,1
10580,40,Female,Single,90695.59,Full-time,Northeast,No,0.2,1
13569,34,Female,Widowed,89067.84,Full-time,Northeast,No,3.3,1
10981,28,Male,Single,43358.02,Full-time,South,Yes,4.4,0
12667,49,Male,Single,58781.99,Full-time,South,No,13.6,0
18440,57,Female,Widowed,50182.72,Full-time,South,No,0.1,0
13501,42,Male,Single,51239.61,Full-time,West,Yes,2.7,1
11167,25,Male,Married,69561.24,Full-time,South,Yes,2.7,1
17605,22,Male,Married,78808.26,Full-time,West,No,2.9,0
14304,49,Female,Single,96284.43,Full-time,Midwest,No,8.1,1
12463,30,Female,Married,73667.92,Full-time,Northeast,No,1.5,0
12623,47,Female,Married,83465.33,Full-time,Midwest,Yes,2.9,1
10836,24,Male,Single,65574.42,Full-time,South,Yes,11.3,1
12288,40,Other,Divorced,61546.47,Full-time,South,Yes,0.8,1
12202,42,Female,Married,63737.11,Full-time,Northeast,Yes,2.2,1
10603,53,Female,Single,49304.83,Full-time,Midwest,Yes,5.8,1
18697,59,Female,Single,82263.15,Contract,Northeast,No,10.1,0
11846,22,Male,Married,63856.16,Full-time,South,Yes,9.4,1
13897,60,Male,Married,30756.89,Full-time,Midwest,Yes,3.5,1
17073,55,Female,Married,52471.29,Part-time,South,No,2.4,0
19301,38,Male,Married,75474.18,Contract,West,Yes,7.0,1
16062,23,Male,Single,90714.9,Part-time,West,Yes,1.1,0
13753,43,Female,Single,73161.61,Full-time,Midwest,No,10.4,1
19244,24,Male,Married,64952.04,Full-time,Northeast,No,6.5,0
18438,46,Female,Single,61262.34,Full-time,South,Yes,0.0,1
19886,54,Female,Single,57416.0,Full-time,Midwest,Yes,2.1,1
16850,58,Other,Married,65859.35,Full-time,Northeast,No,1.2,1
12333,23,Female,Single,39115.93,Full-time,West,No,8.2,0
15866,37,Female,Single,47479.64,Full-time,South,Yes,18.3,1
13078,34,Female,Single,81640.9,Full-time,Midwest,Yes,0.3,1
14576,46,Male,Married,56482.57,Full-time,Midwest,Yes,1.1,1
17531,41,Male,Single,71221.7,Full-time,South,No,0.5,1
15068,36,Female,Married,71467.78,Part-time,West,Yes,5.1,1
10145,53,Male,Single,62518.04,Full-time,South,Yes,0.6,1
15748,24,Female,Single,87775.31,Full-time,South,Yes,10.2,1
11705,47,Male,Married,56826.82,Full-time,West,Yes,2.7,1
17155,50,Male,Single,43015.68,Contract,West,No,5.7,0
12003,42,Female,Single,63196.88,Full-time,South,No,0.9,1
17957,49,Other,Single,39496.51,Full-time,South,Yes,7.1,1
16629,28,Male,Married,79793.87,Full-time,Northeast,Yes,1.5,1
12360,61,Male,Single,61612.43,Full-time,South,Yes,1.5,1
12238,42,Male,Married,58045.8,Part-time,Northeast,No,1.6,0
10625,53,Female,Single,66237.86,Part-time,Northeast,No,6.7,0
17051,41,Male,Married,60205.41,Contract,Midwest,Yes,1.4,1
17733,63,Female,Single,94611.75,Full-time,West,Yes,1.6,1
18743,48,Female,Single,55144.16,Full-time,Midwest,Yes,4.6,1
15528,29,Female,Single,82269.2,Full-time,South,Yes,2.0,1
16615,23,Female,Married,74013.42,Full-time,South,No,3.2,0
17190,46,Male,Married,57934.35,Contract,West,Yes,2.7,0
13409,60,Female,Married,73191.9,Full-time,South,No,6.2,1
14617,49,Male,Married,66297.99,Full-time,Midwest,Yes,4.1,1
18805,61,Female,Single,71674.49,Full-time,Midwest,Yes,16.1,1
11435,24,Other,Single,71834.91,Full-time,Northeast,Yes,17.7,1
18685,25,Male,Married,92683.34,Full-time,Midwest,Yes,0.5,1
11140,40,Male,Married,55173.74,Part-time,South,Yes,4.8,0
12690,28,Female,Single,74975.17,Full-time,Northeast,No,16.4,0
19107,51,Female,Single,65035.01,Full-time,Northeast,Yes,4.1,1
14437,63,Female,Single,74390.05,Part-time,South,Yes,3.7,1
10018,23,Male,Divorced,71795.67,Contract,South,Yes,1.1,0
19870,60,Male,Married,69422.51,Full-time,Midwest,Yes,2.3,1
15776,30,Female,Widowed,61029.82,Part-time,Midwest,Yes,0.1,0
19298,36,Female,Divorced,70119.55,Full-time,South,Yes,5.4,1
16843,57,Male,Single,76780.99,Full-time,Midwest,No,1.9,1
15145,59,Female,Single,65724.49,Full-time,West,No,0.5,1
17650,28,Male,Married,43572.34,Part-time,South,No,17.7,0
17130,36,Female,Divorced,60870.65,Full-time,West,Yes,3.2,1
19762,46,Male,Divorced,65467.65,Full-time,West,Yes,9.3,1
12331,43,Female,Married,59648.78,Part-time,Northeast,Yes,5.8,0
16311,27,Male,Widowed,42407.35,Full-time,West,No,10.1,0
11749,46,Male,Widowed,55362.72,Full-time,Midwest,Yes,0.3,1
19251,30,Female,Married,78771.87,Full-time,Northeast,Yes,9.5,1
10078,46,Female,Single,80877.75,Full-time,Midwest,No,17.7,1
10672,55,Male,Married,78737.8,Part-time,South,No,3.5,0
15128,24,Male,Single,62924.44,Contract,Midwest,Yes,2.4,0
11192,44,Female,Married,45457.74,Full-time,Midwest,Yes,6.3,1
17779,61,Female,Married,85051.51,Full-time,West,No,0.1,1
17839,35,Male,Divorced,34541.98,Full-time,Midwest,Yes,4.6,1
14293,31,Male,Married,48399.09,Full-time,West,Yes,1.2,1
17990,56,Female,Married,45907.41,Full-time,West,Yes,5.0,1
11557,51,Female,Married,62730.43,Part-time,Northeast,Yes,3.3,1
17594,57,Male,Divorced,86112.45,Full-time,Midwest,No,0.7,1
19302,45,Female,Married,85533.9,Part-time,Midwest,Yes,2.0,1
11271,55,Female,Divorced,87564.62,Part-time,West,Yes,0.4,1
11464,30,Male,Single,75840.66,Contract,Northeast,No,2.8,0
16059,31,Male,Divorced,69899.68,Part-time,Midwest,No,2.7,0
15872,46,Female,Single,73613.61,Full-time,Northeast,Yes,0.2,1
13290,60,Female,Single,76153.27,Part-time,Northeast,Yes,22.0,1
15689,35,Male,Married,74705.1,Full-time,West,Yes,1.2,1
14805,52,Male,Married,64195.78,Part-time,Northeast,Yes,0.2,1
15056,38,Male,Single,41194.96,Full-time,Northeast,Yes,0.9,1
12358,55,Male,Married,70420.98,Full-time,Northeast,Yes,1.6,1
14808,60,Male,Divorced,34114.35,Full-time,Northeast,No,1.0,0
18630,40,Female,Married,61162.53,Full-time,Northeast,Yes,5.1,1
10381,60,Male,Widowed,95859.49,Full-time,South,Yes,6.2,1
10021,59,Male,Married,59879.08,Full-time,Northeast,No,0.5,0
18451,34,Female,Single,59950.54,Full-time,West,Yes,2.2,1
13730,25,Female,Single,74792.3,Full-time,Midwest,Yes,1.1,1
11603,50,Female,Single,70144.23,Part-time,Midwest,Yes,9.8,1
10334,43,Male,Single,43745.88,Part-time,West,No,1.5,0
10513,62,Male,Divorced,66365.28,Part-time,Northeast,Yes,0.8,1
16954,45,Female,Married,78102.88,Part-time,South,No,3.0,0
15307,50,Female,Single,62884.27,Contract,West,Yes,0.5,1
15073,27,Female,Married,87030.97,Contract,South,Yes,1.6,0
11455,25,Other,Married,61612.23,Full-time,South,Yes,0.6,1
16085,24,Female,Single,69490.53,Full-time,West,Yes,3.8,1
17122,38,Female,Married,92054.82,Full-time,Northeast,Yes,5.2,1
11157,49,Male,Single,91165.77,Full-time,Midwest,Yes,14.9,1
13871,27,Female,Married,50418.41,Full-time,Northeast,No,1.3,0
10454,48,Female,Single,45233.33,Full-time,Midwest,Yes,0.3,1
19983,35,Male,Married,70389.12,Full-time,South,No,3.0,1
14730,39,Male,Married,56394.4,Full-time,Northeast,No,6.6,0
19370,28,Female,Married,59549.02,Full-time,South,No,1.2,0
15267,57,Female,Single,61528.64,Full-time,Northeast,Yes,1.5,1
13043,27,Female,Divorced,53189.76,Part-time,Northeast,Yes,3.4,0
19644,40,Female,Divorced,73170.73,Full-time,Northeast,No,0.2,1
19019,26,Male,Married,76756.37,Part-time,Northeast,Yes,0.2,0
14894,59,Male,Divorced,36065.09,Part-time,Midwest,Yes,5.7,0
15685,57,Male,Single,56243.05,Contract,South,No,1.3,0
13561,22,Female,Single,56333.94,Full-time,Midwest,Yes,0.2,0
15610,60,Male,Married,50232.38,Full-time,Northeast,No,5.1,0
10092,29,Female,Married,51144.47,Full-time,Midwest,Yes,7.9,0
16267,54,Male,Single,74139.17,Full-time,South,Yes,0.4,1
18670,54,Male,Single,54652.85,Part-time,Northeast,Yes,12.3,0
18497,53,Male,Married,51978.84,Full-time,Midwest,Yes,4.0,1
18752,23,Male,Divorced,57128.9,Full-time,Northeast,No,6.0,0
18453,59,Female,Married,48849.71,Full-time,Northeast,No,0.5,0
14178,29,Male,Married,71066.97,Full-time,Northeast,Yes,4.8,1
17323,32,Male,Widowed,86429.6,Part-time,South,Yes,5.0,1
12903,22,Female,Divorced,61632.03,Full-time,South,No,0.2,0
14357,35,Female,Single,42271.94,Full-time,Northeast,No,1.1,0
14417,50,Male,Single,75853.16,Contract,West,No,2.7,0
17509,57,Male,Married,69342.58,Full-time,West,No,2.5,1
19339,23,Male,Single,90474.48,Full-time,South,Yes,1.2,1
19065,42,Female,Single,47383.89,Full-time,Midwest,No,6.0,0
15978,40,Female,Single,62413.6,Full-time,South,No,11.5,1
11345,44,Male,Single,67270.21,Part-time,Northeast,Yes,0.8,1
15029,29,Female,Divorced,58870.7,Part-time,Northeast,Yes,5.4,0
19949,46,Other,Married,76177.27,Full-time,South,Yes,1.3,1
19486,32,Female,Widowed,76632.0,Full-time,West,Yes,0.8,1
13550,45,Male,Married,84668.19,Full-time,Northeast,No,0.8,1
11771,33,Female,Widowed,65073.29,Full-time,West,Yes,3.2,1
10644,30,Male,Married,53236.14,Full-time,Northeast,Yes,7.1,0
17173,25,Female,Single,88306.53,Full-time,Midwest,Yes,1.8,1
12392,26,Male,Single,70033.03,Full-time,West,No,12.2,0
19415,39,Male,Single,72669.14,Full-time,South,No,4.6,1
11215,46,Male,Single,80715.87,Part-time,South,Yes,0.5,1
12900,27,Other,Married,83811.04,Full-time,West,Yes,0.5,1
18660,57,Male,Single,47350.28,Full-time,Northeast,No,3.0,0
16859,37,Male,Married,92834.54,Part-time,West,Yes,7.8,1
16433,55,Male,Married,62353.35,Full-time,Northeast,No,11.1,1
11818,41,Female,Married,83711.59,Part-time,Northeast,No,8.4,0
10799,29,Female,Married,52029.43,Contract,Northeast,Yes,8.6,0
13314,48,Female,Single,63333.37,Full-time,South,Yes,2.5,1
14366,51,Male,Married,91856.13,Contract,West,Yes,8.3,1
17468,52,Male,Married,66869.95,Part-time,West,Yes,5.3,1
14736,36,Female,Married,53889.68,Part-time,South,No,2.5,0
10879,27,Female,Divorced,78290.0,Full-time,Midwest,Yes,2.9,1
18394,46,Female,Married,91696.15,Full-time,Northeast,No,2.1,1
16390,23,Female,Married,96750.18,Full-time,South,Yes,5.8,1
13762,49,Female,Married,48354.53,Part-time,Midwest,Yes,0.7,0
17780,53,Female,Single,71783.31,Full-time,Midwest,Yes,3.5,1
10112,43,Male,Married,56787.21,Part-time,Northeast,Yes,2.1,0
15336,28,Male,Married,85801.9,Full-time,Northeast,Yes,5.0,1
11119,50,Female,Married,77631.44,Part-time,West,No,2.6,0
15727,52,Female,Married,47164.87,Full-time,Northeast,Yes,2.9,1
13926,45,Male,Married,47148.52,Full-time,Midwest,No,3.0,0
10070,35,Male,Married,45241.71,Full-time,South,Yes,5.8,1
13266,57,Male,Divorced,63834.27,Contract,Northeast,Yes,11.2,1
16280,54,Male,Single,76599.59,Full-time,Midwest,Yes,2.4,1
13499,44,Female,Divorced,69833.83,Full-time,Midwest,No,4.8,1
11477,45,Female,Single,60579.39,Full-time,Midwest,No,6.0,1
19215,56,Female,Married,75074.56,Full-time,Midwest,No,4.9,1
18629,39,Male,Single,41728.83,Full-time,Midwest,Yes,0.1,1
13466,38,Female,Married,73420.53,Full-time,Northeast,No,4.1,1
18237,28,Female,Single,82028.48,Full-time,Midwest,No,0.4,0
12410,61,Male,Married,62564.77,Full-time,South,Yes,3.0,1
16299,36,Female,Single,59509.24,Full-time,West,No,4.5,0
17528,33,Female,Married,82890.77,Part-time,Northeast,No,0.5,0
15406,34,Female,Married,98057.78,Full-time,West,No,5.3,1
10757,37,Male,Married,48584.73,Full-time,Northeast,No,0.6,0
18126,53,Male,Single,93705.69,Part-time,South,No,12.5,0
13362,46,Female,Single,50682.41,Full-time,Midwest,Yes,8.0,1
16117,38,Male,Married,94800.66,Part-time,Midwest,Yes,4.4,1
13594,49,Female,Single,68093.68,Part-time,West,Yes,2.5,1
18116,55,Female,Divorced,80255.84,Full-time,Northeast,Yes,1.2,1
12074,60,Male,Divorced,39077.65,Full-time,Northeast,No,2.5,0
11791,27,Male,Divorced,83385.85,Full-time,South,Yes,0.9,1
12800,36,Female,Married,82305.22,Full-time,Northeast,Yes,3.5,1
18101,48,Female,Single,67849.33,Full-time,South,No,1.4,1
15465,37,Male,Married,59556.63,Full-time,South,No,7.1,0
11860,49,Male,Married,57610.77,Part-time,Midwest,Yes,2.4,0
18005,29,Male,Single,40170.14,Full-time,Northeast,Yes,8.3,0
16894,64,Other,Single,83717.96,Full-time,Midwest,No,6.1,1
16378,44,Other,Married,75618.87,Full-time,South,Yes,11.6,1
10622,32,Male,Single,68903.13,Part-time,Midwest,No,27.2,0
10770,50,Male,Single,82346.85,Full-time,West,Yes,1.3,1
15812,34,Female,Single,69679.89,Part-time,Northeast,No,7.9,0
16420,54,Female,Single,63679.03,Full-time,Midwest,No,0.9,1
18295,55,Male,Single,86073.2,Full-time,Midwest,Yes,3.3,1
16448,53,Male,Single,53174.84,Full-time,Northeast,Yes,4.2,1
18291,29,Male,Single,30995.96,Contract,Northeast,No,2.9,0
14144,40,Female,Single,62569.39,Full-time,Northeast,Yes,6.8,1
16862,61,Female,Single,65176.92,Part-time,Northeast,Yes,7.9,1
11213,61,Male,Single,68685.11,Part-time,West,No,7.0,0
19182,47,Female,Married,50564.72,Full-time,West,Yes,0.1,1
13031,48,Male,Married,73465.6,Full-time,Northeast,Yes,0.5,1
10128,36,Female,Single,57359.65,Full-time,West,Yes,1.7,1
10201,32,Female,Married,62577.91,Full-time,South,Yes,0.2,1
19081,22,Male,Single,49339.02,Contract,South,Yes,4.8,0
19134,53,Male,Single,68290.83,Full-time,South,Yes,0.0,1
12357,25,Female,Single,70825.09,Full-time,South,Yes,4.1,1
15979,39,Male,Widowed,53826.84,Full-time,South,Yes,1.1,1
12078,40,Female,Divorced,63097.0,Full-time,South,No,2.3,1
19276,30,Female,Married,37094.9,Full-time,Northeast,Yes,1.7,0
12773,47,Female,Single,72287.5,Part-time,Midwest,Yes,7.0,1
11065,57,Female,Married,70413.93,Full-time,Northeast,No,2.9,1
10233,32,Female,Single,23468.65,Full-time,Northeast,No,2.1,0
15018,30,Male,Divorced,47503.83,Full-time,Midwest,No,7.1,0
13724,40,Female,Married,82297.02,Full-time,West,Yes,3.1,1
11824,49,Female,Single,62856.04,Full-time,South,No,0.5,1
17699,55,Male,Married,72997.41,Contract,Northeast,Yes,1.7,1
11583,50,Male,Single,67992.36,Full-time,South,Yes,1.2,1
15533,32,Other,Divorced,79052.01,Full-time,South,Yes,6.1,1
17903,37,Female,Divorced,40947.03,Contract,West,Yes,2.0,0
12975,49,Other,Divorced,71797.59,Part-time,Midwest,Yes,5.8,1
16884,32,Female,Married,66208.56,Full-time,Northeast,Yes,5.7,1
15057,38,Female,Married,39236.93,Part-time,South,No,2.3,0
18058,44,Female,Single,51464.28,Full-time,West,Yes,3.3,1
13004,44,Female,Single,50930.14,Full-time,Northeast,Yes,5.0,1
17907,45,Male,Divorced,48460.79,Part-time,South,Yes,3.6,0
18686,32,Female,Married,38812.09,Part-time,West,No,10.6,0
18201,40,Female,Married,50541.66,Full-time,South,Yes,6.5,1
17093,40,Female,Widowed,65323.27,Part-time,Northeast,Yes,2.6,1
19157,30,Female,Single,64489.89,Full-time,Midwest,Yes,10.1,1
18528,29,Male,Married,73364.32,Full-time,South,Yes,4.7,1
14608,54,Male,Married,61977.37,Full-time,Midwest,No,8.3,1
15139,60,Male,Single,94534.73,Contract,Northeast,Yes,0.1,1
12930,35,Other,Married,78319.31,Full-time,Northeast,Yes,0.8,1
14810,25,Male,Married,43027.64,Full-time,Northeast,Yes,5.1,0
15233,63,Female,Single,73650.32,Full-time,Northeast,Yes,0.5,1
12664,63,Female,Married,85112.32,Full-time,Northeast,Yes,10.6,1
15183,53,Male,Single,53416.87,Part-time,South,Yes,1.9,0
13947,33,Male,Single,74682.04,Full-time,Northeast,Yes,1.0,1
18821,58,Male,Married,66081.19,Full-time,South,Yes,2.9,1
16675,60,Male,Single,73911.47,Full-time,South,Yes,1.3,1
18518,58,Other,Married,75960.71,Part-time,West,Yes,3.9,1
17714,30,Male,Single,84912.66,Full-time,Northeast,No,7.4,0
15524,23,Male,Married,69773.68,Full-time,Midwest,Yes,3.2,1
17217,35,Male,Married,51071.47,Full-time,Northeast,No,0.3,0
14226,42,Male,Single,68914.8,Full-time,South,Yes,15.6,1
15141,37,Female,Single,51748.07,Full-time,South,Yes,4.8,1
15910,43,Male,Divorced,52901.21,Part-time,West,Yes,6.3,0
14923,62,Male,Single,53290.44,Part-time,Northeast,No,7.0,0
12781,27,Male,Married,76198.12,Full-time,South,No,0.6,0
17974,59,Male,Single,88560.65,Part-time,Midwest,Yes,1.4,1
19625,48,Male,Married,75110.4,Contract,West,No,0.3,0
12639,58,Female,Married,64740.24,Full-time,Northeast,No,6.4,1
12273,53,Male,Married,50485.84,Full-time,South,Yes,0.7,1
17256,61,Other,Married,57345.5,Full-time,Midwest,Yes,1.5,1
16411,36,Female,Divorced,61671.12,Part-time,West,Yes,0.9,1
11437,26,Female,Married,53787.28,Full-time,Northeast,Yes,1.4,0
14483,45,Female,Married,81084.92,Full-time,Midwest,Yes,0.9,1
15105,38,Male,Married,86179.43,Full-time,West,Yes,4.7,1
15202,30,Male,Single,58341.53,Full-time,South,No,1.8,0
12117,63,Male,Single,80874.34,Full-time,West,No,3.8,1
17672,36,Female,Single,72486.55,Full-time,Northeast,Yes,6.0,1
13917,46,Male,Single,76193.41,Part-time,South,Yes,5.8,1
10724,55,Female,Married,64447.2,Full-time,Midwest,Yes,2.1,1
19973,59,Female,Single,51889.95,Contract,South,Yes,0.1,0
14089,27,Male,Single,45353.25,Contract,South,Yes,3.9,0
13717,56,Male,Single,79378.85,Full-time,Midwest,Yes,1.2,1
15108,22,Female,Single,57504.4,Full-time,Midwest,Yes,3.3,0
13697,34,Female,Married,64514.55,Full-time,West,Yes,1.9,1
14046,38,Female,Single,68121.6,Part-time,Northeast,Yes,14.8,1
18577,41,Female,Married,85754.97,Full-time,Northeast,Yes,4.2,1
11504,37,Female,Single,67825.16,Full-time,Northeast,No,22.3,1
16728,59,Female,Widowed,59043.88,Part-time,West,No,1.6,0
17044,22,Female,Married,56081.21,Part-time,Midwest,Yes,1.8,0
14748,39,Male,Single,49743.91,Full-time,South,No,12.1,0
13456,62,Female,Married,35105.52,Full-time,Midwest,No,0.2,0
13384,59,Female,Divorced,80974.83,Full-time,West,Yes,2.2,1
19831,62,Male,Divorced,32009.93,Full-time,Northeast,Yes,5.7,1
12669,56,Male,Married,77370.9,Full-time,Midwest,Yes,2.3,1
10133,60,Female,Married,55072.17,Full-time,Northeast,No,0.9,0
10762,25,Female,Single,53350.82,Contract,South,No,1.1,0
18893,23,Male,Single,53766.06,Full-time,South,Yes,0.2,0
19888,37,Female,Single,85510.57,Full-time,West,Yes,2.6,1
19232,55,Female,Single,66990.3,Full-time,Midwest,Yes,0.4,1
17017,29,Female,Single,62662.78,Full-time,South,Yes,0.7,1
14349,30,Female,Single,71334.92,Full-time,South,Yes,0.4,1
16780,61,Female,Married,67444.0,Full-time,West,Yes,4.8,1
18082,37,Female,Married,58861.5,Part-time,West,Yes,5.4,0
18265,28,Male,Divorced,60387.92,Full-time,Midwest,Yes,1.6,1
12383,55,Female,Married,39744.78,Full-time,Northeast,No,2.4,0
10290,43,Female,Single,48212.57,Full-time,Midwest,No,5.3,0
18272,56,Female,Single,75916.0,Part-time,South,No,6.1,0
13602,51,Male,Single,77427.99,Full-time,Northeast,No,1.5,1
12158,26,Male,Divorced,62482.38,Full-time,Midwest,Yes,1.7,1
12646,47,Male,Married,64512.11,Full-time,Midwest,No,3.2,1
10749,55,Female,Divorced,38671.7,Full-time,Midwest,No,0.7,0
10688,31,Male,Married,53888.83,Part-time,South,Yes,2.0,0
15337,25,Female,Single,70390.9,Contract,Northeast,Yes,1.7,0
14052,26,Male,Married,31366.85,Full-time,Northeast,No,1.3,0
19183,63,Male,Married,93782.64,Contract,South,Yes,2.4,1
10005,29,Male,Single,63404.63,Contract,Midwest,Yes,10.0,0
14092,31,Male,Married,56353.92,Full-time,Northeast,No,8.9,0
17299,26,Female,Single,52390.62,Full-time,South,Yes,5.1,0
15626,28,Male,Married,67408.28,Full-time,West,Yes,2.0,1
18477,45,Male,Married,64660.26,Full-time,South,No,1.4,1
19272,34,Female,Married,53943.62,Full-time,West,Yes,0.8,1
19729,48,Male,Married,76467.92,Full-time,South,Yes,3.4,1
13913,31,Female,Single,91291.49,Full-time,West,Yes,3.3,1
11230,63,Male,Single,43273.31,Full-time,South,Yes,5.2,1
11768,36,Female,Married,73432.14,Full-time,West,Yes,1.5,1
16247,26,Female,Single,69587.66,Part-time,Northeast,Yes,1.4,0
11965,36,Female,Divorced,75304.76,Part-time,West,Yes,4.6,1
14276,44,Female,Single,57539.89,Contract,West,Yes,0.9,0
10100,49,Male,Married,68903.06,Full-time,Midwest,Yes,5.3,1
11280,64,Female,Married,47715.32,Full-time,South,Yes,0.5,1
16189,36,Female,Widowed,88330.63,Full-time,Northeast,No,0.2,1
13224,36,Female,Widowed,98054.85,Contract,South,Yes,0.2,1
15430,55,Female,Single,58350.53,Full-time,South,Yes,2.0,1
17259,46,Female,Single,69619.94,Full-time,West,Yes,3.5,1
18302,35,Female,Married,38921.51,Part-time,West,Yes,1.7,0
18513,28,Male,Single,99654.24,Full-time,Northeast,Yes,3.0,1
11951,34,Female,Married,43797.77,Part-time,West,No,2.1,0
17627,42,Male,Divorced,74291.37,Full-time,Northeast,Yes,0.7,1
13360,22,Female,Single,70423.44,Full-time,Northeast,Yes,2.4,1
15050,38,Male,Married,65464.63,Full-time,Midwest,No,1.0,1
10657,31,Female,Married,79357.44,Full-time,West,Yes,2.5,1
19058,39,Male,Married,42707.08,Contract,South,No,6.4,0
14054,47,Female,Single,72708.64,Full-time,Northeast,Yes,2.6,1
17940,43,Female,Married,69544.43,Part-time,Midwest,Yes,6.5,1
10984,36,Female,Married,83186.76,Full-time,South,Yes,1.1,1
11479,59,Female,Married,53373.54,Full-time,Northeast,Yes,1.4,1
10025,33,Female,Divorced,66404.88,Contract,Midwest,Yes,0.4,1
15592,47,Female,Married,43663.13,Full-time,South,Yes,3.5,1
13198,56,Male,Married,70772.5,Full-time,Midwest,Yes,0.1,1
13146,62,Male,Married,68802.82,Part-time,South,No,3.6,0
18412,36,Female,Single,67241.54,Full-time,Midwest,Yes,10.5,1
14407,57,Male,Married,79391.48,Full-time,Midwest,Yes,1.1,1
10190,58,Male,Married,61356.67,Part-time,South,No,6.8,0
17929,63,Male,Married,79080.4,Full-time,West,No,10.7,1
11734,37,Female,Married,89882.75,Part-time,South,Yes,1.6,1
14273,44,Male,Married,77246.19,Contract,Midwest,Yes,11.6,1
13826,33,Male,Married,18935.17,Full-time,West,No,1.4,0
13498,31,Male,Single,69126.4,Full-time,Northeast,Yes,1.6,1
13929,36,Male,Married,71023.06,Full-time,West,No,4.5,1
15845,39,Female,Single,52394.1,Full-time,Midwest,No,19.3,0
10444,53,Male,Single,76498.34,Full-time,West,Yes,0.8,1
11641,36,Male,Married,63466.09,Full-time,Midwest,Yes,5.5,1
11507,54,Female,Married,46312.63,Part-time,Midwest,Yes,0.4,0
18267,42,Female,Divorced,60655.89,Full-time,South,No,4.1,1
12128,54,Male,Married,54077.53,Full-time,West,Yes,1.1,1
14626,57,Male,Single,73353.85,Part-time,South,Yes,2.5,1
11323,39,Female,Divorced,80920.17,Part-time,South,No,1.7,0
19054,59,Male,Single,66833.18,Full-time,Midwest,No,1.9,1
18847,57,Female,Married,63947.1,Full-time,Midwest,Yes,0.6,1
13782,55,Male,Single,98966.54,Full-time,Northeast,Yes,3.4,1
10588,34,Female,Divorced,76777.32,Contract,South,No,1.6,0
13813,62,Male,Single,54005.25,Part-time,Midwest,Yes,1.6,0
13231,56,Female,Widowed,70466.78,Full-time,South,Yes,3.9,1
15842,26,Male,Married,65758.52,Full-time,Northeast,Yes,0.9,1
18887,26,Male,Married,61798.69,Part-time,South,No,8.2,0
16518,50,Male,Single,66256.59,Part-time,South,No,1.4,0
11326,36,Female,Married,68469.15,Part-time,Northeast,Yes,6.0,1
10835,31,Female,Single,64622.95,Full-time,South,No,2.5,1
16771,51,Male,Married,34877.0,Part-time,Midwest,Yes,1.5,0
15798,59,Male,Married,75802.51,Full-time,Northeast,Yes,3.6,1
18900,33,Male,Single,49885.55,Full-time,Midwest,No,0.5,0
16016,31,Female,Married,58840.15,Part-time,Midwest,No,4.1,0
18158,36,Other,Married,89710.19,Full-time,Northeast,Yes,1.5,1
19948,50,Male,Single,48071.03,Contract,West,Yes,0.6,0
19994,26,Other,Married,65642.42,Full-time,West,Yes,1.2,1
18091,33,Male,Married,56806.9,Full-time,West,Yes,1.9,1
13044,47,Female,Widowed,76150.48,Full-time,Midwest,No,14.0,1
13978,27,Male,Single,40205.35,Full-time,West,Yes,14.2,0
14390,35,Female,Married,77553.93,Part-time,West,No,4.2,0
16712,42,Male,Single,81416.37,Full-time,Midwest,Yes,5.1,1
19048,25,Female,Married,66194.6,Full-time,West,No,6.1,0
11138,31,Other,Married,89971.19,Contract,Midwest,No,0.3,0
12328,35,Male,Married,52950.31,Part-time,Midwest,No,5.2,0
12332,26,Female,Married,92228.15,Part-time,Midwest,Yes,1.1,0
19118,46,Female,Married,64380.94,Full-time,Midwest,Yes,0.6,1
16945,59,Male,Single,49797.86,Full-time,Northeast,Yes,1.5,1
12870,51,Female,Divorced,57751.79,Full-time,South,No,2.4,0
18592,54,Male,Widowed,94462.12,Part-time,Northeast,Yes,0.9,1
10109,58,Male,Married,52367.63,Full-time,West,No,10.7,0
18281,29,Female,Single,56409.38,Part-time,West,Yes,0.1,0
15728,58,Female,Divorced,48422.73,Full-time,Midwest,No,5.2,0
13087,29,Female,Single,49535.78,Full-time,South,Yes,2.5,0
12502,36,Female,Single,63845.37,Part-time,West,No,2.1,0
11741,63,Male,Single,33761.99,Full-time,West,Yes,0.9,1
19343,29,Male,Single,63604.76,Full-time,West,No,1.5,0
13983,33,Male,Married,73164.51,Full-time,Midwest,No,5.6,1
14998,25,Male,Divorced,76712.11,Contract,South,Yes,2.2,0
16350,35,Female,Single,45287.64,Full-time,West,No,3.0,0
14680,58,Female,Widowed,78041.4,Full-time,West,Yes,2.3,1
17554,37,Female,Single,106046.67,Part-time,Midwest,Yes,4.5,1
19468,35,Male,Single,60921.15,Full-time,Midwest,Yes,4.2,1
12702,47,Female,Divorced,59323.6,Part-time,South,Yes,0.1,0
16165,28,Female,Single,89321.13,Full-time,Northeast,Yes,1.3,1
13277,29,Female,Married,66983.25,Part-time,West,Yes,0.0,0
10699,61,Male,Single,60515.1,Part-time,West,Yes,1.0,1
17630,52,Female,Married,86536.96,Part-time,Northeast,No,3.6,0
11819,23,Female,Married,65343.74,Part-time,Northeast,Yes,0.2,0
15874,39,Male,Single,34803.92,Contract,Northeast,Yes,4.2,0
17157,29,Female,Divorced,50902.32,Full-time,South,No,7.6,0
16851,44,Female,Divorced,64154.12,Full-time,Northeast,No,0.4,1
12371,38,Male,Single,68345.56,Full-time,Northeast,No,0.2,1
14234,22,Male,Married,56397.6,Full-time,Northeast,Yes,2.3,0
19627,39,Female,Single,54784.41,Full-time,Midwest,Yes,0.4,1
16639,32,Female,Widowed,56397.54,Full-time,Northeast,Yes,3.2,1
10220,47,Female,Single,66016.73,Contract,Northeast,Yes,5.9,1
10928,52,Female,Widowed,70433.53,Full-time,South,No,4.4,1
11250,33,Female,Single,67507.55,Full-time,South,Yes,2.2,1
13760,58,Male,Married,42971.27,Full-time,West,No,0.8,0
17321,60,Female,Married,60517.69,Full-time,West,Yes,14.5,1
11912,47,Female,Married,59957.95,Part-time,Northeast,No,0.6,0
15889,64,Male,Widowed,48497.41,Full-time,South,No,0.0,0
11854,49,Male,Single,58462.01,Full-time,Midwest,No,1.7,0
12867,24,Female,Single,71961.09,Part-time,West,Yes,0.0,0
14793,27,Male,Married,90341.94,Full-time,Northeast,Yes,8.8,1
11014,25,Male,Married,85803.63,Full-time,West,Yes,0.9,1
16867,33,Male,Single,68587.87,Full-time,Northeast,No,6.4,1
13358,28,Male,Widowed,60879.64,Full-time,Northeast,Yes,4.1,1
15639,57,Male,Divorced,60483.51,Part-time,West,Yes,0.8,1
14061,31,Female,Divorced,61160.24,Full-time,Midwest,No,1.1,1
10526,30,Female,Married,64756.44,Full-time,Midwest,Yes,9.2,1
19129,43,Other,Married,56063.64,Part-time,West,No,1.5,0
14044,50,Female,Single,64095.9,Full-time,West,No,1.1,1
17202,23,Male,Married,68838.64,Full-time,West,Yes,0.5,1
18113,22,Male,Single,72819.12,Full-time,Midwest,Yes,2.9,1
10692,42,Male,Widowed,80689.92,Full-time,Northeast,Yes,6.8,1
12581,25,Male,Widowed,24992.16,Full-time,West,Yes,11.1,0
19480,36,Other,Single,68134.79,Full-time,Northeast,No,2.9,1
19825,41,Female,Single,45288.78,Full-time,Northeast,No,10.6,0
13526,39,Female,Married,81626.62,Full-time,Northeast,No,8.1,1
11630,45,Male,Married,89119.04,Full-time,Midwest,No,0.7,1
17905,53,Male,Single,99578.67,Full-time,West,No,2.0,1
15113,27,Female,Married,62796.81,Full-time,South,Yes,0.2,1
13479,30,Male,Married,67916.92,Full-time,South,No,4.3,0
19580,64,Female,Married,35133.98,Full-time,Northeast,Yes,2.3,1
15947,48,Male,Single,60950.37,Full-time,Midwest,Yes,0.7,1
14122,22,Female,Divorced,81858.0,Full-time,West,No,11.3,0
18413,38,Male,Single,92451.56,Full-time,Northeast,Yes,7.2,1
10281,35,Female,Single,70444.77,Full-time,Northeast,Yes,1.9,1
16358,56,Female,Married,51766.09,Full-time,Northeast,Yes,3.5,1
10619,24,Other,Single,60736.11,Part-time,Midwest,Yes,2.4,0
15487,33,Male,Widowed,41467.98,Part-time,West,Yes,5.8,0
17875,24,Female,Single,26054.43,Contract,South,Yes,2.4,0
13201,48,Female,Single,65952.64,Part-time,Northeast,No,8.0,0
16449,27,Male,Divorced,69451.28,Full-time,South,Yes,4.1,1
13126,34,Male,Divorced,50162.83,Contract,West,No,6.4,0
15627,32,Male,Single,70535.52,Full-time,Northeast,No,2.3,1
15706,43,Male,Married,58103.26,Contract,West,No,0.2,0
12572,61,Male,Single,54238.2,Full-time,Northeast,No,1.6,0
12751,61,Female,Married,55171.23,Full-time,Northeast,Yes,2.4,1
18007,41,Male,Single,62827.41,Full-time,Midwest,Yes,0.6,1
18229,33,Male,Married,57303.98,Full-time,West,Yes,2.2,1
14384,50,Female,Married,68076.94,Full-time,West,Yes,6.4,1
19637,40,Female,Widowed,58403.51,Full-time,West,No,3.7,0
19578,35,Male,Single,77693.72,Part-time,South,No,4.4,0
18079,42,Male,Divorced,43210.43,Full-time,South,Yes,0.6,1
19571,40,Female,Married,69941.71,Full-time,Northeast,Yes,1.2,1
10216,24,Male,Single,59480.93,Full-time,Midwest,Yes,1.1,0
11085,55,Female,Divorced,70963.83,Full-time,South,Yes,5.2,1
14764,34,Male,Married,26374.42,Full-time,Midwest,No,4.2,0
12692,36,Male,Married,66267.45,Full-time,Midwest,Yes,8.6,1
14518,52,Other,Married,59911.7,Full-time,Northeast,Yes,3.1,1
11505,61,Male,Single,96525.95,Full-time,South,No,2.2,1
19966,58,Female,Married,45289.24,Contract,South,Yes,0.6,0
12138,42,Female,Single,63116.93,Full-time,South,No,4.4,1
16736,45,Male,Married,47873.26,Contract,Northeast,Yes,0.2,0
11825,23,Male,Married,74644.71,Part-time,West,Yes,9.7,0
10358,29,Male,Single,44150.01,Full-time,Northeast,No,3.5,0
14494,27,Male,Divorced,77969.01,Contract,West,Yes,7.8,0
15379,63,Female,Married,71953.37,Full-time,Midwest,No,3.9,1
17237,38,Male,Single,61721.47,Full-time,Northeast,No,1.0,1
11677,59,Female,Married,44450.93,Full-time,South,No,0.4,0
17837,50,Female,Single,84330.37,Full-time,West,Yes,7.2,1
15416,37,Female,Married,62748.92,Full-time,South,Yes,7.5,1
18363,23,Female,Married,85919.8,Full-time,South,Yes,1.6,1
12722,43,Female,Married,47693.25,Full-time,West,Yes,3.7,1
17792,54,Male,Married,82519.54,Full-time,Northeast,Yes,5.0,1
10943,62,Female,Married,35159.66,Contract,South,No,3.6,0
11795,24,Male,Married,71024.81,Full-time,Midwest,Yes,1.8,1
18912,45,Male,Married,65660.08,Full-time,South,No,0.2,1
12495,49,Male,Married,39262.77,Full-time,South,Yes,3.4,1
10988,60,Male,Married,86321.57,Full-time,South,No,9.5,1
14655,29,Male,Single,88917.09,Full-time,Northeast,No,0.2,0
16941,56,Female,Single,64842.61,Contract,West,No,1.4,0
16940,45,Female,Married,75000.26,Full-time,West,No,2.5,1
14171,57,Male,Widowed,48953.38,Full-time,Northeast,Yes,0.4,1
16587,35,Other,Married,63087.12,Full-time,West,No,5.4,1
15007,24,Female,Single,53626.76,Contract,South,Yes,2.4,0
18029,39,Female,Single,60221.77,Contract,West,Yes,0.8,1
19246,43,Male,Divorced,73441.08,Full-time,Midwest,Yes,2.7,1
11913,29,Male,Married,47467.28,Contract,West,No,15.4,0
14541,57,Female,Married,71090.29,Full-time,Northeast,Yes,5.2,1
19012,31,Other,Widowed,54915.29,Full-time,Northeast,No,3.6,0
18734,34,Female,Single,45273.38,Full-time,West,Yes,1.2,1
10845,63,Female,Single,51196.34,Full-time,Northeast,Yes,5.7,1
17355,55,Female,Married,61238.25,Full-time,Midwest,No,2.2,1
12132,25,Female,Divorced,68333.22,Part-time,Northeast,No,1.7,0
15501,61,Female,Widowed,43313.0,Full-time,West,No,0.9,0
16706,50,Male,Single,66138.82,Full-time,Northeast,Yes,2.0,1
12594,52,Female,Married,63482.05,Full-time,West,Yes,1.6,1
14975,25,Male,Married,67274.83,Full-time,Midwest,No,0.2,0
14141,30,Female,Single,72178.53,Full-time,Northeast,Yes,4.2,1
10149,23,Female,Widowed,51601.51,Full-time,West,Yes,1.0,0
11391,50,Female,Single,82473.3,Full-time,South,Yes,1.3,1
13051,56,Female,Single,68316.75,Part-time,Midwest,No,0.4,0
15612,46,Male,Single,51749.77,Part-time,Northeast,No,5.1,0
10141,64,Male,Single,63415.26,Full-time,South,No,3.0,1
10883,36,Female,Married,52168.22,Full-time,Northeast,No,2.5,0
17971,42,Male,Single,83591.13,Part-time,Midwest,No,5.3,0
11246,27,Male,Divorced,53217.38,Full-time,South,Yes,1.4,0
10015,45,Female,Divorced,70292.4,Full-time,South,Yes,6.5,1
12532,53,Male,Widowed,62307.02,Full-time,West,No,8.2,1
12874,47,Female,Divorced,79275.87,Full-time,Northeast,Yes,2.4,1
12183,42,Male,Divorced,61306.87,Full-time,Northeast,Yes,6.0,1
14966,33,Female,Married,46733.12,Full-time,Midwest,No,4.7,0
13879,41,Female,Single,71373.61,Full-time,Midwest,No,0.3,1
14095,53,Female,Divorced,85048.74,Full-time,Northeast,Yes,3.0,1
15822,62,Other,Married,65133.8,Full-time,Midwest,Yes,4.0,1
19542,47,Male,Married,65070.99,Full-time,Midwest,No,7.0,1
12278,35,Female,Single,65488.1,Contract,West,Yes,8.0,1
19425,46,Female,Single,49187.34,Contract,South,Yes,0.4,0
11531,35,Male,Married,51796.02,Part-time,West,No,0.6,0
17993,26,Female,Married,67906.95,Full-time,Northeast,Yes,3.3,1
18793,48,Female,Married,57535.12,Full-time,Midwest,Yes,1.3,1
17589,62,Male,Single,81743.51,Contract,South,Yes,4.7,1
15014,58,Male,Married,82129.26,Full-time,Northeast,No,6.6,1
14200,49,Male,Single,77815.66,Full-time,South,Yes,0.7,1
15801,40,Male,Single,60756.44,Part-time,South,Yes,13.2,1
14431,57,Female,Married,58400.69,Full-time,Midwest,No,0.9,0
15335,52,Female,Married,58263.01,Contract,South,No,2.4,0
14762,53,Female,Divorced,64087.19,Contract,Northeast,No,4.7,0
14486,41,Other,Single,77905.09,Full-time,Midwest,Yes,2.5,1
14082,41,Female,Single,51307.9,Full-time,South,No,1.7,0
11513,57,Female,Single,79943.87,Full-time,Northeast,Yes,12.1,1
17793,37,Female,Single,69506.72,Part-time,Northeast,No,4.3,0
10225,28,Male,Divorced,38549.73,Full-time,Midwest,No,0.7,0
15705,51,Male,Married,54798.05,Part-time,South,No,4.3,0
12368,63,Male,Married,54338.22,Full-time,Midwest,Yes,0.0,1
10135,25,Male,Married,54998.3,Full-time,West,Yes,2.9,0
14790,59,Female,Married,50583.4,Full-time,South,No,1.1,0
11739,24,Male,Single,46947.72,Contract,Northeast,No,6.1,0
15135,60,Female,Single,71693.35,Full-time,Northeast,No,1.0,1
18665,63,Male,Single,50946.37,Full-time,Northeast,No,5.9,0
10954,25,Male,Single,61230.32,Full-time,Northeast,No,2.4,0
14883,52,Female,Single,49767.12,Part-time,South,Yes,6.5,0
16214,50,Male,Single,104510.38,Full-time,South,Yes,7.3,1
16806,33,Female,Single,50642.07,Full-time,Midwest,No,1.4,0
13452,55,Female,Married,75962.07,Full-time,Northeast,No,1.1,1
18435,33,Male,Single,80224.17,Full-time,Northeast,No,0.0,1
18741,35,Female,Single,68987.88,Full-time,West,Yes,9.3,1
17192,28,Male,Married,57647.52,Full-time,Northeast,Yes,1.6,0
16909,46,Male,Married,64923.25,Part-time,West,No,4.5,0
16233,37,Male,Widowed,65347.91,Full-time,Northeast,No,1.5,1
14424,38,Female,Single,60851.03,Contract,West,No,2.1,0
12521,29,Female,Divorced,53386.16,Full-time,South,Yes,0.1,0
19523,58,Female,Divorced,52476.87,Full-time,West,No,4.6,0
10633,49,Female,Single,59517.31,Full-time,South,No,3.0,0
14185,60,Male,Married,53407.61,Full-time,Midwest,Yes,1.8,1
10992,59,Male,Married,60607.09,Full-time,Midwest,No,4.6,1
11886,60,Female,Single,52774.81,Full-time,Northeast,Yes,3.4,1
16595,55,Male,Married,94170.01,Full-time,Midwest,Yes,6.7,1
15247,60,Male,Married,75091.18,Full-time,West,No,0.9,1
12534,55,Female,Married,71474.39,Full-time,West,Yes,5.7,1
10788,47,Female,Single,59148.39,Full-time,Northeast,No,1.8,0
10648,49,Male,Married,95278.7,Full-time,Midwest,Yes,5.0,1
12290,26,Female,Single,48835.99,Full-time,Midwest,No,0.9,0
12438,25,Male,Married,65091.74,Full-time,Northeast,Yes,0.3,1
12654,27,Female,Single,70308.91,Full-time,South,Yes,2.1,1
16844,42,Female,Single,54489.16,Contract,West,Yes,0.4,0
19898,38,Male,Single,93656.96,Part-time,Midwest,No,3.7,0
12465,61,Female,Single,92478.92,Full-time,Northeast,Yes,8.2,1
14918,64,Female,Married,62252.96,Full-time,West,No,3.0,1
15775,49,Female,Single,74960.13,Full-time,Midwest,Yes,5.8,1
14473,28,Male,Married,56331.36,Part-time,Northeast,No,4.8,0
17602,46,Male,Widowed,67457.69,Full-time,South,Yes,6.9,1
11656,57,Male,Single,71103.94,Full-time,South,No,3.5,1
13148,56,Female,Married,94261.79,Full-time,Northeast,No,2.5,1
16911,33,Female,Married,45228.92,Full-time,West,Yes,0.8,1
15536,32,Female,Widowed,74870.77,Full-time,West,Yes,5.1,1
19321,36,Male,Single,53260.56,Full-time,Midwest,Yes,6.0,1
18092,56,Female,Single,53226.45,Full-time,West,No,2.1,0
14726,30,Male,Single,70064.33,Full-time,West,Yes,0.9,1
12167,38,Female,Divorced,89532.5,Full-time,Northeast,Yes,0.7,1
14457,44,Female,Divorced,62193.22,Full-time,West,Yes,0.9,1
18119,35,Female,Married,88135.23,Contract,Midwest,No,0.4,0
16339,41,Male,Married,49909.52,Full-time,Midwest,No,3.9,0
15900,58,Male,Single,56310.38,Full-time,Midwest,Yes,0.0,1
17568,26,Male,Married,77416.86,Contract,Northeast,No,0.6,0
10888,27,Male,Single,45052.51,Contract,South,Yes,5.0,0
11497,61,Female,Single,97476.23,Part-time,Northeast,Yes,10.5,1
16363,58,Female,Married,71601.6,Part-time,Northeast,Yes,8.5,1
10404,55,Female,Married,51239.12,Full-time,West,Yes,1.1,1
11332,37,Male,Widowed,72181.39,Full-time,Northeast,No,7.4,1
15191,32,Male,Single,72601.1,Full-time,Midwest,No,2.2,1
18568,53,Male,Single,91863.51,Full-time,Midwest,No,7.1,1
15794,36,Female,Married,44464.38,Full-time,Northeast,Yes,2.1,1
10755,32,Female,Single,71792.17,Contract,Midwest,No,0.3,0
15090,34,Male,Married,67220.78,Part-time,Midwest,Yes,2.4,1
17128,38,Male,Married,61001.46,Full-time,West,Yes,1.5,1
10931,32,Male,Single,67253.25,Part-time,West,No,7.0,0
19318,54,Other,Single,59229.46,Full-time,Midwest,No,0.4,0
13412,44,Male,Divorced,62456.44,Full-time,Northeast,Yes,10.0,1
15739,42,Female,Single,64691.51,Full-time,South,Yes,3.7,1
12506,44,Male,Divorced,76888.13,Part-time,South,Yes,1.0,1
19971,62,Male,Married,42568.91,Full-time,Northeast,No,5.2,0
13919,58,Female,Married,53971.89,Full-time,Midwest,Yes,1.9,1
10829,46,Male,Divorced,48214.3,Full-time,South,Yes,7.7,1
12604,40,Male,Married,43368.6,Full-time,Midwest,Yes,2.6,1
12304,42,Male,Single,55993.77,Full-time,West,No,1.7,0
10698,22,Female,Single,81378.14,Full-time,South,Yes,5.8,1
15441,23,Female,Married,46949.95,Full-time,Midwest,Yes,0.4,0
18490,41,Female,Single,50104.93,Full-time,Midwest,Yes,4.1,1
13931,60,Female,Widowed,52391.59,Full-time,West,No,2.4,0
10119,24,Female,Single,73367.38,Full-time,Northeast,No,0.3,0
16047,24,Male,Divorced,40532.54,Full-time,Midwest,Yes,2.8,0
14794,35,Female,Married,45743.38,Part-time,Midwest,No,2.0,0
18069,27,Female,Married,47633.42,Full-time,West,Yes,0.9,0
18742,52,Male,Single,61351.41,Full-time,Northeast,Yes,10.6,1
17411,46,Female,Single,79885.61,Contract,South,No,18.5,0
12161,52,Male,Married,71877.2,Full-time,Midwest,No,1.9,1
19052,37,Male,Divorced,88631.02,Full-time,West,No,9.5,1
13890,44,Male,Married,75679.62,Full-time,Midwest,No,0.5,1
12951,49,Female,Married,61808.26,Part-time,Midwest,Yes,2.5,1
19124,31,Female,Divorced,61426.18,Part-time,Midwest,No,3.0,0
17961,23,Male,Single,65247.71,Full-time,South,Yes,0.8,1
15852,48,Female,Married,50463.95,Part-time,Northeast,No,2.6,0
10063,55,Male,Divorced,76315.53,Full-time,West,Yes,4.3,1
16763,54,Male,Single,82988.56,Full-time,Northeast,Yes,2.7,1
14124,57,Male,Widowed,62549.22,Part-time,Northeast,No,4.6,0
14104,47,Female,Married,84067.26,Full-time,West,No,2.6,1
17703,30,Male,Married,48123.99,Full-time,Northeast,No,0.6,0
15707,32,Male,Married,41012.87,Full-time,Midwest,Yes,1.4,1
10163,34,Female,Single,37937.41,Full-time,South,No,0.1,0
12638,50,Female,Married,68017.78,Contract,Midwest,No,1.0,0
10094,56,Female,Married,76886.2,Full-time,South,Yes,1.4,1
11667,42,Male,Married,51316.67,Full-time,Northeast,No,8.7,0
13687,36,Male,Single,84294.72,Full-time,South,Yes,1.8,1
18521,38,Male,Single,76628.69,Full-time,West,Yes,4.0,1
12175,44,Male,Single,75473.26,Full-time,West,No,0.0,1
11069,36,Female,Married,69617.8,Full-time,Midwest,Yes,0.9,1
10196,47,Female,Single,49697.76,Contract,Northeast,Yes,0.8,0
19955,35,Male,Single,75249.64,Full-time,South,Yes,4.1,1
16856,61,Male,Single,81612.71,Part-time,Northeast,No,1.2,0
18652,54,Female,Single,71446.86,Full-time,West,Yes,8.5,1
19126,64,Male,Divorced,55568.73,Full-time,Northeast,Yes,7.9,1
13423,42,Male,Single,58571.34,Full-time,Midwest,Yes,3.0,1
19166,38,Female,Married,65253.56,Full-time,Northeast,No,0.8,1
16727,38,Female,Single,66876.9,Full-time,West,Yes,1.0,1
12316,58,Male,Single,36390.42,Full-time,Northeast,No,2.7,0
15887,62,Male,Single,74080.6,Full-time,South,Yes,1.7,1
19846,47,Male,Married,83730.2,Full-time,Northeast,Yes,5.1,1
12390,45,Female,Married,73973.31,Contract,Midwest,Yes,3.9,1
10781,22,Female,Single,83568.41,Full-time,Midwest,No,3.0,0
17944,30,Female,Married,62013.23,Part-time,West,No,11.0,0
17666,57,Female,Single,71446.67,Contract,Midwest,No,1.0,0
10541,60,Female,Divorced,59106.4,Part-time,West,Yes,19.4,0
15683,45,Male,Married,57707.4,Part-time,Northeast,No,2.4,0
16638,26,Male,Married,77135.47,Part-time,South,Yes,12.9,0
18623,61,Male,Divorced,76207.21,Full-time,West,Yes,0.8,1
15715,22,Female,Married,44922.16,Full-time,Midwest,Yes,1.6,0
13207,33,Female,Married,63919.37,Full-time,South,No,4.3,1
14300,35,Other,Single,45399.96,Part-time,Midwest,Yes,1.6,0
14538,35,Female,Married,71297.85,Full-time,West,No,10.2,1
18938,35,Female,Widowed,56682.09,Full-time,Northeast,Yes,10.0,1
18031,28,Female,Single,57233.35,Full-time,Midwest,No,1.6,0
17927,42,Male,Married,66481.14,Full-time,Northeast,Yes,2.8,1
15382,40,Female,Married,64519.8,Full-time,South,No,1.3,1
15043,58,Other,Married,47027.45,Full-time,South,No,1.5,0
18057,39,Female,Married,64105.38,Full-time,Midwest,Yes,13.3,1
17476,37,Female,Single,52932.26,Contract,West,Yes,4.5,0
10097,63,Female,Widowed,44121.61,Contract,West,No,1.6,0
17300,47,Female,Single,62037.28,Part-time,South,Yes,5.3,1
13027,43,Male,Married,58220.95,Full-time,Midwest,Yes,8.6,1
18957,55,Female,Single,47946.02,Part-time,Northeast,Yes,1.7,0
12036,32,Female,Married,76781.67,Full-time,Midwest,Yes,4.7,1
18600,59,Female,Widowed,64151.52,Part-time,Midwest,Yes,4.2,1
15286,42,Male,Married,62879.98,Full-time,South,No,1.6,1
16439,24,Female,Single,48671.76,Full-time,South,Yes,4.3,0
18859,59,Female,Single,69909.28,Full-time,Northeast,Yes,0.1,1
17946,32,Male,Divorced,82131.25,Full-time,West,No,1.5,1
19526,30,Female,Divorced,78851.84,Part-time,Midwest,Yes,0.1,0
12464,46,Female,Single,34071.99,Contract,Northeast,Yes,3.9,0
18866,32,Male,Married,66204.41,Full-time,West,Yes,1.4,1
12168,37,Male,Married,55922.22,Full-time,Midwest,No,4.3,0
11735,25,Female,Widowed,99542.89,Full-time,Midwest,Yes,4.2,1
14620,34,Female,Divorced,68132.26,Full-time,Northeast,Yes,3.1,1
10719,35,Male,Single,71531.81,Part-time,Midwest,Yes,6.6,1
11024,26,Male,Single,46580.16,Part-time,South,Yes,1.2,0
16985,37,Female,Married,53412.48,Part-time,Northeast,No,7.6,0
15637,40,Female,Single,58869.65,Full-time,Northeast,Yes,4.9,1
13133,24,Female,Single,59932.64,Full-time,West,Yes,1.4,0
15561,60,Female,Married,50469.96,Full-time,South,No,0.2,0
19675,63,Male,Married,89202.73,Full-time,Northeast,No,3.6,1
18424,31,Male,Single,78628.47,Full-time,West,No,1.9,1
15880,32,Male,Single,88248.08,Part-time,Midwest,Yes,3.2,1
14767,27,Male,Single,56294.65,Full-time,Northeast,Yes,0.5,0
15146,39,Female,Single,95107.79,Full-time,Midwest,Yes,0.3,1
11006,52,Male,Single,51787.97,Full-time,Northeast,Yes,3.5,1
19560,42,Female,Single,72554.15,Part-time,Northeast,No,9.9,0
19197,34,Male,Single,67189.39,Full-time,Northeast,No,5.8,1
18640,22,Female,Single,63335.58,Contract,Midwest,No,0.6,0
14263,38,Female,Married,72626.88,Contract,Northeast,Yes,12.2,1
18489,54,Male,Single,69707.86,Full-time,Midwest,Yes,7.0,1
12846,54,Female,Married,73207.69,Full-time,South,No,3.0,1
19986,34,Male,Single,68867.78,Full-time,Midwest,No,3.6,1
17133,36,Female,Married,39642.52,Full-time,South,Yes,3.2,1
11369,25,Female,Married,69426.9,Full-time,Northeast,No,0.6,0
11793,63,Male,Married,49147.79,Full-time,South,Yes,4.6,1
19323,49,Male,Single,60646.78,Full-time,Midwest,No,7.6,1
19388,42,Male,Single,87039.71,Full-time,Midwest,Yes,4.5,1
12045,63,Male,Married,63893.59,Part-time,Midwest,No,0.1,0
10624,31,Male,Single,59116.08,Full-time,Midwest,No,4.4,0
15173,32,Male,Single,56810.82,Full-time,West,Yes,3.6,1
13408,55,Male,Married,69223.62,Full-time,Midwest,No,5.2,1
17841,27,Female,Single,83444.44,Contract,South,No,1.2,0
14438,34,Male,Married,63475.96,Full-time,South,Yes,2.6,1
19536,54,Female,Single,68838.31,Full-time,Midwest,Yes,0.7,1
13239,38,Female,Married,65962.11,Full-time,Northeast,Yes,1.4,1
11068,61,Female,Married,65401.47,Part-time,Midwest,No,9.5,0
17689,41,Female,Single,65145.38,Part-time,Midwest,Yes,0.9,1
19089,38,Female,Divorced,68935.28,Part-time,West,Yes,3.1,1
19122,44,Male,Married,69058.91,Full-time,West,No,1.0,1
18872,36,Male,Single,27356.44,Full-time,Northeast,No,3.6,0
17916,35,Male,Single,37294.32,Full-time,Midwest,Yes,3.1,1
10184,58,Male,Single,52935.32,Full-time,Midwest,Yes,3.0,1
12503,48,Female,Single,66244.49,Full-time,South,Yes,10.4,1
12211,25,Male,Married,41729.61,Part-time,South,Yes,3.1,0
16885,63,Female,Married,59197.74,Full-time,South,Yes,6.9,1
13732,55,Female,Married,84409.61,Full-time,Northeast,No,4.2,1
14152,60,Female,Married,94097.04,Part-time,Northeast,Yes,0.2,1
11687,36,Female,Married,64436.01,Part-time,Midwest,No,0.7,0
14882,64,Female,Married,81670.28,Full-time,West,Yes,3.4,1
18287,26,Male,Married,66528.59,Full-time,Northeast,Yes,0.4,1
11609,43,Female,Married,51072.63,Full-time,Midwest,No,13.3,0
11672,59,Male,Single,49300.18,Full-time,West,No,6.3,0
17755,55,Female,Married,67323.43,Full-time,West,Yes,3.1,1
13311,32,Male,Single,71533.61,Contract,West,Yes,3.5,1
10125,48,Male,Married,72541.27,Part-time,Northeast,No,5.4,0
18063,30,Female,Married,75100.99,Part-time,West,No,18.4,0
11255,42,Male,Married,78366.4,Full-time,Northeast,Yes,1.1,1
19475,47,Male,Single,85894.85,Contract,West,Yes,2.7,1
19017,36,Male,Single,58571.97,Full-time,West,Yes,3.0,1
12828,53,Male,Married,22428.06,Full-time,Midwest,No,7.1,0
12040,60,Female,Married,60149.36,Full-time,West,Yes,0.7,1
16254,30,Male,Single,98253.97,Full-time,West,Yes,3.8,1
18647,63,Female,Single,62217.83,Full-time,Northeast,No,7.7,1
16823,44,Male,Married,68076.26,Part-time,West,No,2.4,0
17878,25,Female,Married,82171.6,Full-time,Midwest,Yes,1.9,1
11353,63,Male,Married,79538.34,Full-time,South,Yes,3.7,1
17547,22,Female,Single,65640.26,Full-time,South,Yes,2.8,1
12343,22,Male,Divorced,49193.32,Full-time,Midwest,Yes,1.4,0
11940,62,Male,Married,61119.67,Full-time,West,Yes,4.2,1
13638,49,Male,Married,70613.72,Full-time,West,Yes,1.0,1
16603,30,Male,Single,44478.4,Full-time,Northeast,Yes,0.1,0
18768,38,Male,Single,58689.02,Full-time,West,No,0.8,0
14466,51,Male,Single,71717.73,Full-time,West,Yes,2.1,1
16627,51,Female,Married,75790.54,Full-time,Northeast,Yes,5.9,1
13736,37,Male,Married,89915.81,Contract,Northeast,No,1.2,0
11110,22,Male,Married,85691.91,Full-time,Midwest,Yes,0.9,1
17129,22,Male,Divorced,69570.72,Full-time,Midwest,No,5.2,0
10915,23,Male,Married,76280.21,Full-time,Northeast,No,1.8,0
13420,62,Female,Single,53484.08,Full-time,South,Yes,2.6,1
12088,43,Female,Single,52238.45,Full-time,Northeast,Yes,6.8,1
16713,51,Other,Married,50303.99,Full-time,Midwest,Yes,7.5,1
15107,64,Female,Married,62617.86,Contract,Midwest,No,0.1,0
12820,58,Female,Single,78759.48,Full-time,South,Yes,4.4,1
13426,46,Female,Married,63744.16,Full-time,Northeast,Yes,4.0,1
15059,34,Male,Married,75038.26,Full-time,Midwest,Yes,2.1,1
15306,64,Female,Single,72744.97,Full-time,South,Yes,5.7,1
14065,37,Female,Married,57769.81,Part-time,Northeast,No,17.7,0
19865,29,Male,Married,52695.37,Full-time,South,Yes,12.9,0
11363,64,Female,Single,59210.76,Full-time,West,Yes,6.0,1
11077,46,Male,Divorced,82432.31,Full-time,South,Yes,3.3,1
19595,49,Female,Married,74953.45,Full-time,Northeast,Yes,3.2,1
12115,47,Female,Married,55719.29,Full-time,Northeast,No,0.2,0
17989,46,Male,Married,45534.48,Full-time,Midwest,No,6.4,0
17545,47,Female,Married,66249.11,Part-time,South,No,1.7,0
12148,23,Male,Single,61611.56,Full-time,Midwest,Yes,4.1,1
17480,43,Female,Married,85352.03,Part-time,West,No,3.8,0
18684,60,Male,Widowed,60156.51,Part-time,South,Yes,2.3,1
13639,34,Male,Single,68170.88,Full-time,West,No,2.3,1
13659,63,Female,Married,68964.65,Full-time,Northeast,No,5.4,1
10911,31,Female,Married,49556.11,Full-time,South,No,0.2,0
17407,52,Male,Single,52010.69,Full-time,Midwest,No,2.9,0
12282,27,Male,Single,77682.23,Full-time,South,No,1.5,0
18252,59,Male,Single,72885.74,Full-time,West,Yes,9.9,1
14428,24,Female,Divorced,64896.79,Full-time,West,No,6.7,0
10800,56,Female,Married,38297.95,Part-time,West,Yes,10.2,0
17751,57,Male,Widowed,76437.0,Contract,Midwest,Yes,6.8,1
12735,27,Female,Single,81847.85,Full-time,Midwest,Yes,0.7,1
15537,50,Female,Married,54903.45,Full-time,Northeast,Yes,0.2,1
11703,54,Female,Single,65329.45,Part-time,Northeast,Yes,10.9,1
18688,23,Female,Married,49537.9,Full-time,West,No,2.8,0
18466,28,Male,Married,77646.34,Part-time,West,Yes,7.3,0
14932,61,Male,Married,64063.73,Full-time,Northeast,Yes,0.4,1
11431,64,Female,Married,57744.91,Part-time,South,No,2.1,0
15491,35,Male,Single,70840.21,Part-time,South,Yes,5.5,1
18645,46,Male,Single,66403.18,Part-time,South,Yes,3.3,1
15854,30,Male,Married,45693.61,Full-time,West,No,2.5,0
19899,47,Female,Married,76812.11,Full-time,Northeast,Yes,3.2,1
12001,27,Female,Single,56690.54,Full-time,West,Yes,3.3,0
11493,50,Female,Single,63830.49,Full-time,West,No,6.3,1
16891,29,Male,Single,63766.71,Part-time,Northeast,Yes,10.9,0
11404,25,Male,Single,72641.73,Full-time,West,No,6.6,0
17283,33,Female,Single,74053.32,Full-time,Midwest,Yes,12.2,1
19765,63,Female,Single,64380.97,Full-time,Midwest,Yes,6.0,1
10842,29,Female,Single,63036.66,Full-time,West,No,18.6,0
17464,29,Male,Single,55634.72,Full-time,Midwest,Yes,0.1,0
10212,30,Female,Single,91774.74,Full-time,Midwest,No,8.2,0
14613,41,Female,Divorced,43589.62,Part-time,Northeast,Yes,1.6,0
19414,33,Male,Married,67685.24,Part-time,West,No,1.2,0
18955,30,Female,Married,61602.08,Part-time,West,Yes,1.6,0
14653,38,Other,Widowed,44938.4,Full-time,Northeast,Yes,8.1,1
11872,56,Female,Single,69331.89,Full-time,South,Yes,3.8,1
12910,36,Female,Married,41527.13,Full-time,South,Yes,4.6,1
17023,51,Male,Widowed,61241.9,Full-time,South,Yes,20.2,1
15383,47,Female,Single,43723.94,Full-time,Northeast,Yes,0.6,1
17062,22,Female,Married,43511.42,Full-time,Northeast,Yes,3.3,0
17601,57,Female,Single,68610.63,Full-time,West,No,2.9,1
19930,25,Female,Married,60850.57,Contract,Northeast,Yes,1.7,0
10172,54,Female,Single,52723.13,Contract,West,Yes,6.9,0
19924,24,Male,Single,57080.89,Full-time,South,Yes,2.1,0
18659,25,Male,Single,61441.8,Full-time,South,No,17.7,0
17721,60,Male,Married,76835.47,Full-time,Northeast,Yes,1.0,1
19540,39,Male,Divorced,59075.31,Full-time,South,Yes,1.8,1
17906,23,Female,Single,48814.03,Part-time,Northeast,Yes,8.7,0
16251,62,Female,Married,59546.08,Full-time,Northeast,Yes,3.4,1
15796,27,Male,Married,60403.13,Full-time,Northeast,Yes,3.3,1
12677,46,Male,Single,72288.5,Full-time,West,No,0.8,1
19963,44,Female,Married,76051.43,Contract,South,Yes,16.7,1
16458,38,Male,Single,59821.28,Full-time,Northeast,Yes,5.7,1
12868,33,Male,Married,62632.3,Full-time,Midwest,Yes,0.1,1
19810,33,Male,Single,53370.06,Full-time,South,Yes,2.2,1
11752,29,Male,Married,74967.49,Full-time,Northeast,Yes,7.0,1
19795,45,Male,Single,87846.95,Full-time,Northeast,Yes,7.2,1
17038,50,Male,Single,71268.02,Full-time,West,No,6.0,1
16091,40,Male,Married,96425.76,Part-time,West,Yes,3.7,1
19050,43,Female,Single,79681.56,Full-time,West,Yes,3.2,1
19384,47,Female,Single,66742.39,Full-time,Midwest,No,5.8,1
17186,59,Female,Married,47935.59,Full-time,Northeast,No,13.6,0
18627,40,Male,Divorced,59857.55,Full-time,West,No,4.4,0
13551,29,Female,Married,40960.13,Full-time,Northeast,Yes,4.4,0
12842,48,Male,Married,60588.38,Full-time,West,Yes,1.8,1
11320,27,Male,Single,64042.5,Full-time,Northeast,Yes,0.8,1
11188,32,Male,Married,88446.25,Contract,Midwest,Yes,3.8,1
13349,51,Male,Married,50027.6,Part-time,South,Yes,3.0,0
11013,50,Female,Single,63223.25,Part-time,Midwest,Yes,1.0,1
10209,32,Female,Single,47237.03,Full-time,Northeast,Yes,4.6,1
11231,57,Female,Single,70529.65,Full-time,Midwest,No,10.0,1
12622,30,Female,Married,64851.65,Full-time,Midwest,No,1.4,0
10751,23,Female,Married,55057.94,Part-time,West,Yes,4.2,0
18423,26,Female,Divorced,66734.97,Full-time,Northeast,No,4.2,0
13972,61,Female,Divorced,55209.12,Contract,West,Yes,5.9,0
16422,44,Female,Married,63569.9,Contract,South,No,6.7,0
10244,23,Male,Single,60315.75,Part-time,South,No,4.5,0
12307,28,Male,Married,43079.15,Contract,South,Yes,10.0,0
19377,51,Male,Single,80494.34,Contract,Midwest,No,3.7,0
11909,51,Male,Married,42506.92,Contract,Northeast,Yes,7.0,0
13905,63,Male,Divorced,52270.98,Full-time,Northeast,Yes,4.0,1
15590,35,Male,Single,61975.53,Full-time,South,No,0.8,1
14354,62,Male,Married,69824.18,Full-time,Midwest,Yes,3.3,1
13017,41,Male,Single,42054.96,Contract,Northeast,Yes,0.1,0
15620,37,Female,Single,90589.56,Full-time,Northeast,No,0.8,1
19222,37,Female,Single,68214.23,Full-time,South,Yes,2.9,1
11966,42,Male,Married,60958.09,Full-time,South,Yes,5.6,1
12764,42,Female,Married,65384.74,Full-time,Midwest,No,0.9,1
16654,42,Female,Married,70573.83,Full-time,West,Yes,2.6,1
15948,27,Female,Married,36106.52,Full-time,Northeast,No,0.7,0
11365,47,Male,Single,36980.22,Full-time,West,No,1.7,0
19717,34,Female,Single,96464.63,Full-time,South,Yes,0.5,1
10696,34,Female,Married,104387.88,Contract,Midwest,No,3.0,0
17625,50,Male,Divorced,48755.05,Full-time,South,Yes,1.6,1
13086,33,Male,Single,57694.01,Full-time,West,Yes,1.4,1
11406,58,Female,Single,59860.52,Part-time,Northeast,No,0.0,0
15980,45,Male,Married,81152.8,Part-time,Midwest,Yes,10.3,1
15464,35,Male,Single,56966.9,Part-time,South,Yes,4.2,0
11750,40,Female,Single,78187.88,Full-time,Northeast,Yes,4.3,1
16009,27,Male,Divorced,32079.92,Full-time,South,No,4.3,0
14519,48,Male,Single,72954.84,Part-time,West,Yes,2.8,1
19247,38,Male,Divorced,82808.85,Full-time,West,No,8.2,1
10066,35,Male,Married,57443.29,Contract,West,Yes,3.5,0
17109,25,Male,Divorced,63568.71,Part-time,Northeast,Yes,1.7,0
19306,23,Male,Married,87935.56,Full-time,Midwest,No,19.7,0
13583,38,Female,Married,80605.41,Full-time,South,No,0.6,1
17926,22,Female,Married,62566.3,Full-time,West,No,5.1,0
11876,54,Male,Single,45351.14,Full-time,Northeast,Yes,0.2,1
11593,55,Female,Single,73299.17,Full-time,Midwest,Yes,7.9,1
12258,24,Male,Married,57969.73,Part-time,Midwest,Yes,0.4,0
19380,24,Female,Single,72971.76,Contract,Midwest,Yes,0.4,0
17413,59,Male,Single,74461.69,Full-time,West,Yes,0.7,1
14999,48,Male,Married,72945.34,Full-time,Midwest,No,0.2,1
13514,41,Female,Married,57745.98,Full-time,West,Yes,1.4,1
15814,30,Male,Divorced,57713.7,Part-time,Northeast,Yes,1.0,0
19187,34,Male,Single,70351.81,Part-time,West,No,3.6,0
18594,55,Male,Married,58732.15,Full-time,West,Yes,1.4,1
15478,26,Female,Married,52842.5,Part-time,Northeast,Yes,5.0,0
14253,42,Female,Divorced,105738.46,Full-time,Midwest,No,7.5,1
18333,46,Female,Single,71447.97,Full-time,Midwest,Yes,6.7,1
17222,24,Male,Married,66026.3,Part-time,Northeast,Yes,5.6,0
14370,53,Other,Married,38035.4,Full-time,Midwest,Yes,8.0,1
10881,59,Male,Married,102795.62,Full-time,West,Yes,5.6,1
18191,60,Female,Married,54821.69,Part-time,Northeast,No,0.2,0
13876,60,Male,Single,49873.79,Full-time,Northeast,Yes,0.2,1
15851,49,Male,Single,81720.21,Contract,South,Yes,0.9,1
17309,32,Female,Single,41816.06,Full-time,Northeast,No,9.6,0
13435,29,Male,Single,60384.09,Full-time,South,Yes,4.0,1
19237,51,Male,Divorced,33719.98,Part-time,West,Yes,2.6,0
13117,36,Female,Divorced,60194.88,Contract,Midwest,Yes,1.7,1
15863,47,Male,Married,48645.9,Full-time,Midwest,No,3.9,0
17397,52,Male,Married,72339.32,Full-time,Midwest,Yes,0.2,1
19605,47,Female,Married,44637.57,Full-time,South,Yes,0.2,1
11028,61,Male,Married,79300.22,Full-time,Midwest,Yes,3.1,1
10376,64,Male,Married,71571.25,Full-time,Northeast,Yes,4.8,1
19049,37,Female,Single,69535.02,Full-time,West,Yes,2.7,1
18398,43,Female,Widowed,74532.43,Contract,South,No,5.4,0
19349,46,Male,Single,73739.36,Full-time,West,Yes,1.0,1
12363,50,Male,Single,51338.9,Full-time,South,Yes,5.4,1
14734,36,Male,Married,31244.16,Part-time,South,Yes,3.0,0
10959,61,Female,Married,97505.26,Contract,Midwest,No,2.3,0
18880,55,Female,Divorced,66761.55,Part-time,Northeast,No,1.5,0
16035,41,Female,Single,39959.38,Full-time,West,Yes,1.3,1
18616,27,Male,Single,35658.3,Full-time,West,Yes,2.9,0
13670,49,Male,Married,49938.23,Full-time,West,Yes,5.6,1
14652,63,Male,Single,90205.25,Full-time,West,No,0.2,1
16324,41,Female,Married,87759.74,Part-time,South,Yes,0.5,1
15837,62,Male,Married,77308.23,Full-time,West,No,1.7,1
10073,42,Male,Married,66979.1,Full-time,Midwest,Yes,1.5,1
19353,22,Male,Single,19569.2,Part-time,West,Yes,10.4,0
16277,48,Male,Single,64768.29,Full-time,Midwest,Yes,2.6,1
14701,52,Female,Married,38460.95,Full-time,South,No,6.5,0
11877,35,Male,Single,55105.43,Full-time,Midwest,Yes,5.2,1
13981,56,Male,Single,87013.18,Full-time,South,Yes,4.6,1
17349,39,Male,Single,84064.98,Full-time,South,No,7.4,1
11358,45,Female,Single,76857.06,Part-time,West,Yes,1.5,1
19254,33,Female,Married,72037.68,Contract,West,No,13.4,0
17884,39,Male,Single,81943.71,Part-time,South,Yes,1.9,1
18661,49,Male,Married,38545.55,Full-time,Northeast,No,0.0,0
11352,39,Female,Married,69975.07,Full-time,South,No,1.2,1
14929,22,Male,Single,58130.55,Part-time,Northeast,Yes,9.1,0
18197,42,Female,Single,65234.01,Full-time,South,Yes,4.2,1
17738,58,Female,Single,83331.82,Full-time,Midwest,No,1.2,1
11598,34,Male,Single,74715.3,Full-time,Midwest,No,7.6,1
16076,41,Male,Married,64894.62,Full-time,Midwest,No,0.9,1
19059,31,Male,Married,63174.81,Full-time,South,No,5.7,1
19807,31,Male,Single,51913.2,Part-time,Midwest,No,2.7,0
15447,41,Male,Divorced,67972.03,Full-time,West,Yes,1.1,1
19203,62,Male,Single,78008.31,Contract,South,Yes,0.7,1
15261,57,Male,Single,52257.95,Full-time,South,Yes,5.0,1
10160,54,Female,Married,77411.96,Full-time,Northeast,Yes,7.6,1
10179,62,Female,Married,61527.78,Full-time,South,No,4.2,1
12362,62,Female,Married,96664.52,Full-time,Midwest,No,2.3,1
12562,25,Female,Married,85481.87,Full-time,Northeast,No,0.0,0
16973,43,Female,Single,74544.38,Full-time,Midwest,Yes,0.1,1
18877,23,Female,Married,57050.68,Full-time,Northeast,No,18.3,0
13696,31,Female,Divorced,71625.37,Full-time,Midwest,No,24.5,1
12656,52,Other,Single,56431.56,Contract,Midwest,No,19.7,0
14770,47,Male,Married,52078.43,Full-time,Midwest,No,1.6,0
18574,33,Female,Single,58138.83,Full-time,South,No,0.9,0
10803,35,Male,Single,59419.99,Part-time,West,No,3.6,0
18960,41,Male,Divorced,62840.44,Full-time,Northeast,Yes,3.0,1
14715,61,Male,Married,49989.7,Full-time,West,No,1.8,0
16566,49,Male,Married,77541.27,Full-time,Northeast,No,2.7,1
16194,29,Female,Single,57596.53,Full-time,Midwest,Yes,3.7,0
13424,40,Male,Single,58563.52,Full-time,West,No,13.4,0
11161,53,Female,Married,47665.61,Full-time,South,No,8.7,0
12505,36,Female,Married,77740.11,Full-time,West,No,1.9,1
19023,44,Male,Single,94863.99,Full-time,West,Yes,6.4,1
11980,23,Female,Married,56898.59,Full-time,West,No,6.1,0
11154,58,Male,Widowed,44587.76,Part-time,West,No,3.1,0
12181,22,Female,Married,53817.63,Full-time,Midwest,Yes,7.7,0
13025,33,Male,Single,82049.87,Full-time,Midwest,No,2.6,1
19535,51,Female,Married,73435.29,Part-time,West,No,0.2,0
18202,43,Male,Single,37705.68,Full-time,Midwest,Yes,3.1,1
11457,58,Male,Divorced,49638.24,Part-time,Northeast,Yes,5.0,0
17229,38,Female,Married,35814.38,Full-time,Midwest,Yes,10.4,1
10642,48,Female,Married,47769.07,Part-time,Northeast,No,7.5,0
10480,50,Female,Divorced,78215.3,Full-time,West,Yes,3.0,1
15198,35,Female,Single,74760.44,Full-time,South,Yes,0.4,1
12256,22,Male,Married,59500.88,Part-time,South,No,0.9,0
13489,33,Male,Married,47844.0,Full-time,West,Yes,11.3,1
14411,60,Male,Married,51040.4,Full-time,West,No,10.1,0
14150,41,Male,Married,64832.84,Part-time,South,No,2.5,0
10531,40,Male,Single,60450.27,Full-time,Midwest,No,3.9,1
17788,54,Female,Single,54055.62,Full-time,Midwest,No,13.4,0
14636,61,Male,Single,47891.24,Contract,Midwest,No,5.4,0
15512,53,Female,Single,105619.16,Full-time,West,Yes,2.1,1
18411,53,Male,Married,58728.43,Full-time,Northeast,Yes,1.1,1
18187,56,Male,Single,58959.11,Full-time,Midwest,No,0.7,0
18772,41,Male,Married,60503.86,Full-time,Northeast,No,0.9,1
13916,25,Male,Married,53191.67,Full-time,South,No,3.5,0
19216,31,Female,Married,88704.43,Full-time,Northeast,Yes,3.3,1
19256,53,Female,Married,72897.75,Full-time,Midwest,No,3.8,1
11552,62,Female,Single,91844.46,Full-time,South,Yes,0.3,1
11044,33,Male,Single,47477.99,Full-time,Northeast,No,6.8,0
16374,57,Female,Married,68039.68,Full-time,Northeast,Yes,5.0,1
13658,28,Male,Married,49043.31,Full-time,Northeast,Yes,17.7,0
18583,43,Other,Single,63202.25,Full-time,Midwest,No,2.1,1
16396,43,Female,Single,85091.51,Full-time,Midwest,Yes,1.2,1
11498,48,Male,Married,66610.36,Full-time,Midwest,Yes,5.6,1
17262,25,Male,Married,75766.63,Full-time,Midwest,Yes,0.1,1
11958,28,Female,Single,96033.96,Contract,Northeast,Yes,0.4,0
11969,46,Male,Single,61748.4,Full-time,South,Yes,8.2,1
16819,47,Male,Married,78944.56,Full-time,West,Yes,3.4,1
15616,33,Male,Married,73765.41,Full-time,South,No,12.0,1
14967,62,Female,Married,76159.08,Part-time,South,Yes,8.1,1
13766,45,Male,Married,45613.69,Full-time,South,Yes,5.8,1
14502,61,Male,Single,61102.44,Part-time,West,No,3.2,0
10413,50,Male,Married,62457.62,Full-time,Northeast,No,8.2,1
18687,50,Female,Single,82632.36,Full-time,South,No,2.3,1
16200,45,Other,Married,83951.5,Contract,West,Yes,1.4,1
14943,33,Female,Married,40217.49,Contract,Northeast,No,2.2,0
16980,44,Male,Married,83371.45,Full-time,West,Yes,0.5,1
17295,61,Male,Widowed,79833.83,Part-time,Northeast,Yes,2.6,1
19641,59,Male,Married,74138.89,Full-time,West,Yes,4.7,1
13120,23,Female,Single,65278.06,Full-time,West,No,10.5,0
17604,40,Male,Single,72945.5,Full-time,South,No,5.4,1
10295,29,Female,Married,53295.24,Full-time,West,Yes,11.1,0
15471,41,Male,Divorced,81716.59,Full-time,Midwest,Yes,4.8,1
19066,22,Male,Married,34420.45,Full-time,South,No,1.8,0
12080,31,Female,Divorced,81332.57,Full-time,South,Yes,0.7,1
14774,60,Male,Divorced,69110.84,Part-time,South,No,6.4,0
16446,22,Male,Married,44485.43,Contract,West,No,0.6,0
15427,30,Male,Married,58138.45,Full-time,Northeast,No,0.6,0
14610,36,Male,Single,68549.35,Full-time,West,Yes,4.8,1
15041,43,Male,Divorced,42977.26,Contract,Northeast,No,6.4,0
18388,30,Female,Divorced,68198.59,Full-time,Northeast,No,2.0,0
15540,56,Female,Single,58755.42,Full-time,West,Yes,3.9,1
19413,32,Female,Married,77156.77,Part-time,Northeast,Yes,4.0,1
18062,39,Male,Married,40464.7,Part-time,Midwest,No,9.7,0
10173,63,Male,Married,82714.39,Contract,West,No,0.4,0
15925,44,Male,Single,99693.66,Full-time,West,Yes,3.0,1
19576,55,Female,Married,68416.09,Full-time,Midwest,Yes,7.9,1
14108,43,Female,Single,69099.41,Contract,Midwest,No,3.6,0
11350,60,Female,Married,45798.91,Full-time,Midwest,Yes,6.5,1
18888,32,Female,Married,68391.47,Full-time,Northeast,Yes,0.2,1
17922,30,Male,Married,71903.68,Full-time,West,No,2.4,0
14986,42,Male,Married,64812.86,Full-time,South,Yes,0.0,1
16873,33,Male,Single,44903.7,Full-time,South,No,1.3,0
13432,31,Male,Married,31526.02,Contract,Midwest,Yes,1.1,0
11491,61,Female,Single,86124.04,Full-time,Midwest,Yes,0.2,1
11478,36,Male,Divorced,51254.98,Full-time,West,No,11.0,0
14992,42,Male,Married,62189.79,Part-time,West,Yes,0.8,1
17438,29,Female,Single,58891.89,Full-time,West,Yes,3.1,0
10006,42,Male,Married,66274.58,Contract,West,Yes,1.0,1
11324,46,Male,Divorced,68018.37,Part-time,West,Yes,5.1,1
12761,43,Female,Single,41853.25,Part-time,Northeast,Yes,2.9,0
14989,36,Female,Single,63606.58,Full-time,Midwest,Yes,3.1,1
17224,43,Male,Married,65626.53,Part-time,South,No,5.1,0
11638,38,Female,Married,57914.83,Full-time,South,Yes,0.0,1
12291,40,Male,Single,64617.69,Part-time,South,No,0.4,0
14222,50,Male,Married,62169.97,Full-time,South,Yes,6.7,1
11973,59,Female,Married,75598.79,Full-time,Northeast,No,2.5,1
15631,44,Female,Married,53665.39,Full-time,Midwest,No,2.0,0
15299,26,Male,Single,54822.74,Full-time,Midwest,Yes,6.4,0
10737,63,Female,Single,75105.96,Full-time,South,Yes,3.0,1
17859,46,Female,Divorced,39975.33,Full-time,Northeast,No,1.1,0
16715,41,Female,Married,68407.67,Full-time,Northeast,Yes,4.6,1
13118,62,Male,Married,70359.18,Full-time,Midwest,Yes,2.4,1
13495,54,Male,Married,71440.61,Contract,Northeast,No,1.4,0
18707,28,Female,Married,45106.04,Full-time,West,Yes,1.2,0
17392,32,Female,Married,79968.55,Full-time,West,Yes,1.6,1
13284,48,Male,Married,81270.02,Full-time,West,No,1.5,1
13589,57,Female,Single,91431.17,Contract,West,Yes,7.6,1
13547,44,Male,Married,69941.93,Part-time,Midwest,Yes,1.6,1
17810,54,Female,Single,87614.66,Part-time,West,No,10.4,0
13827,47,Male,Married,78013.43,Full-time,South,Yes,0.3,1
12149,59,Female,Married,57786.35,Part-time,West,Yes,0.6,0
15883,60,Other,Single,60312.43,Full-time,Midwest,Yes,4.5,1
18140,56,Female,Single,45668.14,Full-time,Midwest,No,1.3,0
19174,61,Male,Single,89997.38,Full-time,South,No,2.8,1
11000,31,Female,Divorced,67698.95,Full-time,West,No,2.4,1
14374,33,Male,Single,92429.93,Part-time,South,Yes,2.3,1
13692,59,Male,Married,72749.3,Full-time,Northeast,No,6.4,1
10275,37,Female,Single,67342.35,Full-time,West,Yes,3.6,1
17882,49,Female,Single,66574.04,Full-time,South,No,1.5,1
18515,53,Female,Single,79656.83,Full-time,South,Yes,0.4,1
11626,36,Female,Divorced,80497.66,Part-time,South,No,1.8,0
18947,22,Male,Single,55512.73,Full-time,Midwest,No,1.4,0
18286,57,Male,Married,44940.16,Full-time,South,Yes,6.0,1
18588,58,Male,Married,70400.83,Full-time,Northeast,No,3.5,1
10927,51,Female,Married,61393.62,Full-time,South,No,2.7,1
11805,51,Male,Married,85734.95,Full-time,West,Yes,1.9,1
15175,38,Female,Married,77100.05,Full-time,Northeast,No,13.3,1
18884,59,Male,Single,85869.38,Part-time,Northeast,Yes,4.3,1
11325,33,Male,Widowed,102028.77,Full-time,Northeast,No,1.3,1
11318,58,Male,Married,65629.81,Contract,Northeast,No,2.0,0
15966,27,Male,Widowed,70051.95,Contract,West,Yes,0.3,0
15755,52,Male,Single,54765.16,Full-time,Midwest,Yes,0.1,1
11559,50,Female,Single,53819.28,Full-time,West,Yes,3.9,1
11334,38,Male,Single,53339.68,Full-time,West,Yes,6.3,1
18162,58,Female,Married,67528.93,Full-time,West,Yes,5.2,1
19979,22,Male,Married,78480.88,Full-time,West,No,8.7,0
18699,34,Female,Married,40105.74,Part-time,West,Yes,0.9,0
14892,27,Female,Married,78120.01,Full-time,West,Yes,1.9,1
13741,63,Male,Single,55933.51,Full-time,South,Yes,11.4,1
14151,61,Male,Single,50645.95,Full-time,South,Yes,1.6,1
13447,29,Female,Married,56458.41,Full-time,Midwest,No,3.9,0
12166,33,Female,Single,70092.62,Part-time,South,Yes,0.5,1
16784,40,Male,Widowed,33428.53,Full-time,Northeast,Yes,0.3,1
18455,44,Male,Widowed,71115.01,Full-time,Midwest,Yes,2.3,1
15401,53,Male,Married,48027.82,Full-time,South,No,8.3,0
16930,33,Female,Married,76383.16,Full-time,South,No,0.1,1
14507,59,Male,Married,47084.2,Contract,Midwest,No,3.2,0
12742,43,Female,Married,86871.13,Part-time,Northeast,Yes,0.4,1
16838,61,Female,Married,92157.14,Full-time,West,No,0.5,1
13150,22,Other,Single,81014.16,Full-time,West,No,8.1,0
11556,36,Male,Divorced,44138.29,Part-time,Midwest,No,3.5,0
11341,36,Female,Single,63404.89,Full-time,South,No,5.9,1
17289,34,Male,Married,68949.68,Part-time,Midwest,Yes,1.3,1
13858,55,Female,Single,63667.69,Contract,Northeast,Yes,3.2,1
13056,34,Female,Single,60126.01,Part-time,South,Yes,5.5,1
14485,58,Female,Widowed,55441.14,Full-time,South,No,4.7,0
18581,50,Female,Single,41880.56,Full-time,West,Yes,5.9,1
14007,26,Male,Single,74904.42,Full-time,Northeast,No,1.4,0
11160,56,Male,Single,70644.66,Full-time,Northeast,Yes,12.3,1
19104,34,Male,Married,47578.17,Full-time,Northeast,Yes,6.5,1
11664,34,Female,Divorced,80537.43,Full-time,Midwest,No,1.6,1
19565,36,Female,Widowed,70035.29,Full-time,South,No,1.7,1
13282,57,Male,Married,41785.84,Contract,Northeast,Yes,1.8,0
18120,28,Male,Divorced,66872.43,Part-time,Northeast,Yes,0.3,0
17439,26,Female,Single,35030.28,Full-time,West,Yes,3.7,0
16197,34,Male,Married,49212.64,Part-time,West,Yes,1.2,0
11974,47,Male,Single,41641.18,Full-time,Midwest,Yes,1.6,1
12447,48,Female,Single,87778.23,Part-time,South,Yes,4.2,1
19798,43,Female,Widowed,51679.59,Full-time,Northeast,No,0.6,0
13347,45,Male,Single,43558.1,Full-time,West,Yes,2.5,1
15467,46,Female,Married,43995.24,Full-time,Midwest,Yes,2.9,1
10422,49,Female,Single,56576.64,Contract,Northeast,Yes,3.2,0
10396,47,Female,Single,46186.44,Full-time,West,No,0.7,0
10589,49,Male,Widowed,64369.34,Full-time,Midwest,Yes,5.0,1
11637,46,Female,Single,71555.67,Full-time,West,Yes,0.4,1
16695,33,Male,Married,67166.27,Part-time,Midwest,No,9.5,0
17505,26,Female,Married,71463.96,Full-time,West,No,10.2,0
15377,28,Male,Single,65453.13,Full-time,Midwest,Yes,1.9,1
19328,36,Female,Widowed,67892.56,Full-time,Northeast,No,2.5,1
10126,30,Female,Single,30635.28,Part-time,South,No,2.1,0
19096,53,Male,Single,35284.63,Part-time,Northeast,Yes,0.0,0
13063,60,Male,Single,95723.94,Part-time,West,No,1.2,0
11742,35,Female,Divorced,75911.2,Full-time,Midwest,Yes,0.3,1
17912,61,Male,Married,93766.15,Full-time,South,No,0.7,1
12346,47,Female,Married,74902.82,Part-time,West,No,0.7,0
14531,42,Female,Married,50240.72,Full-time,Midwest,No,3.3,0
14740,38,Female,Divorced,75083.82,Part-time,West,No,0.1,0
16052,58,Female,Married,38480.2,Full-time,West,Yes,8.7,1
18362,51,Female,Married,79924.33,Part-time,Midwest,No,4.3,0
12834,42,Female,Married,54817.36,Full-time,West,Yes,7.9,1
12131,60,Female,Single,73451.07,Part-time,Midwest,No,5.5,0
13128,35,Female,Widowed,76524.92,Full-time,Northeast,Yes,1.3,1
19176,28,Male,Married,56429.72,Full-time,Northeast,No,2.4,0
13475,32,Other,Single,57218.74,Full-time,West,No,1.7,0
19808,52,Male,Married,95446.86,Full-time,Midwest,No,1.1,1
19616,46,Male,Married,81834.86,Part-time,Midwest,No,9.8,0
10062,47,Female,Single,79812.7,Full-time,Northeast,Yes,2.2,1
19163,25,Male,Single,52256.65,Full-time,West,Yes,3.1,0
12964,54,Male,Single,74726.85,Full-time,West,No,1.0,1
12365,59,Female,Divorced,59890.68,Full-time,South,Yes,2.0,1
10038,60,Male,Single,70416.58,Full-time,South,Yes,1.5,1
15345,40,Female,Divorced,36915.06,Full-time,West,Yes,1.3,1
17493,30,Male,Single,75454.87,Full-time,South,Yes,5.8,1
11204,38,Female,Married,60633.4,Contract,Midwest,No,11.8,0
11381,55,Male,Married,56209.2,Full-time,Northeast,No,2.3,0
19252,51,Male,Married,65152.54,Contract,Northeast,No,1.0,0
12411,52,Female,Married,90385.71,Full-time,South,Yes,11.7,1
13217,25,Male,Divorced,80708.22,Part-time,South,Yes,11.0,0
15437,48,Other,Single,48430.92,Contract,West,No,4.0,0
12536,46,Female,Married,92520.77,Full-time,South,Yes,6.5,1
18115,27,Male,Married,70957.27,Full-time,West,Yes,2.2,1
12765,36,Male,Single,68441.63,Full-time,Midwest,Yes,11.3,1
12048,25,Female,Married,39651.37,Full-time,South,No,0.3,0
18475,57,Female,Married,82718.81,Full-time,Midwest,Yes,4.6,1
11309,33,Female,Married,73100.09,Part-time,West,No,4.6,0
16287,55,Female,Single,67525.51,Contract,South,Yes,5.7,1
15203,44,Female,Single,55303.48,Full-time,South,Yes,0.1,1
11003,54,Female,Single,75603.0,Full-time,Midwest,Yes,2.1,1
12341,60,Female,Single,103896.82,Full-time,South,Yes,2.5,1
12659,46,Male,Single,66744.43,Contract,West,Yes,2.6,1
16918,64,Male,Married,73923.65,Full-time,Midwest,No,0.5,1
11783,62,Male,Single,83348.98,Full-time,Northeast,No,0.5,1
14916,43,Female,Single,54483.17,Full-time,Northeast,Yes,0.1,1
15993,40,Female,Single,81685.27,Full-time,South,Yes,0.6,1
13881,43,Male,Single,67789.72,Part-time,West,Yes,0.0,1
10768,24,Male,Single,57847.0,Full-time,Northeast,Yes,5.9,0
15963,23,Female,Single,95694.22,Full-time,Midwest,No,4.2,0
17085,63,Male,Married,48499.06,Part-time,West,Yes,4.2,0
10032,36,Male,Married,59188.66,Full-time,Northeast,Yes,0.4,1
16255,26,Male,Married,44321.28,Part-time,West,No,8.5,0
16526,36,Male,Married,71413.64,Part-time,Northeast,No,6.4,0
11244,48,Female,Single,86392.37,Full-time,Midwest,Yes,0.1,1
17086,63,Female,Married,58366.79,Full-time,West,No,0.3,0
18196,46,Female,Married,79320.46,Full-time,South,Yes,2.7,1
11945,25,Female,Married,67995.35,Full-time,West,No,8.5,0
12678,34,Male,Single,53645.21,Full-time,West,Yes,7.6,1
15603,49,Female,Married,70728.13,Full-time,Northeast,Yes,0.2,1
12788,32,Female,Married,65860.84,Full-time,South,Yes,3.1,1
16209,35,Female,Single,54577.45,Full-time,Northeast,No,4.0,0
15020,22,Male,Married,57429.58,Full-time,Northeast,No,7.7,0
16568,37,Female,Widowed,46913.13,Full-time,Northeast,Yes,2.9,1
15209,46,Male,Single,65172.88,Full-time,Midwest,Yes,0.1,1
19150,41,Female,Married,88464.22,Contract,South,No,0.5,0
10241,28,Female,Single,68877.04,Part-time,Northeast,No,0.6,0
19021,43,Male,Married,70726.13,Contract,Midwest,Yes,1.2,1
15585,40,Male,Single,83085.61,Contract,Midwest,Yes,2.3,1
13567,31,Female,Married,72714.68,Part-time,South,No,9.2,0
14258,43,Male,Married,47385.32,Full-time,Northeast,Yes,2.1,1
18491,63,Male,Divorced,67476.53,Full-time,Northeast,No,0.8,1
16044,52,Male,Married,43807.85,Part-time,West,No,0.3,0
13990,25,Female,Single,77119.55,Contract,Midwest,No,5.7,0
15941,39,Male,Married,58146.27,Full-time,South,No,7.5,0
10794,64,Female,Single,47766.6,Full-time,Northeast,Yes,2.3,1
16984,49,Female,Single,78460.59,Full-time,West,Yes,3.2,1
17535,22,Male,Single,84364.56,Full-time,West,No,1.1,0
14010,38,Male,Divorced,65497.72,Part-time,South,No,3.0,0
16274,25,Female,Divorced,49514.74,Full-time,Northeast,Yes,4.5,0
18409,61,Male,Single,41714.21,Full-time,Northeast,No,5.7,0
15347,53,Female,Married,109908.58,Part-time,West,Yes,0.1,1
13903,37,Male,Married,91185.43,Full-time,Northeast,No,12.0,1
18320,44,Male,Single,51625.41,Full-time,Midwest,Yes,4.1,1
15308,57,Male,Single,34004.09,Full-time,South,Yes,5.3,1
15049,36,Male,Married,58669.0,Full-time,West,No,5.8,0
18220,64,Male,Single,68126.72,Full-time,South,No,19.3,1
12352,38,Male,Single,48950.35,Part-time,Northeast,Yes,2.0,0
11928,47,Female,Married,58800.18,Full-time,Northeast,Yes,19.3,1
19685,52,Male,Single,53370.13,Full-time,Midwest,Yes,3.2,1
19509,36,Female,Married,63965.42,Full-time,West,No,3.0,1
18192,35,Female,Single,43883.62,Full-time,South,No,7.6,0
17047,42,Female,Single,43967.41,Full-time,West,No,0.8,0
13635,50,Female,Married,63593.16,Full-time,Northeast,No,4.8,1
18779,40,Male,Married,92927.15,Part-time,South,Yes,5.3,1
14297,63,Male,Widowed,74482.17,Part-time,South,Yes,0.5,1
11550,28,Female,Single,64113.03,Part-time,South,Yes,1.1,0
19514,31,Female,Married,66983.36,Full-time,Northeast,No,5.6,1
17684,24,Male,Divorced,60188.68,Part-time,Northeast,No,1.3,0
14138,36,Male,Single,62391.19,Full-time,West,Yes,3.0,1
19481,34,Male,Married,66971.24,Full-time,Midwest,Yes,10.6,1
15865,27,Male,Married,86072.07,Full-time,West,Yes,3.6,1
15554,56,Male,Single,95794.23,Full-time,West,Yes,4.5,1
16345,52,Male,Married,70645.0,Full-time,Midwest,Yes,9.5,1
13308,44,Female,Single,58831.54,Full-time,South,No,8.7,0
12274,53,Male,Widowed,53412.24,Full-time,Northeast,No,0.6,0
16431,44,Male,Single,55337.63,Full-time,West,No,2.1,0
18553,46,Female,Married,64961.42,Full-time,Northeast,No,1.9,1
16833,34,Male,Married,69431.75,Full-time,Northeast,Yes,5.8,1
13380,35,Male,Divorced,79691.24,Part-time,Midwest,Yes,1.2,1
18569,47,Female,Married,82051.22,Full-time,West,Yes,2.6,1
11039,39,Female,Divorced,44800.87,Contract,Northeast,Yes,8.2,0
